solid OpenSCAD_Model
  facet normal -0.866026 -0.497259 0.0522642
    outer loop
      vertex 0.340742 3.05325 13.0891
      vertex 0.999004 3.51864 28.4245
      vertex 0.340742 4.65254 28.3053
    endloop
  endfacet
  facet normal -0.866024 -0.497263 0.0522642
    outer loop
      vertex 0.999004 3.51864 28.4245
      vertex 0.340742 3.05325 13.0891
      vertex 0.999004 1.91936 13.2083
    endloop
  endfacet
  facet normal -0.965926 -0.257402 0.0270541
    outer loop
      vertex 0 4.31795 12.9562
      vertex 0.340742 4.65254 28.3053
      vertex 0 5.91724 28.1724
    endloop
  endfacet
  facet normal -0.965926 -0.257402 0.0270541
    outer loop
      vertex 0.340742 4.65254 28.3053
      vertex 0 4.31795 12.9562
      vertex 0.340742 3.05325 13.0891
    endloop
  endfacet
  facet normal -0.258813 -0.960636 0.100967
    outer loop
      vertex 3.07007 1.93816 28.5906
      vertex 4.34174 4.19254e-07 13.41
      vertex 4.34174 1.59929 28.6262
    endloop
  endfacet
  facet normal -0.258817 -0.960635 0.100967
    outer loop
      vertex 4.34174 4.19254e-07 13.41
      vertex 3.07007 1.93816 28.5906
      vertex 3.07007 0.338876 13.3744
    endloop
  endfacet
  facet normal -1 0 0
    outer loop
      vertex 0 123.279 0.452836
      vertex 0 5.91724 28.1724
      vertex 0 124.878 15.669
    endloop
  endfacet
  facet normal -1 0 -0
    outer loop
      vertex 0 5.91724 28.1724
      vertex 0 123.279 0.452836
      vertex 0 4.31795 12.9562
    endloop
  endfacet
  facet normal 0 -0.994522 0.104529
    outer loop
      vertex 4.34174 4.19254e-07 13.41
      vertex 313.658 1.59929 28.6262
      vertex 4.34174 1.59929 28.6262
    endloop
  endfacet
  facet normal 0 -0.994522 0.104529
    outer loop
      vertex 313.658 1.59929 28.6262
      vertex 4.34174 4.19254e-07 13.41
      vertex 313.658 4.19254e-07 13.41
    endloop
  endfacet
  facet normal -0.500003 -0.86128 0.090524
    outer loop
      vertex 1.92993 2.59282 28.5218
      vertex 3.07007 0.338876 13.3744
      vertex 3.07007 1.93816 28.5906
    endloop
  endfacet
  facet normal -0.500001 -0.861281 0.0905243
    outer loop
      vertex 3.07007 0.338876 13.3744
      vertex 1.92993 2.59282 28.5218
      vertex 1.92993 0.993532 13.3056
    endloop
  endfacet
  facet normal -0.707104 -0.703236 0.0739127
    outer loop
      vertex 0.999004 1.91936 13.2083
      vertex 1.92993 2.59282 28.5218
      vertex 0.999004 3.51864 28.4245
    endloop
  endfacet
  facet normal -0.707107 -0.703233 0.0739128
    outer loop
      vertex 1.92993 2.59282 28.5218
      vertex 0.999004 1.91936 13.2083
      vertex 1.92993 0.993532 13.3056
    endloop
  endfacet
  facet normal 0.500049 -0.861253 0.0905212
    outer loop
      vertex 314.93 0.338876 13.3744
      vertex 316.07 2.59282 28.5218
      vertex 314.93 1.93816 28.5906
    endloop
  endfacet
  facet normal 0.500047 -0.861254 0.0905215
    outer loop
      vertex 316.07 2.59282 28.5218
      vertex 314.93 0.338876 13.3744
      vertex 316.07 0.993532 13.3056
    endloop
  endfacet
  facet normal 0.258751 -0.960653 0.100969
    outer loop
      vertex 313.658 4.19254e-07 13.41
      vertex 314.93 1.93816 28.5906
      vertex 313.658 1.59929 28.6262
    endloop
  endfacet
  facet normal 0.258755 -0.960652 0.100968
    outer loop
      vertex 314.93 1.93816 28.5906
      vertex 313.658 4.19254e-07 13.41
      vertex 314.93 0.338876 13.3744
    endloop
  endfacet
  facet normal 1 -0 0
    outer loop
      vertex 318 26.3014 17.7847
      vertex 318 124.878 15.669
      vertex 318 27.0331 24.7464
    endloop
  endfacet
  facet normal 1 0 0
    outer loop
      vertex 318 5.91724 28.1724
      vertex 318 27.0331 24.7464
      vertex 318 124.878 15.669
    endloop
  endfacet
  facet normal 1 0 0
    outer loop
      vertex 318 12.1152 26.3143
      vertex 318 5.91724 28.1724
      vertex 318 11.3835 19.3527
    endloop
  endfacet
  facet normal 1 0 0
    outer loop
      vertex 318 27.0331 24.7464
      vertex 318 5.91724 28.1724
      vertex 318 12.1152 26.3143
    endloop
  endfacet
  facet normal 1 0 0
    outer loop
      vertex 318 124.878 15.669
      vertex 318 26.3014 17.7847
      vertex 318 123.279 0.452836
    endloop
  endfacet
  facet normal 1 0 0
    outer loop
      vertex 318 4.31795 12.9562
      vertex 318 26.3014 17.7847
      vertex 318 11.3835 19.3527
    endloop
  endfacet
  facet normal 1 0 0
    outer loop
      vertex 318 26.3014 17.7847
      vertex 318 4.31795 12.9562
      vertex 318 123.279 0.452836
    endloop
  endfacet
  facet normal 1 0 0
    outer loop
      vertex 318 4.31795 12.9562
      vertex 318 11.3835 19.3527
      vertex 318 5.91724 28.1724
    endloop
  endfacet
  facet normal 0.707076 -0.703264 0.0739157
    outer loop
      vertex 316.07 2.59282 28.5218
      vertex 317.001 1.91936 13.2083
      vertex 317.001 3.51864 28.4245
    endloop
  endfacet
  facet normal 0.707079 -0.703261 0.0739157
    outer loop
      vertex 317.001 1.91936 13.2083
      vertex 316.07 2.59282 28.5218
      vertex 316.07 0.993532 13.3056
    endloop
  endfacet
  facet normal 0.866113 -0.497111 0.0522486
    outer loop
      vertex 317.001 3.51864 28.4245
      vertex 317.659 3.05325 13.0891
      vertex 317.659 4.65254 28.3053
    endloop
  endfacet
  facet normal 0.866111 -0.497114 0.0522486
    outer loop
      vertex 317.659 3.05325 13.0891
      vertex 317.001 3.51864 28.4245
      vertex 317.001 1.91936 13.2083
    endloop
  endfacet
  facet normal 0.965877 -0.257584 0.0270732
    outer loop
      vertex 317.659 4.65254 28.3053
      vertex 318 4.31795 12.9562
      vertex 318 5.91724 28.1724
    endloop
  endfacet
  facet normal 0.965877 -0.257584 0.0270732
    outer loop
      vertex 318 4.31795 12.9562
      vertex 317.659 4.65254 28.3053
      vertex 317.659 3.05325 13.0891
    endloop
  endfacet
  facet normal 0.965892 0.257528 -0.0270624
    outer loop
      vertex 318 124.878 15.669
      vertex 317.659 124.544 0.31991
      vertex 317.659 126.143 15.5361
    endloop
  endfacet
  facet normal 0.965892 0.257527 -0.0270624
    outer loop
      vertex 317.659 124.544 0.31991
      vertex 318 124.878 15.669
      vertex 318 123.279 0.452836
    endloop
  endfacet
  facet normal 0.866131 0.497079 -0.0522359
    outer loop
      vertex 317.659 126.143 15.5361
      vertex 317.001 125.678 0.200733
      vertex 317.001 127.277 15.4169
    endloop
  endfacet
  facet normal 0.866131 0.49708 -0.0522359
    outer loop
      vertex 317.001 125.678 0.200733
      vertex 317.659 126.143 15.5361
      vertex 317.659 124.544 0.31991
    endloop
  endfacet
  facet normal 0.500242 0.861144 -0.0904938
    outer loop
      vertex 316.07 126.604 0.103425
      vertex 314.93 128.858 15.2508
      vertex 316.07 128.203 15.3196
    endloop
  endfacet
  facet normal 0.499675 0.861463 -0.0905839
    outer loop
      vertex 314.93 128.858 15.2508
      vertex 316.07 126.604 0.103425
      vertex 314.93 127.258 0.0346177
    endloop
  endfacet
  facet normal 0 0.994524 -0.10451
    outer loop
      vertex 313.658 127.597 -0.000999581
      vertex 4.34174 129.196 15.2152
      vertex 313.658 129.196 15.2152
    endloop
  endfacet
  facet normal 0 0.994524 -0.10451
    outer loop
      vertex 4.34174 129.196 15.2152
      vertex 313.658 127.597 -0.000999581
      vertex 4.34174 127.597 -0.000999581
    endloop
  endfacet
  facet normal 0.707144 0.703198 -0.0738959
    outer loop
      vertex 317.001 127.277 15.4169
      vertex 316.07 126.604 0.103425
      vertex 316.07 128.203 15.3196
    endloop
  endfacet
  facet normal 0.707144 0.703197 -0.0738959
    outer loop
      vertex 316.07 126.604 0.103425
      vertex 317.001 127.277 15.4169
      vertex 317.001 125.678 0.200733
    endloop
  endfacet
  facet normal 0.258137 0.960811 -0.10103
    outer loop
      vertex 314.93 127.258 0.0346177
      vertex 313.658 129.196 15.2152
      vertex 314.93 128.858 15.2508
    endloop
  endfacet
  facet normal 0.258844 0.96063 -0.100948
    outer loop
      vertex 313.658 129.196 15.2152
      vertex 314.93 127.258 0.0346177
      vertex 313.658 127.597 -0.000999581
    endloop
  endfacet
  facet normal -0.965941 0.257346 -0.0270433
    outer loop
      vertex 0.340742 124.544 0.31991
      vertex 0 124.878 15.669
      vertex 0.340742 126.143 15.5361
    endloop
  endfacet
  facet normal -0.965941 0.257345 -0.0270433
    outer loop
      vertex 0 124.878 15.669
      vertex 0.340742 124.544 0.31991
      vertex 0 123.279 0.452836
    endloop
  endfacet
  facet normal -0.707172 0.70317 -0.073893
    outer loop
      vertex 1.92993 126.604 0.103425
      vertex 0.999004 127.277 15.4169
      vertex 1.92993 128.203 15.3196
    endloop
  endfacet
  facet normal -0.707172 0.703169 -0.073893
    outer loop
      vertex 0.999004 127.277 15.4169
      vertex 1.92993 126.604 0.103425
      vertex 0.999004 125.678 0.200733
    endloop
  endfacet
  facet normal -0.866045 0.497228 -0.0522515
    outer loop
      vertex 0.999004 125.678 0.200733
      vertex 0.340742 126.143 15.5361
      vertex 0.999004 127.277 15.4169
    endloop
  endfacet
  facet normal -0.866045 0.497229 -0.0522515
    outer loop
      vertex 0.340742 126.143 15.5361
      vertex 0.999004 125.678 0.200733
      vertex 0.340742 124.544 0.31991
    endloop
  endfacet
  facet normal -0.500196 0.861171 -0.0904966
    outer loop
      vertex 3.07007 128.858 15.2508
      vertex 1.92993 126.604 0.103425
      vertex 1.92993 128.203 15.3196
    endloop
  endfacet
  facet normal -0.499629 0.86149 -0.0905867
    outer loop
      vertex 1.92993 126.604 0.103425
      vertex 3.07007 128.858 15.2508
      vertex 3.07007 127.258 0.0346177
    endloop
  endfacet
  facet normal -0.2582 0.960794 -0.101029
    outer loop
      vertex 4.34174 129.196 15.2152
      vertex 3.07007 127.258 0.0346177
      vertex 3.07007 128.858 15.2508
    endloop
  endfacet
  facet normal -0.258906 0.960613 -0.100946
    outer loop
      vertex 3.07007 127.258 0.0346177
      vertex 4.34174 129.196 15.2152
      vertex 4.34174 127.597 -0.000999581
    endloop
  endfacet
  facet normal -9.36049e-05 0.104537 0.994521
    outer loop
      vertex 5.37533 6.57113 28.1036
      vertex 5.8996 7.8369 27.9706
      vertex 5.6363 8.29046 27.9229
    endloop
  endfacet
  facet normal 0.000276363 0.104493 0.994526
    outer loop
      vertex 5.8996 7.8369 27.9706
      vertex 5.58062 6.19976 28.1427
      vertex 5.68659 5.78927 28.1858
    endloop
  endfacet
  facet normal -0.000151581 0.104546 0.99452
    outer loop
      vertex 5.37533 6.57113 28.1036
      vertex 5.6363 8.29046 27.9229
      vertex 5.5 8.79634 27.8697
    endloop
  endfacet
  facet normal -0.000217473 0.104588 0.994516
    outer loop
      vertex 5.8996 7.8369 27.9706
      vertex 5.37533 6.57113 28.1036
      vertex 5.58062 6.19976 28.1427
    endloop
  endfacet
  facet normal 0.000171818 0.104528 0.994522
    outer loop
      vertex 5.5 120.01 16.1807
      vertex 5.37533 6.57113 28.1036
      vertex 5.5 8.79634 27.8697
    endloop
  endfacet
  facet normal -8.48969e-05 0.104473 0.994528
    outer loop
      vertex 3.89326 123.531 15.8106
      vertex 5.8996 120.97 16.0798
      vertex 4.31855 123.558 15.8078
    endloop
  endfacet
  facet normal 0.000241393 0.104528 0.994522
    outer loop
      vertex 5.5 120.01 16.1807
      vertex 5.08362 6.88007 28.0712
      vertex 5.37533 6.57113 28.1036
    endloop
  endfacet
  facet normal -3.58237e-05 0.104511 0.994524
    outer loop
      vertex 5.8996 120.97 16.0798
      vertex 3.89326 123.531 15.8106
      vertex 5.6363 120.516 16.1275
    endloop
  endfacet
  facet normal -9.04504e-05 0.104529 0.994522
    outer loop
      vertex 5.5 120.01 16.1807
      vertex 4.72382 7.10715 28.0473
      vertex 5.08362 6.88007 28.0712
    endloop
  endfacet
  facet normal 9.37603e-06 0.104537 0.994521
    outer loop
      vertex 3.47467 123.61 15.8023
      vertex 5.6363 120.516 16.1275
      vertex 3.89326 123.531 15.8106
    endloop
  endfacet
  facet normal -8.69521e-05 0.104529 0.994522
    outer loop
      vertex 5.5 120.01 16.1807
      vertex 4.31855 7.23811 28.0335
      vertex 4.72382 7.10715 28.0473
    endloop
  endfacet
  facet normal 3.25492e-05 0.104553 0.994519
    outer loop
      vertex 5.6363 120.516 16.1275
      vertex 3.47467 123.61 15.8023
      vertex 5.5 120.01 16.1807
    endloop
  endfacet
  facet normal -7.42457e-06 0.104529 0.994522
    outer loop
      vertex 5.5 120.01 16.1807
      vertex 3.89326 7.26472 28.0307
      vertex 4.31855 7.23811 28.0335
    endloop
  endfacet
  facet normal 8.80148e-05 0.104584 0.994516
    outer loop
      vertex 3.0891 123.791 15.7833
      vertex 5.5 120.01 16.1807
      vertex 3.47467 123.61 15.8023
    endloop
  endfacet
  facet normal 0.000127877 0.104527 0.994522
    outer loop
      vertex 5.5 120.01 16.1807
      vertex 3.47467 7.18531 28.0391
      vertex 3.89326 7.26472 28.0307
    endloop
  endfacet
  facet normal -2.13522e-05 0.104515 0.994523
    outer loop
      vertex 5.5 120.01 16.1807
      vertex 3.0891 123.791 15.7833
      vertex 0 124.878 15.669
    endloop
  endfacet
  facet normal -8.61802e-06 0.104529 0.994522
    outer loop
      vertex 0 5.91724 28.1724
      vertex 5.5 120.01 16.1807
      vertex 0 124.878 15.669
    endloop
  endfacet
  facet normal 2.04263e-05 0.104633 0.994511
    outer loop
      vertex 0 124.878 15.669
      vertex 3.0891 123.791 15.7833
      vertex 2.76075 124.061 15.7549
    endloop
  endfacet
  facet normal 5.74529e-06 0.104529 0.994522
    outer loop
      vertex 5.5 120.01 16.1807
      vertex 0 5.91724 28.1724
      vertex 3.47467 7.18531 28.0391
    endloop
  endfacet
  facet normal -6.9268e-05 0.104333 0.994542
    outer loop
      vertex 0 124.878 15.669
      vertex 2.76075 124.061 15.7549
      vertex 2.51028 124.404 15.7189
    endloop
  endfacet
  facet normal 0.000620634 0.102862 0.994695
    outer loop
      vertex 3.47467 7.18531 28.0391
      vertex 0 5.91724 28.1724
      vertex 3.0891 7.00487 28.058
    endloop
  endfacet
  facet normal -4.02293e-05 0.104485 0.994526
    outer loop
      vertex 0 124.878 15.669
      vertex 2.51028 124.404 15.7189
      vertex 2.35341 124.798 15.6775
    endloop
  endfacet
  facet normal 3.19253e-05 0.104516 0.994523
    outer loop
      vertex 3.0891 7.00487 28.058
      vertex 0 5.91724 28.1724
      vertex 2.76075 6.73473 28.0864
    endloop
  endfacet
  facet normal -3.43575e-05 0.104656 0.994509
    outer loop
      vertex 0 124.878 15.669
      vertex 2.35341 124.798 15.6775
      vertex 2.3 125.218 15.6333
    endloop
  endfacet
  facet normal -3.40919e-05 0.104737 0.9945
    outer loop
      vertex 2.76075 6.73473 28.0864
      vertex 0 5.91724 28.1724
      vertex 2.51028 6.39187 28.1225
    endloop
  endfacet
  facet normal 9.28702e-06 0.104592 0.994515
    outer loop
      vertex 315.084 123.916 15.7702
      vertex 318 124.878 15.669
      vertex 315.375 124.225 15.7377
    endloop
  endfacet
  facet normal -1.54298e-05 0.104419 0.994533
    outer loop
      vertex 318 5.91724 28.1724
      vertex 315.581 6.19976 28.1427
      vertex 315.687 5.78927 28.1858
    endloop
  endfacet
  facet normal -6.11294e-05 0.104803 0.994493
    outer loop
      vertex 314.724 123.689 15.7941
      vertex 318 124.878 15.669
      vertex 315.084 123.916 15.7702
    endloop
  endfacet
  facet normal 1.99375e-05 0.104718 0.994502
    outer loop
      vertex 318 5.91724 28.1724
      vertex 315.375 6.57113 28.1036
      vertex 315.581 6.19976 28.1427
    endloop
  endfacet
  facet normal 6.31988e-06 0.104529 0.994522
    outer loop
      vertex 318 124.878 15.669
      vertex 310.5 120.01 16.1807
      vertex 318 5.91724 28.1724
    endloop
  endfacet
  facet normal -0.00011062 0.1042 0.994556
    outer loop
      vertex 318 5.91724 28.1724
      vertex 315.084 6.88007 28.0712
      vertex 315.375 6.57113 28.1036
    endloop
  endfacet
  facet normal 8.14152e-05 0.104415 0.994534
    outer loop
      vertex 318 124.878 15.669
      vertex 314.724 123.689 15.7941
      vertex 310.5 120.01 16.1807
    endloop
  endfacet
  facet normal -1.0796e-05 0.104528 0.994522
    outer loop
      vertex 314.724 7.10715 28.0473
      vertex 318 5.91724 28.1724
      vertex 310.5 120.01 16.1807
    endloop
  endfacet
  facet normal -0.000257263 0.1048 0.994493
    outer loop
      vertex 310.5 120.01 16.1807
      vertex 314.724 123.689 15.7941
      vertex 314.319 123.558 15.8078
    endloop
  endfacet
  facet normal 9.81454e-05 0.104825 0.994491
    outer loop
      vertex 318 5.91724 28.1724
      vertex 314.724 7.10715 28.0473
      vertex 315.084 6.88007 28.0712
    endloop
  endfacet
  facet normal -9.4555e-05 0.104626 0.994512
    outer loop
      vertex 310.5 120.01 16.1807
      vertex 314.319 123.558 15.8078
      vertex 313.893 123.531 15.8106
    endloop
  endfacet
  facet normal -1.39813e-05 0.104528 0.994522
    outer loop
      vertex 310.5 8.79634 27.8697
      vertex 314.724 7.10715 28.0473
      vertex 310.5 120.01 16.1807
    endloop
  endfacet
  facet normal 7.77406e-06 0.104529 0.994522
    outer loop
      vertex 310.5 120.01 16.1807
      vertex 313.893 123.531 15.8106
      vertex 313.475 123.61 15.8023
    endloop
  endfacet
  facet normal -0.000397448 0.10358 0.994621
    outer loop
      vertex 314.724 7.10715 28.0473
      vertex 310.5 8.79634 27.8697
      vertex 314.319 7.23811 28.0335
    endloop
  endfacet
  facet normal 4.25569e-05 0.104489 0.994526
    outer loop
      vertex 310.364 120.516 16.1275
      vertex 313.475 123.61 15.8023
      vertex 313.089 123.791 15.7833
    endloop
  endfacet
  facet normal -7.65286e-06 0.104525 0.994522
    outer loop
      vertex 314.319 7.23811 28.0335
      vertex 310.5 8.79634 27.8697
      vertex 313.893 7.26472 28.0307
    endloop
  endfacet
  facet normal -3.52495e-05 0.104566 0.994518
    outer loop
      vertex 310.1 120.97 16.0798
      vertex 313.089 123.791 15.7833
      vertex 312.761 124.061 15.7549
    endloop
  endfacet
  facet normal 8.81155e-05 0.104735 0.9945
    outer loop
      vertex 313.893 7.26472 28.0307
      vertex 310.5 8.79634 27.8697
      vertex 313.475 7.18531 28.0391
    endloop
  endfacet
  facet normal 8.19499e-05 0.104442 0.994531
    outer loop
      vertex 309.728 121.34 16.0409
      vertex 312.761 124.061 15.7549
      vertex 312.51 124.404 15.7189
    endloop
  endfacet
  facet normal -0.000101344 0.104388 0.994537
    outer loop
      vertex 313.475 7.18531 28.0391
      vertex 310.5 8.79634 27.8697
      vertex 313.089 7.00487 28.058
    endloop
  endfacet
  facet normal 1.75059e-05 0.104508 0.994524
    outer loop
      vertex 309.272 121.602 16.0134
      vertex 312.51 124.404 15.7189
      vertex 312.353 124.798 15.6775
    endloop
  endfacet
  facet normal 3.13715e-05 0.104578 0.994517
    outer loop
      vertex 310.364 8.29046 27.9229
      vertex 313.089 7.00487 28.058
      vertex 310.5 8.79634 27.8697
    endloop
  endfacet
  facet normal -0.000107194 0.104647 0.994509
    outer loop
      vertex 308.763 121.738 15.9991
      vertex 312.353 124.798 15.6775
      vertex 312.3 125.218 15.6333
    endloop
  endfacet
  facet normal 1.27488e-05 0.104539 0.994521
    outer loop
      vertex 313.089 7.00487 28.058
      vertex 310.364 8.29046 27.9229
      vertex 312.761 6.73473 28.0864
    endloop
  endfacet
  facet normal -3.34208e-06 0.104483 0.994527
    outer loop
      vertex 315.687 125.43 15.611
      vertex 318 124.878 15.669
      vertex 317.659 126.143 15.5361
    endloop
  endfacet
  facet normal 2.35733e-05 0.10454 0.994521
    outer loop
      vertex 315.581 124.596 15.6987
      vertex 318 124.878 15.669
      vertex 315.687 125.006 15.6556
    endloop
  endfacet
  facet normal 2.44429e-05 0.104553 0.994519
    outer loop
      vertex 315.581 125.841 15.5679
      vertex 317.659 126.143 15.5361
      vertex 317.001 127.277 15.4169
    endloop
  endfacet
  facet normal 2.45266e-05 0.104532 0.994522
    outer loop
      vertex 315.375 124.225 15.7377
      vertex 318 124.878 15.669
      vertex 315.581 124.596 15.6987
    endloop
  endfacet
  facet normal 2.33488e-05 0.104524 0.994522
    outer loop
      vertex 315.084 126.521 15.4964
      vertex 317.001 127.277 15.4169
      vertex 316.07 128.203 15.3196
    endloop
  endfacet
  facet normal -1.59744e-05 0.104428 0.994532
    outer loop
      vertex 315.687 5.36547 28.2303
      vertex 318 5.91724 28.1724
      vertex 315.687 5.78927 28.1858
    endloop
  endfacet
  facet normal 2.75828e-05 0.104612 0.994513
    outer loop
      vertex 318 124.878 15.669
      vertex 315.687 125.43 15.611
      vertex 315.687 125.006 15.6556
    endloop
  endfacet
  facet normal 6.01618e-05 0.10431 0.994545
    outer loop
      vertex 317.659 126.143 15.5361
      vertex 315.581 125.841 15.5679
      vertex 315.687 125.43 15.611
    endloop
  endfacet
  facet normal -0.000153049 0.104726 0.994501
    outer loop
      vertex 317.001 127.277 15.4169
      vertex 315.375 126.212 15.5288
      vertex 315.581 125.841 15.5679
    endloop
  endfacet
  facet normal 8.7046e-05 0.104364 0.994539
    outer loop
      vertex 317.001 127.277 15.4169
      vertex 315.084 126.521 15.4964
      vertex 315.375 126.212 15.5288
    endloop
  endfacet
  facet normal 1.7813e-05 0.104494 0.994526
    outer loop
      vertex 314.724 126.748 15.4725
      vertex 316.07 128.203 15.3196
      vertex 314.93 128.858 15.2508
    endloop
  endfacet
  facet normal -7.93846e-05 0.104583 0.994516
    outer loop
      vertex 316.07 128.203 15.3196
      vertex 314.724 126.748 15.4725
      vertex 315.084 126.521 15.4964
    endloop
  endfacet
  facet normal -8.49514e-05 0.104504 0.994524
    outer loop
      vertex 314.93 128.858 15.2508
      vertex 314.319 126.879 15.4587
      vertex 314.724 126.748 15.4725
    endloop
  endfacet
  facet normal 0.000312402 0.104383 0.994537
    outer loop
      vertex 314.93 128.858 15.2508
      vertex 313.893 126.906 15.456
      vertex 314.319 126.879 15.4587
    endloop
  endfacet
  facet normal -4.68925e-05 0.104572 0.994517
    outer loop
      vertex 313.658 129.196 15.2152
      vertex 313.893 126.906 15.456
      vertex 314.93 128.858 15.2508
    endloop
  endfacet
  facet normal -0.000261871 0.10455 0.99452
    outer loop
      vertex 313.658 129.196 15.2152
      vertex 313.475 126.826 15.4643
      vertex 313.893 126.906 15.456
    endloop
  endfacet
  facet normal 0.000216524 0.104513 0.994523
    outer loop
      vertex 313.658 129.196 15.2152
      vertex 313.089 126.646 15.4833
      vertex 313.475 126.826 15.4643
    endloop
  endfacet
  facet normal 4.80676e-05 0.10455 0.99452
    outer loop
      vertex 313.658 129.196 15.2152
      vertex 312.761 126.376 15.5117
      vertex 313.089 126.646 15.4833
    endloop
  endfacet
  facet normal -0.000446117 0.104706 0.994503
    outer loop
      vertex 313.658 129.196 15.2152
      vertex 312.51 126.033 15.5477
      vertex 312.761 126.376 15.5117
    endloop
  endfacet
  facet normal -4.44445e-05 0.104562 0.994518
    outer loop
      vertex 308.763 121.738 15.9991
      vertex 312.51 126.033 15.5477
      vertex 313.658 129.196 15.2152
    endloop
  endfacet
  facet normal 8.5514e-05 0.10465 0.994509
    outer loop
      vertex 312.761 6.73473 28.0864
      vertex 310.364 8.29046 27.9229
      vertex 312.51 6.39187 28.1225
    endloop
  endfacet
  facet normal 0.000141637 0.104397 0.994536
    outer loop
      vertex 308.763 121.738 15.9991
      vertex 312.3 125.218 15.6333
      vertex 312.353 125.639 15.5891
    endloop
  endfacet
  facet normal -2.47265e-05 0.104555 0.994519
    outer loop
      vertex 313.475 123.61 15.8023
      vertex 310.364 120.516 16.1275
      vertex 310.5 120.01 16.1807
    endloop
  endfacet
  facet normal 4.78661e-05 0.104482 0.994527
    outer loop
      vertex 312.51 126.033 15.5477
      vertex 308.763 121.738 15.9991
      vertex 312.353 125.639 15.5891
    endloop
  endfacet
  facet normal 2.33282e-05 0.104504 0.994524
    outer loop
      vertex 313.089 123.791 15.7833
      vertex 310.1 120.97 16.0798
      vertex 310.364 120.516 16.1275
    endloop
  endfacet
  facet normal -1.25339e-05 0.104546 0.99452
    outer loop
      vertex 312.761 124.061 15.7549
      vertex 309.728 121.34 16.0409
      vertex 310.1 120.97 16.0798
    endloop
  endfacet
  facet normal 4.86489e-05 0.104472 0.994528
    outer loop
      vertex 312.51 124.404 15.7189
      vertex 309.272 121.602 16.0134
      vertex 309.728 121.34 16.0409
    endloop
  endfacet
  facet normal -9.91711e-06 0.104534 0.994521
    outer loop
      vertex 312.353 124.798 15.6775
      vertex 308.763 121.738 15.9991
      vertex 309.272 121.602 16.0134
    endloop
  endfacet
  facet normal -0 0.104533 0.994521
    outer loop
      vertex 4.34174 129.196 15.2152
      vertex 308.763 121.738 15.9991
      vertex 313.658 129.196 15.2152
    endloop
  endfacet
  facet normal 1.12607e-05 0.104539 0.994521
    outer loop
      vertex 5.37533 124.225 15.7377
      vertex 7.2367 121.738 15.9991
      vertex 5.58062 124.596 15.6987
    endloop
  endfacet
  facet normal 1.60038e-05 0.104542 0.99452
    outer loop
      vertex 5.58062 124.596 15.6987
      vertex 7.2367 121.738 15.9991
      vertex 5.68659 125.006 15.6556
    endloop
  endfacet
  facet normal 0.000164631 0.104612 0.994513
    outer loop
      vertex 5.68659 125.006 15.6556
      vertex 7.2367 121.738 15.9991
      vertex 5.68659 125.43 15.611
    endloop
  endfacet
  facet normal 0 0.104518 0.994523
    outer loop
      vertex 308.763 121.738 15.9991
      vertex 5.58062 125.841 15.5679
      vertex 7.2367 121.738 15.9991
    endloop
  endfacet
  facet normal -0.00155304 0.103898 0.994587
    outer loop
      vertex 7.2367 121.738 15.9991
      vertex 5.58062 125.841 15.5679
      vertex 5.68659 125.43 15.611
    endloop
  endfacet
  facet normal 4.4425e-07 0.104551 0.99452
    outer loop
      vertex 308.763 121.738 15.9991
      vertex 4.34174 129.196 15.2152
      vertex 5.58062 125.841 15.5679
    endloop
  endfacet
  facet normal -0.00142725 0.104029 0.994573
    outer loop
      vertex 5.58062 125.841 15.5679
      vertex 4.34174 129.196 15.2152
      vertex 5.37533 126.212 15.5288
    endloop
  endfacet
  facet normal 0.000398465 0.104655 0.994509
    outer loop
      vertex 5.37533 126.212 15.5288
      vertex 4.34174 129.196 15.2152
      vertex 5.08362 126.521 15.4964
    endloop
  endfacet
  facet normal -0.000125371 0.104511 0.994524
    outer loop
      vertex 5.08362 126.521 15.4964
      vertex 4.34174 129.196 15.2152
      vertex 4.72382 126.748 15.4725
    endloop
  endfacet
  facet normal -8.0339e-05 0.104518 0.994523
    outer loop
      vertex 4.34174 129.196 15.2152
      vertex 4.31855 126.879 15.4587
      vertex 4.72382 126.748 15.4725
    endloop
  endfacet
  facet normal 0.000321347 0.104514 0.994523
    outer loop
      vertex 4.34174 129.196 15.2152
      vertex 3.89326 126.906 15.456
      vertex 4.31855 126.879 15.4587
    endloop
  endfacet
  facet normal 4.8131e-05 0.104567 0.994518
    outer loop
      vertex 3.07007 128.858 15.2508
      vertex 3.89326 126.906 15.456
      vertex 4.34174 129.196 15.2152
    endloop
  endfacet
  facet normal -0.000241496 0.104446 0.994531
    outer loop
      vertex 3.89326 126.906 15.456
      vertex 3.07007 128.858 15.2508
      vertex 3.47467 126.826 15.4643
    endloop
  endfacet
  facet normal -1.57551e-05 0.104491 0.994526
    outer loop
      vertex 1.92993 128.203 15.3196
      vertex 3.47467 126.826 15.4643
      vertex 3.07007 128.858 15.2508
    endloop
  endfacet
  facet normal 0.000143832 0.104668 0.994507
    outer loop
      vertex 3.47467 126.826 15.4643
      vertex 1.92993 128.203 15.3196
      vertex 3.0891 126.646 15.4833
    endloop
  endfacet
  facet normal 2.38911e-05 0.104579 0.994517
    outer loop
      vertex 3.0891 126.646 15.4833
      vertex 1.92993 128.203 15.3196
      vertex 2.76075 126.376 15.5117
    endloop
  endfacet
  facet normal -4.73075e-05 0.104547 0.99452
    outer loop
      vertex 0.999004 127.277 15.4169
      vertex 2.76075 126.376 15.5117
      vertex 1.92993 128.203 15.3196
    endloop
  endfacet
  facet normal -1.87032e-05 0.104508 0.994524
    outer loop
      vertex 2.51028 126.033 15.5477
      vertex 0.340742 126.143 15.5361
      vertex 2.35341 125.639 15.5891
    endloop
  endfacet
  facet normal -1.66495e-05 0.104548 0.99452
    outer loop
      vertex 0.340742 126.143 15.5361
      vertex 2.51028 126.033 15.5477
      vertex 0.999004 127.277 15.4169
    endloop
  endfacet
  facet normal -9.63431e-05 0.104452 0.99453
    outer loop
      vertex 2.76075 126.376 15.5117
      vertex 0.999004 127.277 15.4169
      vertex 2.51028 126.033 15.5477
    endloop
  endfacet
  facet normal -3.78258e-05 0.104519 0.994523
    outer loop
      vertex 318 5.91724 28.1724
      vertex 315.687 5.36547 28.2303
      vertex 317.659 4.65254 28.3053
    endloop
  endfacet
  facet normal 1.41315e-05 0.104661 0.994508
    outer loop
      vertex 315.581 4.95499 28.2735
      vertex 317.659 4.65254 28.3053
      vertex 315.687 5.36547 28.2303
    endloop
  endfacet
  facet normal -2.32745e-06 0.104549 0.99452
    outer loop
      vertex 317.659 4.65254 28.3053
      vertex 315.581 4.95499 28.2735
      vertex 317.001 3.51864 28.4245
    endloop
  endfacet
  facet normal -7.33651e-05 0.10448 0.994527
    outer loop
      vertex 315.375 4.58361 28.3125
      vertex 317.001 3.51864 28.4245
      vertex 315.581 4.95499 28.2735
    endloop
  endfacet
  facet normal 1.39156e-05 0.104611 0.994513
    outer loop
      vertex 315.084 4.27468 28.345
      vertex 317.001 3.51864 28.4245
      vertex 315.375 4.58361 28.3125
    endloop
  endfacet
  facet normal -1.60485e-05 0.104536 0.994521
    outer loop
      vertex 317.001 3.51864 28.4245
      vertex 315.084 4.27468 28.345
      vertex 316.07 2.59282 28.5218
    endloop
  endfacet
  facet normal 5.62885e-05 0.104578 0.994517
    outer loop
      vertex 314.724 4.04759 28.3689
      vertex 316.07 2.59282 28.5218
      vertex 315.084 4.27468 28.345
    endloop
  endfacet
  facet normal -3.6568e-06 0.104523 0.994522
    outer loop
      vertex 316.07 2.59282 28.5218
      vertex 314.724 4.04759 28.3689
      vertex 314.93 1.93816 28.5906
    endloop
  endfacet
  facet normal -0.000151939 0.104509 0.994524
    outer loop
      vertex 314.319 3.91663 28.3826
      vertex 314.93 1.93816 28.5906
      vertex 314.724 4.04759 28.3689
    endloop
  endfacet
  facet normal 5.59838e-06 0.104557 0.994519
    outer loop
      vertex 313.893 3.89002 28.3854
      vertex 314.93 1.93816 28.5906
      vertex 314.319 3.91663 28.3826
    endloop
  endfacet
  facet normal -1.75129e-05 0.104545 0.99452
    outer loop
      vertex 313.893 3.89002 28.3854
      vertex 313.658 1.59929 28.6262
      vertex 314.93 1.93816 28.5906
    endloop
  endfacet
  facet normal 0.000110914 0.104532 0.994522
    outer loop
      vertex 313.475 3.96943 28.3771
      vertex 313.658 1.59929 28.6262
      vertex 313.893 3.89002 28.3854
    endloop
  endfacet
  facet normal -9.31141e-05 0.104516 0.994523
    outer loop
      vertex 313.089 4.14988 28.3581
      vertex 313.658 1.59929 28.6262
      vertex 313.475 3.96943 28.3771
    endloop
  endfacet
  facet normal -1.77996e-05 0.104533 0.994521
    outer loop
      vertex 312.761 4.42002 28.3297
      vertex 313.658 1.59929 28.6262
      vertex 313.089 4.14988 28.3581
    endloop
  endfacet
  facet normal 0.000277425 0.104626 0.994512
    outer loop
      vertex 312.51 4.76288 28.2937
      vertex 313.658 1.59929 28.6262
      vertex 312.761 4.42002 28.3297
    endloop
  endfacet
  facet normal -3.1507e-05 0.104478 0.994527
    outer loop
      vertex 308.763 7.06916 28.0513
      vertex 312.51 4.76288 28.2937
      vertex 312.353 5.15692 28.2523
    endloop
  endfacet
  facet normal 2.16949e-05 0.104579 0.994517
    outer loop
      vertex 310.1 7.8369 27.9706
      vertex 312.51 6.39187 28.1225
      vertex 310.364 8.29046 27.9229
    endloop
  endfacet
  facet normal -2.57265e-05 0.1045 0.994525
    outer loop
      vertex 312.51 6.39187 28.1225
      vertex 310.1 7.8369 27.9706
      vertex 312.353 5.99783 28.1639
    endloop
  endfacet
  facet normal -2.94502e-05 0.104496 0.994525
    outer loop
      vertex 309.728 7.46657 28.0095
      vertex 312.353 5.99783 28.1639
      vertex 310.1 7.8369 27.9706
    endloop
  endfacet
  facet normal -6.02662e-07 0.104547 0.99452
    outer loop
      vertex 312.353 5.99783 28.1639
      vertex 309.728 7.46657 28.0095
      vertex 312.3 5.57737 28.2081
    endloop
  endfacet
  facet normal -3.39478e-05 0.104502 0.994525
    outer loop
      vertex 309.272 7.20471 28.037
      vertex 312.3 5.57737 28.2081
      vertex 309.728 7.46657 28.0095
    endloop
  endfacet
  facet normal -8.85443e-06 0.104548 0.99452
    outer loop
      vertex 312.3 5.57737 28.2081
      vertex 309.272 7.20471 28.037
      vertex 312.353 5.15692 28.2523
    endloop
  endfacet
  facet normal 6.77662e-05 0.104662 0.994508
    outer loop
      vertex 308.763 7.06916 28.0513
      vertex 312.353 5.15692 28.2523
      vertex 309.272 7.20471 28.037
    endloop
  endfacet
  facet normal -1.74094e-06 0.104526 0.994522
    outer loop
      vertex 312.51 4.76288 28.2937
      vertex 308.763 7.06916 28.0513
      vertex 313.658 1.59929 28.6262
    endloop
  endfacet
  facet normal 0 0.104527 0.994522
    outer loop
      vertex 4.34174 1.59929 28.6262
      vertex 308.763 7.06916 28.0513
      vertex 7.2367 7.06916 28.0513
    endloop
  endfacet
  facet normal 4.98928e-05 0.104516 0.994523
    outer loop
      vertex 5.68659 5.78927 28.1858
      vertex 6.27197 7.46657 28.0095
      vertex 5.8996 7.8369 27.9706
    endloop
  endfacet
  facet normal 4.35051e-05 0.104519 0.994523
    outer loop
      vertex 5.68659 5.78927 28.1858
      vertex 6.72803 7.20471 28.037
      vertex 6.27197 7.46657 28.0095
    endloop
  endfacet
  facet normal -8.19392e-05 0.10461 0.994513
    outer loop
      vertex 5.68659 5.78927 28.1858
      vertex 7.2367 7.06916 28.0513
      vertex 6.72803 7.20471 28.037
    endloop
  endfacet
  facet normal 6.96316e-05 0.104428 0.994532
    outer loop
      vertex 5.68659 5.36547 28.2303
      vertex 7.2367 7.06916 28.0513
      vertex 5.68659 5.78927 28.1858
    endloop
  endfacet
  facet normal -0.000269466 0.104733 0.9945
    outer loop
      vertex 5.58062 4.95499 28.2735
      vertex 7.2367 7.06916 28.0513
      vertex 5.68659 5.36547 28.2303
    endloop
  endfacet
  facet normal -1.05673e-05 0.104533 0.994521
    outer loop
      vertex 4.34174 1.59929 28.6262
      vertex 7.2367 7.06916 28.0513
      vertex 5.58062 4.95499 28.2735
    endloop
  endfacet
  facet normal -0.000493026 0.104709 0.994503
    outer loop
      vertex 4.34174 1.59929 28.6262
      vertex 5.58062 4.95499 28.2735
      vertex 5.37533 4.58361 28.3125
    endloop
  endfacet
  facet normal 0.000142633 0.104491 0.994526
    outer loop
      vertex 4.34174 1.59929 28.6262
      vertex 5.37533 4.58361 28.3125
      vertex 5.08362 4.27468 28.345
    endloop
  endfacet
  facet normal 0.000105338 0.104501 0.994525
    outer loop
      vertex 4.34174 1.59929 28.6262
      vertex 5.08362 4.27468 28.345
      vertex 4.72382 4.04759 28.3689
    endloop
  endfacet
  facet normal 0 0.104527 0.994522
    outer loop
      vertex 308.763 7.06916 28.0513
      vertex 4.34174 1.59929 28.6262
      vertex 313.658 1.59929 28.6262
    endloop
  endfacet
  facet normal -0.000162869 0.104543 0.99452
    outer loop
      vertex 4.31855 3.91663 28.3826
      vertex 4.34174 1.59929 28.6262
      vertex 4.72382 4.04759 28.3689
    endloop
  endfacet
  facet normal 6.40989e-06 0.104545 0.99452
    outer loop
      vertex 3.89326 3.89002 28.3854
      vertex 4.34174 1.59929 28.6262
      vertex 4.31855 3.91663 28.3826
    endloop
  endfacet
  facet normal 0.000106501 0.10451 0.994524
    outer loop
      vertex 3.07007 1.93816 28.5906
      vertex 3.89326 3.89002 28.3854
      vertex 3.47467 3.96943 28.3771
    endloop
  endfacet
  facet normal -5.46381e-05 0.104598 0.994515
    outer loop
      vertex 1.92993 2.59282 28.5218
      vertex 3.47467 3.96943 28.3771
      vertex 3.0891 4.14988 28.3581
    endloop
  endfacet
  facet normal 1.79765e-05 0.104547 0.99452
    outer loop
      vertex 3.89326 3.89002 28.3854
      vertex 3.07007 1.93816 28.5906
      vertex 4.34174 1.59929 28.6262
    endloop
  endfacet
  facet normal 1.70579e-06 0.104557 0.994519
    outer loop
      vertex 1.92993 2.59282 28.5218
      vertex 3.0891 4.14988 28.3581
      vertex 2.76075 4.42002 28.3297
    endloop
  endfacet
  facet normal 6.40582e-05 0.104471 0.994528
    outer loop
      vertex 0.999004 3.51864 28.4245
      vertex 2.76075 4.42002 28.3297
      vertex 2.51028 4.76288 28.2937
    endloop
  endfacet
  facet normal 3.17904e-06 0.104492 0.994526
    outer loop
      vertex 0.340742 4.65254 28.3053
      vertex 2.51028 4.76288 28.2937
      vertex 2.35341 5.15692 28.2523
    endloop
  endfacet
  facet normal 7.14213e-06 0.104529 0.994522
    outer loop
      vertex 3.47467 3.96943 28.3771
      vertex 1.92993 2.59282 28.5218
      vertex 3.07007 1.93816 28.5906
    endloop
  endfacet
  facet normal -1.11005e-05 0.104548 0.99452
    outer loop
      vertex 0.340742 4.65254 28.3053
      vertex 2.35341 5.15692 28.2523
      vertex 2.3 5.57737 28.2081
    endloop
  endfacet
  facet normal 1.40411e-05 0.104485 0.994526
    outer loop
      vertex 2.51028 6.39187 28.1225
      vertex 0 5.91724 28.1724
      vertex 2.35341 5.99783 28.1639
    endloop
  endfacet
  facet normal -4.11805e-05 0.104419 0.994533
    outer loop
      vertex 2.35341 125.639 15.5891
      vertex 0.340742 126.143 15.5361
      vertex 2.3 125.218 15.6333
    endloop
  endfacet
  facet normal 1.19438e-05 0.104545 0.99452
    outer loop
      vertex 2.35341 5.99783 28.1639
      vertex 0 5.91724 28.1724
      vertex 2.3 5.57737 28.2081
    endloop
  endfacet
  facet normal -9.07789e-06 0.104487 0.994526
    outer loop
      vertex 2.3 125.218 15.6333
      vertex 0.340742 126.143 15.5361
      vertex 0 124.878 15.669
    endloop
  endfacet
  facet normal 6.74161e-06 0.104511 0.994524
    outer loop
      vertex 0.340742 4.65254 28.3053
      vertex 2.3 5.57737 28.2081
      vertex 0 5.91724 28.1724
    endloop
  endfacet
  facet normal 2.55505e-05 0.104546 0.99452
    outer loop
      vertex 2.76075 4.42002 28.3297
      vertex 0.999004 3.51864 28.4245
      vertex 1.92993 2.59282 28.5218
    endloop
  endfacet
  facet normal 2.79585e-07 0.104548 0.99452
    outer loop
      vertex 2.51028 4.76288 28.2937
      vertex 0.340742 4.65254 28.3053
      vertex 0.999004 3.51864 28.4245
    endloop
  endfacet
  facet normal 8.97435e-06 0.104537 0.994521
    outer loop
      vertex 7.2367 121.738 15.9991
      vertex 5.37533 124.225 15.7377
      vertex 6.72803 121.602 16.0134
    endloop
  endfacet
  facet normal 4.72404e-05 0.104557 0.994519
    outer loop
      vertex 5.08362 123.916 15.7702
      vertex 6.72803 121.602 16.0134
      vertex 5.37533 124.225 15.7377
    endloop
  endfacet
  facet normal -5.58107e-05 0.104484 0.994527
    outer loop
      vertex 6.72803 121.602 16.0134
      vertex 5.08362 123.916 15.7702
      vertex 6.27197 121.34 16.0409
    endloop
  endfacet
  facet normal 9.76567e-05 0.104554 0.994519
    outer loop
      vertex 4.72382 123.689 15.7941
      vertex 6.27197 121.34 16.0409
      vertex 5.08362 123.916 15.7702
    endloop
  endfacet
  facet normal -0.000139683 0.10444 0.994531
    outer loop
      vertex 4.31855 123.558 15.8078
      vertex 5.8996 120.97 16.0798
      vertex 4.72382 123.689 15.7941
    endloop
  endfacet
  facet normal 4.12921e-05 0.104518 0.994523
    outer loop
      vertex 6.27197 121.34 16.0409
      vertex 4.72382 123.689 15.7941
      vertex 5.8996 120.97 16.0798
    endloop
  endfacet
  facet normal -1.44801e-05 -0.104505 -0.994524
    outer loop
      vertex 8.999 9.92993 12.3663
      vertex 5.27734 6.6777 12.7081
      vertex 8.34074 11.0701 12.2465
    endloop
  endfacet
  facet normal -0.000143581 -0.104547 -0.99452
    outer loop
      vertex 8 115.958 1.2223
      vertex 6.78933 122.521 0.532553
      vertex 6.97634 123.245 0.456417
    endloop
  endfacet
  facet normal -9.9286e-05 -0.104447 -0.99453
    outer loop
      vertex 4.56214 6.90881 12.6839
      vertex 8.34074 11.0701 12.2465
      vertex 5.27734 6.6777 12.7081
    endloop
  endfacet
  facet normal 0.000125879 -0.104498 -0.994525
    outer loop
      vertex 8 115.958 1.2223
      vertex 6.42705 121.865 0.601435
      vertex 6.78933 122.521 0.532553
    endloop
  endfacet
  facet normal 2.66311e-05 -0.10456 -0.994519
    outer loop
      vertex 8.34074 11.0701 12.2465
      vertex 4.56214 6.90881 12.6839
      vertex 8 12.3417 12.1128
    endloop
  endfacet
  facet normal -2.69374e-05 -0.104538 -0.994521
    outer loop
      vertex 8 115.958 1.2223
      vertex 5.91227 121.32 0.658736
      vertex 6.42705 121.865 0.601435
    endloop
  endfacet
  facet normal 8.10824e-05 -0.104594 -0.994515
    outer loop
      vertex 3.81163 6.95577 12.6789
      vertex 8 12.3417 12.1128
      vertex 4.56214 6.90881 12.6839
    endloop
  endfacet
  facet normal 3.44865e-05 -0.104514 -0.994523
    outer loop
      vertex 8 115.958 1.2223
      vertex 5.27734 120.919 0.700855
      vertex 5.91227 121.32 0.658736
    endloop
  endfacet
  facet normal -0.000110994 -0.104446 -0.994531
    outer loop
      vertex 3.07295 6.81563 12.6937
      vertex 8 12.3417 12.1128
      vertex 3.81163 6.95577 12.6789
    endloop
  endfacet
  facet normal -1.16415e-05 -0.104539 -0.994521
    outer loop
      vertex 8 115.958 1.2223
      vertex 4.56214 120.688 0.725145
      vertex 5.27734 120.919 0.700855
    endloop
  endfacet
  facet normal 0.000186569 -0.104708 -0.994503
    outer loop
      vertex 2.39252 6.49719 12.7271
      vertex 8 12.3417 12.1128
      vertex 3.07295 6.81563 12.6937
    endloop
  endfacet
  facet normal 5.09253e-06 -0.104527 -0.994522
    outer loop
      vertex 8 115.958 1.2223
      vertex 3.81163 120.641 0.730081
      vertex 4.56214 120.688 0.725145
    endloop
  endfacet
  facet normal 4.60102e-05 -0.104575 -0.994517
    outer loop
      vertex 1.81309 6.02048 12.7772
      vertex 8 12.3417 12.1128
      vertex 2.39252 6.49719 12.7271
    endloop
  endfacet
  facet normal -0.000148022 -0.104663 -0.994508
    outer loop
      vertex 8 115.958 1.2223
      vertex 3.07295 120.782 0.715352
      vertex 3.81163 120.641 0.730081
    endloop
  endfacet
  facet normal -5.03401e-06 -0.104528 -0.994522
    outer loop
      vertex 8 12.3417 12.1128
      vertex 2.39252 121.1 0.681883
      vertex 8 115.958 1.2223
    endloop
  endfacet
  facet normal 0.000142023 -0.10437 -0.994539
    outer loop
      vertex 8 115.958 1.2223
      vertex 2.39252 121.1 0.681883
      vertex 3.07295 120.782 0.715352
    endloop
  endfacet
  facet normal -2.59771e-06 -0.104528 -0.994522
    outer loop
      vertex 1.81309 121.577 0.631778
      vertex 8 12.3417 12.1128
      vertex 1.81309 6.02048 12.7772
    endloop
  endfacet
  facet normal -5.29504e-05 -0.104531 -0.994522
    outer loop
      vertex 8 12.3417 12.1128
      vertex 1.81309 121.577 0.631778
      vertex 2.39252 121.1 0.681883
    endloop
  endfacet
  facet normal -6.65241e-05 -0.104491 -0.994526
    outer loop
      vertex 0 4.31795 12.9562
      vertex 1.81309 6.02048 12.7772
      vertex 1.37108 5.41543 12.8408
    endloop
  endfacet
  facet normal -3.16695e-05 -0.104528 -0.994522
    outer loop
      vertex 1.81309 6.02048 12.7772
      vertex 0 4.31795 12.9562
      vertex 1.81309 121.577 0.631778
    endloop
  endfacet
  facet normal -2.87159e-05 -0.104538 -0.994521
    outer loop
      vertex 0 4.31795 12.9562
      vertex 1.37108 5.41543 12.8408
      vertex 1.09425 4.72007 12.9139
    endloop
  endfacet
  facet normal 2.95224e-05 -0.104529 -0.994522
    outer loop
      vertex 0 123.279 0.452836
      vertex 1.81309 121.577 0.631778
      vertex 0 4.31795 12.9562
    endloop
  endfacet
  facet normal -2.62041e-05 -0.104545 -0.99452
    outer loop
      vertex 0 4.31795 12.9562
      vertex 1.09425 4.72007 12.9139
      vertex 1 3.97809 12.9919
    endloop
  endfacet
  facet normal 7.10618e-05 -0.104485 -0.994526
    outer loop
      vertex 1.81309 121.577 0.631778
      vertex 0 123.279 0.452836
      vertex 1.37108 122.182 0.568185
    endloop
  endfacet
  facet normal 9.90331e-06 -0.104518 -0.994523
    outer loop
      vertex 315.912 6.27696 12.7503
      vertex 318 4.31795 12.9562
      vertex 316.427 5.73178 12.8076
    endloop
  endfacet
  facet normal -5.43926e-06 -0.104582 -0.994516
    outer loop
      vertex 318 123.279 0.452836
      vertex 316.789 122.521 0.532553
      vertex 316.976 123.245 0.456417
    endloop
  endfacet
  facet normal -5.4018e-07 -0.104529 -0.994522
    outer loop
      vertex 318 4.31795 12.9562
      vertex 315.912 6.27696 12.7503
      vertex 318 123.279 0.452836
    endloop
  endfacet
  facet normal -0.000156435 -0.104344 -0.994541
    outer loop
      vertex 318 123.279 0.452836
      vertex 316.427 121.865 0.601435
      vertex 316.789 122.521 0.532553
    endloop
  endfacet
  facet normal 4.94342e-08 -0.104529 -0.994522
    outer loop
      vertex 315.912 121.32 0.658736
      vertex 318 123.279 0.452836
      vertex 315.912 6.27696 12.7503
    endloop
  endfacet
  facet normal 0.000286301 -0.104831 -0.99449
    outer loop
      vertex 318 123.279 0.452836
      vertex 315.912 121.32 0.658736
      vertex 316.427 121.865 0.601435
    endloop
  endfacet
  facet normal 0.0003089 -0.104242 -0.994552
    outer loop
      vertex 310 12.3417 12.1128
      vertex 315.912 6.27696 12.7503
      vertex 315.277 6.6777 12.7081
    endloop
  endfacet
  facet normal 1.13267e-05 -0.104529 -0.994522
    outer loop
      vertex 315.912 6.27696 12.7503
      vertex 310 12.3417 12.1128
      vertex 315.912 121.32 0.658736
    endloop
  endfacet
  facet normal -0.000179555 -0.104692 -0.994505
    outer loop
      vertex 310 12.3417 12.1128
      vertex 315.277 6.6777 12.7081
      vertex 314.562 6.90881 12.6839
    endloop
  endfacet
  facet normal 7.21656e-07 -0.104528 -0.994522
    outer loop
      vertex 310 115.958 1.2223
      vertex 315.912 121.32 0.658736
      vertex 310 12.3417 12.1128
    endloop
  endfacet
  facet normal 8.90322e-05 -0.104469 -0.994528
    outer loop
      vertex 310 12.3417 12.1128
      vertex 314.562 6.90881 12.6839
      vertex 313.812 6.95577 12.6789
    endloop
  endfacet
  facet normal 0.000141446 -0.104682 -0.994506
    outer loop
      vertex 315.912 121.32 0.658736
      vertex 310 115.958 1.2223
      vertex 315.277 120.919 0.700855
    endloop
  endfacet
  facet normal -8.11394e-05 -0.104601 -0.994514
    outer loop
      vertex 309.659 11.0701 12.2465
      vertex 313.812 6.95577 12.6789
      vertex 313.073 6.81563 12.6937
    endloop
  endfacet
  facet normal -2.08868e-05 -0.104511 -0.994524
    outer loop
      vertex 315.277 120.919 0.700855
      vertex 310 115.958 1.2223
      vertex 314.562 120.688 0.725145
    endloop
  endfacet
  facet normal 6.97997e-05 -0.104462 -0.994529
    outer loop
      vertex 309.001 9.92993 12.3663
      vertex 313.073 6.81563 12.6937
      vertex 312.393 6.49719 12.7271
    endloop
  endfacet
  facet normal 5.67068e-06 -0.104536 -0.994521
    outer loop
      vertex 314.562 120.688 0.725145
      vertex 310 115.958 1.2223
      vertex 313.812 120.641 0.730081
    endloop
  endfacet
  facet normal 4.60161e-06 -0.104525 -0.994522
    outer loop
      vertex 309.001 9.92993 12.3663
      vertex 312.393 6.49719 12.7271
      vertex 311.813 6.02048 12.7772
    endloop
  endfacet
  facet normal -2.66596e-05 -0.10451 -0.994524
    outer loop
      vertex 309.659 117.23 1.08864
      vertex 313.812 120.641 0.730081
      vertex 310 115.958 1.2223
    endloop
  endfacet
  facet normal -1.47801e-05 -0.104529 -0.994522
    outer loop
      vertex 308.07 8.999 12.4642
      vertex 311.813 6.02048 12.7772
      vertex 311.371 5.41543 12.8408
    endloop
  endfacet
  facet normal -0.000101237 -0.104421 -0.994533
    outer loop
      vertex 313.812 120.641 0.730081
      vertex 309.659 117.23 1.08864
      vertex 313.073 120.782 0.715352
    endloop
  endfacet
  facet normal -2.20662e-05 -0.104541 -0.994521
    outer loop
      vertex 306.93 8.34074 12.5334
      vertex 311.371 5.41543 12.8408
      vertex 311.094 4.72007 12.9139
    endloop
  endfacet
  facet normal 5.0082e-05 -0.104564 -0.994518
    outer loop
      vertex 313.073 120.782 0.715352
      vertex 309.659 117.23 1.08864
      vertex 312.393 121.1 0.681883
    endloop
  endfacet
  facet normal -2.5768e-05 -0.104545 -0.99452
    outer loop
      vertex 306.93 8.34074 12.5334
      vertex 311.094 4.72007 12.9139
      vertex 311 3.97809 12.9919
    endloop
  endfacet
  facet normal 9.58834e-06 -0.104536 -0.994521
    outer loop
      vertex 309.001 118.37 0.968806
      vertex 312.393 121.1 0.681883
      vertex 309.659 117.23 1.08864
    endloop
  endfacet
  facet normal 1.08943e-05 -0.104512 -0.994524
    outer loop
      vertex 316.976 3.60415 13.0312
      vertex 318 4.31795 12.9562
      vertex 317.659 3.05325 13.0891
    endloop
  endfacet
  facet normal 1.47028e-05 -0.104612 -0.994513
    outer loop
      vertex 316.789 5.07641 12.8764
      vertex 318 4.31795 12.9562
      vertex 316.976 4.35203 12.9526
    endloop
  endfacet
  facet normal 4.92625e-05 -0.104577 -0.994517
    outer loop
      vertex 316.789 2.87976 13.1073
      vertex 317.659 3.05325 13.0891
      vertex 317.001 1.91936 13.2083
    endloop
  endfacet
  facet normal 0.000223165 -0.104283 -0.994548
    outer loop
      vertex 316.427 5.73178 12.8076
      vertex 318 4.31795 12.9562
      vertex 316.789 5.07641 12.8764
    endloop
  endfacet
  facet normal 1.77652e-05 -0.104521 -0.994523
    outer loop
      vertex 318 4.31795 12.9562
      vertex 316.976 3.60415 13.0312
      vertex 316.976 4.35203 12.9526
    endloop
  endfacet
  facet normal 3.10964e-05 -0.104487 -0.994526
    outer loop
      vertex 317.659 3.05325 13.0891
      vertex 316.789 2.87976 13.1073
      vertex 316.976 3.60415 13.0312
    endloop
  endfacet
  facet normal 4.25313e-05 -0.104578 -0.994517
    outer loop
      vertex 317.001 1.91936 13.2083
      vertex 316.427 2.22439 13.1762
      vertex 316.789 2.87976 13.1073
    endloop
  endfacet
  facet normal 4.5286e-05 -0.104565 -0.994518
    outer loop
      vertex 315.912 1.67921 13.2335
      vertex 317.001 1.91936 13.2083
      vertex 316.07 0.993532 13.3056
    endloop
  endfacet
  facet normal 4.66744e-05 -0.104571 -0.994517
    outer loop
      vertex 317.001 1.91936 13.2083
      vertex 315.912 1.67921 13.2335
      vertex 316.427 2.22439 13.1762
    endloop
  endfacet
  facet normal 5.10284e-05 -0.104563 -0.994518
    outer loop
      vertex 316.07 0.993532 13.3056
      vertex 315.277 1.27848 13.2756
      vertex 315.912 1.67921 13.2335
    endloop
  endfacet
  facet normal 4.15461e-05 -0.104589 -0.994515
    outer loop
      vertex 314.93 0.338876 13.3744
      vertex 315.277 1.27848 13.2756
      vertex 316.07 0.993532 13.3056
    endloop
  endfacet
  facet normal 2.16984e-06 -0.104575 -0.994517
    outer loop
      vertex 314.93 0.338876 13.3744
      vertex 314.562 1.04737 13.2999
      vertex 315.277 1.27848 13.2756
    endloop
  endfacet
  facet normal -7.96659e-05 -0.104617 -0.994513
    outer loop
      vertex 314.93 0.338876 13.3744
      vertex 313.812 1.00041 13.3049
      vertex 314.562 1.04737 13.2999
    endloop
  endfacet
  facet normal 1.01256e-06 -0.104482 -0.994527
    outer loop
      vertex 313.658 4.19254e-07 13.41
      vertex 313.812 1.00041 13.3049
      vertex 314.93 0.338876 13.3744
    endloop
  endfacet
  facet normal 0.000101099 -0.104497 -0.994525
    outer loop
      vertex 313.658 4.19254e-07 13.41
      vertex 313.073 1.14055 13.2901
      vertex 313.812 1.00041 13.3049
    endloop
  endfacet
  facet normal -0.000144126 -0.104622 -0.994512
    outer loop
      vertex 313.658 4.19254e-07 13.41
      vertex 312.393 1.45898 13.2567
      vertex 313.073 1.14055 13.2901
    endloop
  endfacet
  facet normal 5.6038e-05 -0.10445 -0.99453
    outer loop
      vertex 313.658 4.19254e-07 13.41
      vertex 311.813 1.9357 13.2066
      vertex 312.393 1.45898 13.2567
    endloop
  endfacet
  facet normal -2.3492e-05 -0.104495 -0.994525
    outer loop
      vertex 312.393 121.1 0.681883
      vertex 309.001 118.37 0.968806
      vertex 311.813 121.577 0.631778
    endloop
  endfacet
  facet normal -3.6615e-05 -0.104557 -0.994519
    outer loop
      vertex 313.812 6.95577 12.6789
      vertex 309.659 11.0701 12.2465
      vertex 310 12.3417 12.1128
    endloop
  endfacet
  facet normal -2.05344e-05 -0.104551 -0.99452
    outer loop
      vertex 305.658 8 12.5692
      vertex 311 3.97809 12.9919
      vertex 311.094 3.23611 13.0699
    endloop
  endfacet
  facet normal 2.95026e-05 -0.104514 -0.994523
    outer loop
      vertex 313.073 6.81563 12.6937
      vertex 309.001 9.92993 12.3663
      vertex 309.659 11.0701 12.2465
    endloop
  endfacet
  facet normal -3.43324e-05 -0.104553 -0.994519
    outer loop
      vertex 311.813 6.02048 12.7772
      vertex 308.07 8.999 12.4642
      vertex 309.001 9.92993 12.3663
    endloop
  endfacet
  facet normal -2.77284e-05 -0.104559 -0.994519
    outer loop
      vertex 305.658 8 12.5692
      vertex 311.094 3.23611 13.0699
      vertex 311.371 2.54074 13.143
    endloop
  endfacet
  facet normal -1.30832e-05 -0.104527 -0.994522
    outer loop
      vertex 311.371 5.41543 12.8408
      vertex 306.93 8.34074 12.5334
      vertex 308.07 8.999 12.4642
    endloop
  endfacet
  facet normal -3.52446e-05 -0.104567 -0.994518
    outer loop
      vertex 305.658 8 12.5692
      vertex 311.371 2.54074 13.143
      vertex 311.813 1.9357 13.2066
    endloop
  endfacet
  facet normal 6.65587e-06 -0.104515 -0.994523
    outer loop
      vertex 311 3.97809 12.9919
      vertex 305.658 8 12.5692
      vertex 306.93 8.34074 12.5334
    endloop
  endfacet
  facet normal 0.000460954 -0.104068 -0.99457
    outer loop
      vertex 313.658 4.19254e-07 13.41
      vertex 305.658 8 12.5692
      vertex 311.813 1.9357 13.2066
    endloop
  endfacet
  facet normal 0 -0.104524 -0.994522
    outer loop
      vertex 313.658 4.19254e-07 13.41
      vertex 12.3417 8 12.5692
      vertex 305.658 8 12.5692
    endloop
  endfacet
  facet normal -8.60058e-07 -0.104528 -0.994522
    outer loop
      vertex 5.91227 6.27696 12.7503
      vertex 9.92993 8.999 12.4642
      vertex 6.42705 5.73178 12.8076
    endloop
  endfacet
  facet normal -7.69829e-05 -0.104447 -0.99453
    outer loop
      vertex 6.42705 5.73178 12.8076
      vertex 9.92993 8.999 12.4642
      vertex 6.78933 5.07641 12.8764
    endloop
  endfacet
  facet normal 1.64933e-05 -0.104521 -0.994523
    outer loop
      vertex 11.0701 8.34074 12.5334
      vertex 6.78933 5.07641 12.8764
      vertex 9.92993 8.999 12.4642
    endloop
  endfacet
  facet normal 7.49245e-05 -0.104597 -0.994515
    outer loop
      vertex 6.78933 5.07641 12.8764
      vertex 11.0701 8.34074 12.5334
      vertex 6.97634 4.35203 12.9526
    endloop
  endfacet
  facet normal -6.51897e-06 -0.104514 -0.994523
    outer loop
      vertex 12.3417 8 12.5692
      vertex 6.97634 4.35203 12.9526
      vertex 11.0701 8.34074 12.5334
    endloop
  endfacet
  facet normal -1.67297e-06 -0.104521 -0.994523
    outer loop
      vertex 6.97634 4.35203 12.9526
      vertex 12.3417 8 12.5692
      vertex 6.97634 3.60415 13.0312
    endloop
  endfacet
  facet normal 0 -0.104524 -0.994522
    outer loop
      vertex 4.34174 4.19254e-07 13.41
      vertex 12.3417 8 12.5692
      vertex 313.658 4.19254e-07 13.41
    endloop
  endfacet
  facet normal -4.67303e-05 -0.104467 -0.994528
    outer loop
      vertex 12.3417 8 12.5692
      vertex 6.78933 2.87976 13.1073
      vertex 6.97634 3.60415 13.0312
    endloop
  endfacet
  facet normal 7.24405e-05 -0.104595 -0.994515
    outer loop
      vertex 12.3417 8 12.5692
      vertex 6.42705 2.22439 13.1762
      vertex 6.78933 2.87976 13.1073
    endloop
  endfacet
  facet normal 7.19754e-05 -0.104594 -0.994515
    outer loop
      vertex 12.3417 8 12.5692
      vertex 5.91227 1.67921 13.2335
      vertex 6.42705 2.22439 13.1762
    endloop
  endfacet
  facet normal 0.000137857 -0.104661 -0.994508
    outer loop
      vertex 12.3417 8 12.5692
      vertex 4.34174 4.19254e-07 13.41
      vertex 5.91227 1.67921 13.2335
    endloop
  endfacet
  facet normal 7.76848e-05 -0.104605 -0.994514
    outer loop
      vertex 5.91227 1.67921 13.2335
      vertex 4.34174 4.19254e-07 13.41
      vertex 5.27734 1.27848 13.2756
    endloop
  endfacet
  facet normal -8.36169e-06 -0.104543 -0.99452
    outer loop
      vertex 5.27734 1.27848 13.2756
      vertex 4.34174 4.19254e-07 13.41
      vertex 4.56214 1.04737 13.2999
    endloop
  endfacet
  facet normal -8.53247e-05 -0.104527 -0.994522
    outer loop
      vertex 4.34174 4.19254e-07 13.41
      vertex 3.81163 1.00041 13.3049
      vertex 4.56214 1.04737 13.2999
    endloop
  endfacet
  facet normal -1.13099e-06 -0.104483 -0.994527
    outer loop
      vertex 3.07007 0.338876 13.3744
      vertex 3.81163 1.00041 13.3049
      vertex 4.34174 4.19254e-07 13.41
    endloop
  endfacet
  facet normal 8.55468e-05 -0.104579 -0.994517
    outer loop
      vertex 3.81163 1.00041 13.3049
      vertex 3.07007 0.338876 13.3744
      vertex 3.07295 1.14055 13.2901
    endloop
  endfacet
  facet normal -3.51044e-05 -0.104578 -0.994517
    outer loop
      vertex 1.92993 0.993532 13.3056
      vertex 3.07295 1.14055 13.2901
      vertex 3.07007 0.338876 13.3744
    endloop
  endfacet
  facet normal -5.41493e-05 -0.104432 -0.994532
    outer loop
      vertex 3.07295 1.14055 13.2901
      vertex 1.92993 0.993532 13.3056
      vertex 2.39252 1.45898 13.2567
    endloop
  endfacet
  facet normal 1.48844e-05 -0.1045 -0.994525
    outer loop
      vertex 1.92993 0.993532 13.3056
      vertex 1.81309 1.9357 13.2066
      vertex 2.39252 1.45898 13.2567
    endloop
  endfacet
  facet normal 2.06615e-05 -0.104499 -0.994525
    outer loop
      vertex 0.999004 1.91936 13.2083
      vertex 1.81309 1.9357 13.2066
      vertex 1.92993 0.993532 13.3056
    endloop
  endfacet
  facet normal 2.12047e-05 -0.104526 -0.994522
    outer loop
      vertex 1.81309 1.9357 13.2066
      vertex 0.999004 1.91936 13.2083
      vertex 1.37108 2.54074 13.143
    endloop
  endfacet
  facet normal 2.94462e-05 -0.104544 -0.99452
    outer loop
      vertex 1.09425 3.23611 13.0699
      vertex 0.340742 3.05325 13.0891
      vertex 1 3.97809 12.9919
    endloop
  endfacet
  facet normal 2.76277e-05 -0.104537 -0.994521
    outer loop
      vertex 1.37108 2.54074 13.143
      vertex 0.340742 3.05325 13.0891
      vertex 1.09425 3.23611 13.0699
    endloop
  endfacet
  facet normal 3.04955e-05 -0.104531 -0.994522
    outer loop
      vertex 0.340742 3.05325 13.0891
      vertex 1.37108 2.54074 13.143
      vertex 0.999004 1.91936 13.2083
    endloop
  endfacet
  facet normal -7.81386e-06 -0.104511 -0.994524
    outer loop
      vertex 316.976 123.993 0.377812
      vertex 318 123.279 0.452836
      vertex 316.976 123.245 0.456417
    endloop
  endfacet
  facet normal -3.59656e-06 -0.104505 -0.994524
    outer loop
      vertex 318 123.279 0.452836
      vertex 316.976 123.993 0.377812
      vertex 317.659 124.544 0.31991
    endloop
  endfacet
  facet normal 4.97451e-05 -0.104571 -0.994517
    outer loop
      vertex 316.789 124.717 0.301676
      vertex 317.659 124.544 0.31991
      vertex 316.976 123.993 0.377812
    endloop
  endfacet
  facet normal 6.80703e-05 -0.10448 -0.994527
    outer loop
      vertex 317.659 124.544 0.31991
      vertex 316.789 124.717 0.301676
      vertex 317.001 125.678 0.200733
    endloop
  endfacet
  facet normal -4.50236e-05 -0.104455 -0.99453
    outer loop
      vertex 316.427 125.373 0.232793
      vertex 317.001 125.678 0.200733
      vertex 316.789 124.717 0.301676
    endloop
  endfacet
  facet normal 8.04242e-06 -0.104554 -0.994519
    outer loop
      vertex 315.912 125.918 0.175493
      vertex 317.001 125.678 0.200733
      vertex 316.427 125.373 0.232793
    endloop
  endfacet
  facet normal 2.32106e-05 -0.104486 -0.994526
    outer loop
      vertex 317.001 125.678 0.200733
      vertex 315.912 125.918 0.175493
      vertex 316.07 126.604 0.103425
    endloop
  endfacet
  facet normal -1.12295e-05 -0.104478 -0.994527
    outer loop
      vertex 315.277 126.319 0.133374
      vertex 316.07 126.604 0.103425
      vertex 315.912 125.918 0.175493
    endloop
  endfacet
  facet normal 2.76294e-05 -0.104585 -0.994516
    outer loop
      vertex 315.277 126.319 0.133374
      vertex 314.93 127.258 0.0346177
      vertex 316.07 126.604 0.103425
    endloop
  endfacet
  facet normal -5.8139e-06 -0.104597 -0.994515
    outer loop
      vertex 314.562 126.55 0.109083
      vertex 314.93 127.258 0.0346177
      vertex 315.277 126.319 0.133374
    endloop
  endfacet
  facet normal -1.06818e-05 -0.104595 -0.994515
    outer loop
      vertex 313.812 126.597 0.104148
      vertex 314.93 127.258 0.0346177
      vertex 314.562 126.55 0.109083
    endloop
  endfacet
  facet normal -2.26242e-05 -0.104575 -0.994517
    outer loop
      vertex 313.812 126.597 0.104148
      vertex 313.658 127.597 -0.000999581
      vertex 314.93 127.258 0.0346177
    endloop
  endfacet
  facet normal -1.09037e-05 -0.104573 -0.994517
    outer loop
      vertex 313.073 126.457 0.118877
      vertex 313.658 127.597 -0.000999581
      vertex 313.812 126.597 0.104148
    endloop
  endfacet
  facet normal 0.000147185 -0.104653 -0.994509
    outer loop
      vertex 312.393 126.138 0.152345
      vertex 313.658 127.597 -0.000999581
      vertex 313.073 126.457 0.118877
    endloop
  endfacet
  facet normal 0.000172718 -0.104675 -0.994506
    outer loop
      vertex 311.813 125.661 0.20245
      vertex 313.658 127.597 -0.000999581
      vertex 312.393 126.138 0.152345
    endloop
  endfacet
  facet normal 2.2433e-06 -0.104518 -0.994523
    outer loop
      vertex 308.07 119.301 0.870962
      vertex 311.813 121.577 0.631778
      vertex 309.001 118.37 0.968806
    endloop
  endfacet
  facet normal 9.53255e-06 -0.10453 -0.994522
    outer loop
      vertex 311.813 121.577 0.631778
      vertex 308.07 119.301 0.870962
      vertex 311.371 122.182 0.568185
    endloop
  endfacet
  facet normal 4.11253e-05 -0.104565 -0.994518
    outer loop
      vertex 311.371 122.182 0.568185
      vertex 308.07 119.301 0.870962
      vertex 311.094 122.877 0.4951
    endloop
  endfacet
  facet normal 1.50725e-05 -0.104544 -0.99452
    outer loop
      vertex 306.93 119.959 0.801776
      vertex 311.094 122.877 0.4951
      vertex 308.07 119.301 0.870962
    endloop
  endfacet
  facet normal 2.82512e-06 -0.104526 -0.994522
    outer loop
      vertex 311.094 122.877 0.4951
      vertex 306.93 119.959 0.801776
      vertex 311 123.619 0.417114
    endloop
  endfacet
  facet normal -1.54957e-05 -0.104506 -0.994524
    outer loop
      vertex 305.658 120.3 0.765963
      vertex 311 123.619 0.417114
      vertex 306.93 119.959 0.801776
    endloop
  endfacet
  facet normal -3.74276e-06 -0.104525 -0.994522
    outer loop
      vertex 311 123.619 0.417114
      vertex 305.658 120.3 0.765963
      vertex 311.094 124.361 0.339129
    endloop
  endfacet
  facet normal 5.72076e-05 -0.104606 -0.994514
    outer loop
      vertex 311.094 124.361 0.339129
      vertex 305.658 120.3 0.765963
      vertex 311.371 125.056 0.266043
    endloop
  endfacet
  facet normal -2.41761e-06 -0.104535 -0.994521
    outer loop
      vertex 311.371 125.056 0.266043
      vertex 305.658 120.3 0.765963
      vertex 311.813 125.661 0.20245
    endloop
  endfacet
  facet normal -0.000131603 -0.104388 -0.994537
    outer loop
      vertex 305.658 120.3 0.765963
      vertex 313.658 127.597 -0.000999581
      vertex 311.813 125.661 0.20245
    endloop
  endfacet
  facet normal 0 -0.104531 -0.994522
    outer loop
      vertex 12.3417 120.3 0.765963
      vertex 313.658 127.597 -0.000999581
      vertex 305.658 120.3 0.765963
    endloop
  endfacet
  facet normal 2.35613e-05 -0.104564 -0.994518
    outer loop
      vertex 9.92993 8.999 12.4642
      vertex 5.91227 6.27696 12.7503
      vertex 8.999 9.92993 12.3663
    endloop
  endfacet
  facet normal 7.58322e-05 -0.104607 -0.994514
    outer loop
      vertex 5.27734 6.6777 12.7081
      vertex 8.999 9.92993 12.3663
      vertex 5.91227 6.27696 12.7503
    endloop
  endfacet
  facet normal 5.85289e-05 -0.104519 -0.994523
    outer loop
      vertex 6.97634 123.245 0.456417
      vertex 8.34074 117.23 1.08864
      vertex 8 115.958 1.2223
    endloop
  endfacet
  facet normal -1.21348e-05 -0.104535 -0.994521
    outer loop
      vertex 6.97634 123.245 0.456417
      vertex 8.999 118.37 0.968806
      vertex 8.34074 117.23 1.08864
    endloop
  endfacet
  facet normal 6.91664e-06 -0.104527 -0.994522
    outer loop
      vertex 6.97634 123.245 0.456417
      vertex 9.92993 119.301 0.870962
      vertex 8.999 118.37 0.968806
    endloop
  endfacet
  facet normal -1.52837e-05 -0.104543 -0.99452
    outer loop
      vertex 6.97634 123.245 0.456417
      vertex 11.0701 119.959 0.801776
      vertex 9.92993 119.301 0.870962
    endloop
  endfacet
  facet normal 1.0556e-05 -0.104511 -0.994524
    outer loop
      vertex 6.97634 123.993 0.377812
      vertex 11.0701 119.959 0.801776
      vertex 6.97634 123.245 0.456417
    endloop
  endfacet
  facet normal 1.55576e-05 -0.104506 -0.994524
    outer loop
      vertex 11.0701 119.959 0.801776
      vertex 6.97634 123.993 0.377812
      vertex 12.3417 120.3 0.765963
    endloop
  endfacet
  facet normal -4.6372e-05 -0.104595 -0.994515
    outer loop
      vertex 6.78933 124.717 0.301676
      vertex 12.3417 120.3 0.765963
      vertex 6.97634 123.993 0.377812
    endloop
  endfacet
  facet normal 0.000153923 -0.104346 -0.994541
    outer loop
      vertex 6.42705 125.373 0.232793
      vertex 12.3417 120.3 0.765963
      vertex 6.78933 124.717 0.301676
    endloop
  endfacet
  facet normal -0.00017103 -0.104721 -0.994502
    outer loop
      vertex 5.91227 125.918 0.175493
      vertex 12.3417 120.3 0.765963
      vertex 6.42705 125.373 0.232793
    endloop
  endfacet
  facet normal -6.86908e-05 -0.104605 -0.994514
    outer loop
      vertex 4.34174 127.597 -0.000999581
      vertex 12.3417 120.3 0.765963
      vertex 5.91227 125.918 0.175493
    endloop
  endfacet
  facet normal -0.000127028 -0.104659 -0.994508
    outer loop
      vertex 4.34174 127.597 -0.000999581
      vertex 5.91227 125.918 0.175493
      vertex 5.27734 126.319 0.133374
    endloop
  endfacet
  facet normal 5.13116e-06 -0.104564 -0.994518
    outer loop
      vertex 4.34174 127.597 -0.000999581
      vertex 5.27734 126.319 0.133374
      vertex 4.56214 126.55 0.109083
    endloop
  endfacet
  facet normal 0 -0.104531 -0.994522
    outer loop
      vertex 12.3417 120.3 0.765963
      vertex 4.34174 127.597 -0.000999581
      vertex 313.658 127.597 -0.000999581
    endloop
  endfacet
  facet normal -8.89613e-06 -0.104566 -0.994518
    outer loop
      vertex 3.81163 126.597 0.104148
      vertex 4.34174 127.597 -0.000999581
      vertex 4.56214 126.55 0.109083
    endloop
  endfacet
  facet normal -2.73283e-06 -0.104615 -0.994513
    outer loop
      vertex 3.07007 127.258 0.0346177
      vertex 3.81163 126.597 0.104148
      vertex 3.07295 126.457 0.118877
    endloop
  endfacet
  facet normal 2.52726e-05 -0.104584 -0.994516
    outer loop
      vertex 3.81163 126.597 0.104148
      vertex 3.07007 127.258 0.0346177
      vertex 4.34174 127.597 -0.000999581
    endloop
  endfacet
  facet normal 2.01028e-05 -0.104385 -0.994537
    outer loop
      vertex 1.92993 126.604 0.103425
      vertex 3.07295 126.457 0.118877
      vertex 2.39252 126.138 0.152345
    endloop
  endfacet
  facet normal -9.85139e-06 -0.104615 -0.994513
    outer loop
      vertex 3.07295 126.457 0.118877
      vertex 1.92993 126.604 0.103425
      vertex 3.07007 127.258 0.0346177
    endloop
  endfacet
  facet normal -2.85588e-05 -0.104433 -0.994532
    outer loop
      vertex 1.81309 125.661 0.20245
      vertex 1.92993 126.604 0.103425
      vertex 2.39252 126.138 0.152345
    endloop
  endfacet
  facet normal -8.4123e-05 -0.104476 -0.994527
    outer loop
      vertex 0.999004 125.678 0.200733
      vertex 1.81309 125.661 0.20245
      vertex 1.37108 125.056 0.266043
    endloop
  endfacet
  facet normal -3.03594e-05 -0.104571 -0.994517
    outer loop
      vertex 0.340742 124.544 0.31991
      vertex 1.37108 125.056 0.266043
      vertex 1.09425 124.361 0.339129
    endloop
  endfacet
  facet normal -8.30779e-05 -0.104426 -0.994533
    outer loop
      vertex 1.81309 125.661 0.20245
      vertex 0.999004 125.678 0.200733
      vertex 1.92993 126.604 0.103425
    endloop
  endfacet
  facet normal -1.85618e-05 -0.104523 -0.994522
    outer loop
      vertex 0.340742 124.544 0.31991
      vertex 1.09425 124.361 0.339129
      vertex 1 123.619 0.417114
    endloop
  endfacet
  facet normal -1.02482e-05 -0.104586 -0.994516
    outer loop
      vertex 1.37108 122.182 0.568185
      vertex 0 123.279 0.452836
      vertex 1.09425 122.877 0.4951
    endloop
  endfacet
  facet normal -1.52386e-05 -0.104513 -0.994524
    outer loop
      vertex 1 3.97809 12.9919
      vertex 0.340742 3.05325 13.0891
      vertex 0 4.31795 12.9562
    endloop
  endfacet
  facet normal 1.22265e-05 -0.104525 -0.994522
    outer loop
      vertex 1.09425 122.877 0.4951
      vertex 0 123.279 0.452836
      vertex 1 123.619 0.417114
    endloop
  endfacet
  facet normal 5.63405e-06 -0.104506 -0.994524
    outer loop
      vertex 0.340742 124.544 0.31991
      vertex 1 123.619 0.417114
      vertex 0 123.279 0.452836
    endloop
  endfacet
  facet normal -7.9615e-05 -0.104473 -0.994528
    outer loop
      vertex 1.37108 125.056 0.266043
      vertex 0.340742 124.544 0.31991
      vertex 0.999004 125.678 0.200733
    endloop
  endfacet
  facet normal 0.866031 0.497251 -0.0522633
    outer loop
      vertex 5.8996 7.8369 27.9706
      vertex 5.6363 7.42298 19.6694
      vertex 5.6363 8.29046 27.9229
    endloop
  endfacet
  facet normal 0.866031 0.497251 -0.0522633
    outer loop
      vertex 5.6363 7.42298 19.6694
      vertex 5.8996 7.8369 27.9706
      vertex 5.8996 6.96942 19.7171
    endloop
  endfacet
  facet normal 0.965925 0.257405 -0.0270545
    outer loop
      vertex 5.6363 8.29046 27.9229
      vertex 5.5 7.92886 19.6162
      vertex 5.5 8.79634 27.8697
    endloop
  endfacet
  facet normal 0.965925 0.257405 -0.0270545
    outer loop
      vertex 5.5 7.92886 19.6162
      vertex 5.6363 8.29046 27.9229
      vertex 5.6363 7.42298 19.6694
    endloop
  endfacet
  facet normal 1 0 0
    outer loop
      vertex 5.5 8.79634 27.8697
      vertex 5.5 119.143 7.92715
      vertex 5.5 120.01 16.1807
    endloop
  endfacet
  facet normal 1 0 0
    outer loop
      vertex 5.5 119.143 7.92715
      vertex 5.5 8.79634 27.8697
      vertex 5.5 7.92886 19.6162
    endloop
  endfacet
  facet normal 0 0.994522 -0.104529
    outer loop
      vertex 308.763 6.20167 19.7977
      vertex 7.2367 7.06916 28.0513
      vertex 308.763 7.06916 28.0513
    endloop
  endfacet
  facet normal 0 0.994522 -0.104529
    outer loop
      vertex 7.2367 7.06916 28.0513
      vertex 308.763 6.20167 19.7977
      vertex 7.2367 6.20167 19.7977
    endloop
  endfacet
  facet normal 0.258827 0.960632 -0.100967
    outer loop
      vertex 7.2367 6.20167 19.7977
      vertex 6.72803 7.20471 28.037
      vertex 7.2367 7.06916 28.0513
    endloop
  endfacet
  facet normal 0.258826 0.960632 -0.100967
    outer loop
      vertex 6.72803 7.20471 28.037
      vertex 7.2367 6.20167 19.7977
      vertex 6.72803 6.33723 19.7835
    endloop
  endfacet
  facet normal 0.707104 0.703236 -0.0739132
    outer loop
      vertex 6.27197 7.46657 28.0095
      vertex 5.8996 6.96942 19.7171
      vertex 5.8996 7.8369 27.9706
    endloop
  endfacet
  facet normal 0.707104 0.703236 -0.0739132
    outer loop
      vertex 5.8996 6.96942 19.7171
      vertex 6.27197 7.46657 28.0095
      vertex 6.27197 6.59909 19.756
    endloop
  endfacet
  facet normal 0.499991 0.861286 -0.0905251
    outer loop
      vertex 6.72803 6.33723 19.7835
      vertex 6.27197 7.46657 28.0095
      vertex 6.72803 7.20471 28.037
    endloop
  endfacet
  facet normal 0.499991 0.861286 -0.0905251
    outer loop
      vertex 6.27197 7.46657 28.0095
      vertex 6.72803 6.33723 19.7835
      vertex 6.27197 6.59909 19.756
    endloop
  endfacet
  facet normal -1 0 0
    outer loop
      vertex 310.5 119.143 7.92715
      vertex 310.5 26.3014 17.7847
      vertex 310.5 27.0331 24.7464
    endloop
  endfacet
  facet normal -1 0 0
    outer loop
      vertex 310.5 7.92886 19.6162
      vertex 310.5 26.3014 17.7847
      vertex 310.5 119.143 7.92715
    endloop
  endfacet
  facet normal -1 -0 0
    outer loop
      vertex 310.5 12.1152 26.3143
      vertex 310.5 7.92886 19.6162
      vertex 310.5 8.79634 27.8697
    endloop
  endfacet
  facet normal -1 0 0
    outer loop
      vertex 310.5 26.3014 17.7847
      vertex 310.5 7.92886 19.6162
      vertex 310.5 11.3835 19.3527
    endloop
  endfacet
  facet normal -1 0 0
    outer loop
      vertex 310.5 27.0331 24.7464
      vertex 310.5 120.01 16.1807
      vertex 310.5 119.143 7.92715
    endloop
  endfacet
  facet normal -1 0 0
    outer loop
      vertex 310.5 8.79634 27.8697
      vertex 310.5 27.0331 24.7464
      vertex 310.5 12.1152 26.3143
    endloop
  endfacet
  facet normal -1 0 0
    outer loop
      vertex 310.5 27.0331 24.7464
      vertex 310.5 8.79634 27.8697
      vertex 310.5 120.01 16.1807
    endloop
  endfacet
  facet normal -1 0 0
    outer loop
      vertex 310.5 7.92886 19.6162
      vertex 310.5 12.1152 26.3143
      vertex 310.5 11.3835 19.3527
    endloop
  endfacet
  facet normal -0.707456 0.702886 -0.0738765
    outer loop
      vertex 310.1 6.96942 19.7171
      vertex 309.728 7.46657 28.0095
      vertex 310.1 7.8369 27.9706
    endloop
  endfacet
  facet normal -0.707456 0.702886 -0.0738765
    outer loop
      vertex 309.728 7.46657 28.0095
      vertex 310.1 6.96942 19.7171
      vertex 309.728 6.59909 19.756
    endloop
  endfacet
  facet normal -0.865456 0.498241 -0.0523674
    outer loop
      vertex 310.364 7.42298 19.6694
      vertex 310.1 7.8369 27.9706
      vertex 310.364 8.29046 27.9229
    endloop
  endfacet
  facet normal -0.865456 0.498241 -0.0523674
    outer loop
      vertex 310.1 7.8369 27.9706
      vertex 310.364 7.42298 19.6694
      vertex 310.1 6.96942 19.7171
    endloop
  endfacet
  facet normal -0.25867 0.960674 -0.100971
    outer loop
      vertex 309.272 7.20471 28.037
      vertex 308.763 6.20167 19.7977
      vertex 308.763 7.06916 28.0513
    endloop
  endfacet
  facet normal -0.25867 0.960674 -0.100971
    outer loop
      vertex 308.763 6.20167 19.7977
      vertex 309.272 7.20471 28.037
      vertex 309.272 6.33723 19.7835
    endloop
  endfacet
  facet normal -0.50004 0.861258 -0.0905221
    outer loop
      vertex 309.728 7.46657 28.0095
      vertex 309.272 6.33723 19.7835
      vertex 309.272 7.20471 28.037
    endloop
  endfacet
  facet normal -0.50004 0.861258 -0.0905221
    outer loop
      vertex 309.272 6.33723 19.7835
      vertex 309.728 7.46657 28.0095
      vertex 309.728 6.59909 19.756
    endloop
  endfacet
  facet normal -0.966067 0.256877 -0.0269989
    outer loop
      vertex 310.5 7.92886 19.6162
      vertex 310.364 8.29046 27.9229
      vertex 310.5 8.79634 27.8697
    endloop
  endfacet
  facet normal -0.966067 0.256877 -0.0269989
    outer loop
      vertex 310.364 8.29046 27.9229
      vertex 310.5 7.92886 19.6162
      vertex 310.364 7.42298 19.6694
    endloop
  endfacet
  facet normal -0.865664 -0.49788 0.0523609
    outer loop
      vertex 310.1 120.102 7.82631
      vertex 310.364 120.516 16.1275
      vertex 310.1 120.97 16.0798
    endloop
  endfacet
  facet normal -0.865188 -0.498703 0.0523868
    outer loop
      vertex 310.364 120.516 16.1275
      vertex 310.1 120.102 7.82631
      vertex 310.364 119.649 7.87398
    endloop
  endfacet
  facet normal 0 -0.994515 0.104591
    outer loop
      vertex 7.2367 120.87 7.74561
      vertex 308.763 121.738 15.9991
      vertex 7.2367 121.738 15.9991
    endloop
  endfacet
  facet normal 0 -0.994515 0.104591
    outer loop
      vertex 308.763 121.738 15.9991
      vertex 7.2367 120.87 7.74561
      vertex 308.763 120.87 7.74561
    endloop
  endfacet
  facet normal -0.966082 -0.256822 0.0269781
    outer loop
      vertex 310.364 119.649 7.87398
      vertex 310.5 120.01 16.1807
      vertex 310.364 120.516 16.1275
    endloop
  endfacet
  facet normal -0.966082 -0.256823 0.0269782
    outer loop
      vertex 310.5 120.01 16.1807
      vertex 310.364 119.649 7.87398
      vertex 310.5 119.143 7.92715
    endloop
  endfacet
  facet normal -0.707144 -0.7032 0.0738684
    outer loop
      vertex 309.728 120.473 7.78738
      vertex 310.1 120.97 16.0798
      vertex 309.728 121.34 16.0409
    endloop
  endfacet
  facet normal -0.70809 -0.702249 0.0738539
    outer loop
      vertex 310.1 120.97 16.0798
      vertex 309.728 120.473 7.78738
      vertex 310.1 120.102 7.82631
    endloop
  endfacet
  facet normal -0.500239 -0.861149 0.0904604
    outer loop
      vertex 309.272 121.602 16.0134
      vertex 309.728 120.473 7.78738
      vertex 309.728 121.34 16.0409
    endloop
  endfacet
  facet normal -0.498824 -0.86195 0.0906487
    outer loop
      vertex 309.728 120.473 7.78738
      vertex 309.272 121.602 16.0134
      vertex 309.272 120.734 7.75986
    endloop
  endfacet
  facet normal -0.259463 -0.960456 0.101008
    outer loop
      vertex 308.763 121.738 15.9991
      vertex 309.272 120.734 7.75986
      vertex 309.272 121.602 16.0134
    endloop
  endfacet
  facet normal -0.259453 -0.960459 0.101009
    outer loop
      vertex 309.272 120.734 7.75986
      vertex 308.763 121.738 15.9991
      vertex 308.763 120.87 7.74561
    endloop
  endfacet
  facet normal 0.500189 -0.861178 0.0904634
    outer loop
      vertex 6.27197 120.473 7.78738
      vertex 6.72803 121.602 16.0134
      vertex 6.27197 121.34 16.0409
    endloop
  endfacet
  facet normal 0.498774 -0.861978 0.0906517
    outer loop
      vertex 6.72803 121.602 16.0134
      vertex 6.27197 120.473 7.78738
      vertex 6.72803 120.734 7.75986
    endloop
  endfacet
  facet normal 0.866239 -0.49689 0.0522567
    outer loop
      vertex 5.6363 120.516 16.1275
      vertex 5.8996 120.102 7.82631
      vertex 5.8996 120.97 16.0798
    endloop
  endfacet
  facet normal 0.865765 -0.497712 0.0522827
    outer loop
      vertex 5.8996 120.102 7.82631
      vertex 5.6363 120.516 16.1275
      vertex 5.6363 119.649 7.87398
    endloop
  endfacet
  facet normal 0.96594 -0.257351 0.0270337
    outer loop
      vertex 5.5 120.01 16.1807
      vertex 5.6363 119.649 7.87398
      vertex 5.6363 120.516 16.1275
    endloop
  endfacet
  facet normal 0.965939 -0.257352 0.0270337
    outer loop
      vertex 5.6363 119.649 7.87398
      vertex 5.5 120.01 16.1807
      vertex 5.5 119.143 7.92715
    endloop
  endfacet
  facet normal 0.706793 -0.70355 0.0739052
    outer loop
      vertex 5.8996 120.97 16.0798
      vertex 6.27197 120.473 7.78738
      vertex 6.27197 121.34 16.0409
    endloop
  endfacet
  facet normal 0.707739 -0.702599 0.0738907
    outer loop
      vertex 6.27197 120.473 7.78738
      vertex 5.8996 120.97 16.0798
      vertex 5.8996 120.102 7.82631
    endloop
  endfacet
  facet normal 0.25962 -0.960414 0.101004
    outer loop
      vertex 6.72803 120.734 7.75986
      vertex 7.2367 121.738 15.9991
      vertex 6.72803 121.602 16.0134
    endloop
  endfacet
  facet normal 0.25961 -0.960417 0.101005
    outer loop
      vertex 7.2367 121.738 15.9991
      vertex 6.72803 120.734 7.75986
      vertex 7.2367 120.87 7.74561
    endloop
  endfacet
  facet normal -5.35057e-05 0.104489 0.994526
    outer loop
      vertex 308.763 120.87 7.74561
      vertex 310.5 119.143 7.92715
      vertex 310.364 119.649 7.87398
    endloop
  endfacet
  facet normal -1.45469e-05 0.104528 0.994522
    outer loop
      vertex 310.5 119.143 7.92715
      vertex 308.763 120.87 7.74561
      vertex 310.5 7.92886 19.6162
    endloop
  endfacet
  facet normal 0.000131955 0.10473 0.994501
    outer loop
      vertex 308.763 120.87 7.74561
      vertex 310.364 119.649 7.87398
      vertex 310.1 120.102 7.82631
    endloop
  endfacet
  facet normal -1.971e-05 0.104528 0.994522
    outer loop
      vertex 308.763 6.20167 19.7977
      vertex 310.5 7.92886 19.6162
      vertex 308.763 120.87 7.74561
    endloop
  endfacet
  facet normal -0.000196046 0.104165 0.99456
    outer loop
      vertex 308.763 120.87 7.74561
      vertex 310.1 120.102 7.82631
      vertex 309.728 120.473 7.78738
    endloop
  endfacet
  facet normal -0.00010703 0.104615 0.994513
    outer loop
      vertex 310.5 7.92886 19.6162
      vertex 308.763 6.20167 19.7977
      vertex 310.364 7.42298 19.6694
    endloop
  endfacet
  facet normal 0.000329496 0.105429 0.994427
    outer loop
      vertex 308.763 120.87 7.74561
      vertex 309.728 120.473 7.78738
      vertex 309.272 120.734 7.75986
    endloop
  endfacet
  facet normal -0.000159474 0.104683 0.994506
    outer loop
      vertex 310.364 7.42298 19.6694
      vertex 308.763 6.20167 19.7977
      vertex 310.1 6.96942 19.7171
    endloop
  endfacet
  facet normal -8.01062e-05 0.104546 0.99452
    outer loop
      vertex 310.1 6.96942 19.7171
      vertex 308.763 6.20167 19.7977
      vertex 309.728 6.59909 19.756
    endloop
  endfacet
  facet normal -0.000132023 0.104671 0.994507
    outer loop
      vertex 309.728 6.59909 19.756
      vertex 308.763 6.20167 19.7977
      vertex 309.272 6.33723 19.7835
    endloop
  endfacet
  facet normal -0 0.104528 0.994522
    outer loop
      vertex 7.2367 120.87 7.74561
      vertex 308.763 6.20167 19.7977
      vertex 308.763 120.87 7.74561
    endloop
  endfacet
  facet normal 0 0.104528 0.994522
    outer loop
      vertex 7.2367 120.87 7.74561
      vertex 7.2367 6.20167 19.7977
      vertex 308.763 6.20167 19.7977
    endloop
  endfacet
  facet normal -0.000123392 0.104665 0.994507
    outer loop
      vertex 5.5 119.143 7.92715
      vertex 7.2367 120.87 7.74561
      vertex 6.72803 120.734 7.75986
    endloop
  endfacet
  facet normal 1.46283e-05 0.104528 0.994522
    outer loop
      vertex 7.2367 120.87 7.74561
      vertex 5.5 119.143 7.92715
      vertex 7.2367 6.20167 19.7977
    endloop
  endfacet
  facet normal 0.000298626 0.104343 0.994541
    outer loop
      vertex 5.5 119.143 7.92715
      vertex 6.72803 120.734 7.75986
      vertex 6.27197 120.473 7.78738
    endloop
  endfacet
  facet normal 1.97923e-05 0.104528 0.994522
    outer loop
      vertex 5.5 7.92886 19.6162
      vertex 7.2367 6.20167 19.7977
      vertex 5.5 119.143 7.92715
    endloop
  endfacet
  facet normal -0.000370323 0.104727 0.994501
    outer loop
      vertex 5.5 119.143 7.92715
      vertex 6.27197 120.473 7.78738
      vertex 5.8996 120.102 7.82631
    endloop
  endfacet
  facet normal 0.000120679 0.104629 0.994511
    outer loop
      vertex 7.2367 6.20167 19.7977
      vertex 5.5 7.92886 19.6162
      vertex 6.72803 6.33723 19.7835
    endloop
  endfacet
  facet normal 0.000487072 0.104374 0.994538
    outer loop
      vertex 5.5 119.143 7.92715
      vertex 5.8996 120.102 7.82631
      vertex 5.6363 119.649 7.87398
    endloop
  endfacet
  facet normal 9.68004e-05 0.10461 0.994513
    outer loop
      vertex 6.72803 6.33723 19.7835
      vertex 5.5 7.92886 19.6162
      vertex 6.27197 6.59909 19.756
    endloop
  endfacet
  facet normal 0.000209472 0.104675 0.994506
    outer loop
      vertex 6.27197 6.59909 19.756
      vertex 5.5 7.92886 19.6162
      vertex 5.8996 6.96942 19.7171
    endloop
  endfacet
  facet normal -1.51035e-05 0.104583 0.994516
    outer loop
      vertex 5.8996 6.96942 19.7171
      vertex 5.5 7.92886 19.6162
      vertex 5.6363 7.42298 19.6694
    endloop
  endfacet
  facet normal 0.929672 0.36637 -0.0385072
    outer loop
      vertex 312.51 4.76288 28.2937
      vertex 312.353 3.91292 16.4165
      vertex 312.353 5.15692 28.2523
    endloop
  endfacet
  facet normal 0.929669 0.366378 -0.0385078
    outer loop
      vertex 312.353 3.91292 16.4165
      vertex 312.51 4.76288 28.2937
      vertex 312.51 3.51889 16.4579
    endloop
  endfacet
  facet normal 0.992233 0.12371 -0.0130024
    outer loop
      vertex 312.353 5.15692 28.2523
      vertex 312.3 4.33338 16.3723
      vertex 312.3 5.57737 28.2081
    endloop
  endfacet
  facet normal 0.992234 0.123707 -0.0130022
    outer loop
      vertex 312.3 4.33338 16.3723
      vertex 312.353 5.15692 28.2523
      vertex 312.353 3.91292 16.4165
    endloop
  endfacet
  facet normal -0.535628 0.839828 -0.0882693
    outer loop
      vertex 315.084 4.27468 28.345
      vertex 314.724 2.8036 16.5331
      vertex 314.724 4.04759 28.3689
    endloop
  endfacet
  facet normal -0.535612 0.839838 -0.0882711
    outer loop
      vertex 314.724 2.8036 16.5331
      vertex 315.084 4.27468 28.345
      vertex 315.084 3.03068 16.5092
    endloop
  endfacet
  facet normal 0.929672 -0.36637 0.0385072
    outer loop
      vertex 312.353 5.99783 28.1639
      vertex 312.51 5.14787 16.2867
      vertex 312.51 6.39187 28.1225
    endloop
  endfacet
  facet normal 0.929669 -0.366378 0.0385078
    outer loop
      vertex 312.51 5.14787 16.2867
      vertex 312.353 5.99783 28.1639
      vertex 312.353 4.75384 16.3281
    endloop
  endfacet
  facet normal -0.535612 -0.839838 0.0882696
    outer loop
      vertex 314.724 7.10715 28.0473
      vertex 315.084 5.63608 16.2353
      vertex 315.084 6.88007 28.0712
    endloop
  endfacet
  facet normal -0.535594 -0.839849 0.0882715
    outer loop
      vertex 315.084 5.63608 16.2353
      vertex 314.724 7.10715 28.0473
      vertex 314.724 5.86316 16.2115
    endloop
  endfacet
  facet normal -0.0626861 -0.992566 0.104323
    outer loop
      vertex 313.893 7.26472 28.0307
      vertex 314.319 5.99412 16.1977
      vertex 314.319 7.23811 28.0335
    endloop
  endfacet
  facet normal -0.0626861 -0.992566 0.104323
    outer loop
      vertex 314.319 5.99412 16.1977
      vertex 313.893 7.26472 28.0307
      vertex 313.893 6.02073 16.1949
    endloop
  endfacet
  facet normal -0.968569 0.247381 -0.0260008
    outer loop
      vertex 315.687 4.12148 16.3945
      vertex 315.581 4.95499 28.2735
      vertex 315.687 5.36547 28.2303
    endloop
  endfacet
  facet normal -0.968569 0.247381 -0.0260008
    outer loop
      vertex 315.581 4.95499 28.2735
      vertex 315.687 4.12148 16.3945
      vertex 315.581 3.711 16.4377
    endloop
  endfacet
  facet normal 0.425414 0.900041 -0.0945979
    outer loop
      vertex 313.475 2.72544 16.5413
      vertex 313.089 4.14988 28.3581
      vertex 313.475 3.96943 28.3771
    endloop
  endfacet
  facet normal 0.425414 0.900041 -0.0945979
    outer loop
      vertex 313.089 4.14988 28.3581
      vertex 313.475 2.72544 16.5413
      vertex 313.089 2.90589 16.5223
    endloop
  endfacet
  facet normal -0.729795 0.679921 -0.0714624
    outer loop
      vertex 315.375 3.33962 16.4767
      vertex 315.084 4.27468 28.345
      vertex 315.375 4.58361 28.3125
    endloop
  endfacet
  facet normal -0.729806 0.679909 -0.0714617
    outer loop
      vertex 315.084 4.27468 28.345
      vertex 315.375 3.33962 16.4767
      vertex 315.084 3.03068 16.5092
    endloop
  endfacet
  facet normal 0.992234 -0.123707 0.0130021
    outer loop
      vertex 312.3 5.57737 28.2081
      vertex 312.353 4.75384 16.3281
      vertex 312.353 5.99783 28.1639
    endloop
  endfacet
  facet normal 0.992234 -0.123707 0.0130021
    outer loop
      vertex 312.353 4.75384 16.3281
      vertex 312.3 5.57737 28.2081
      vertex 312.3 4.33338 16.3723
    endloop
  endfacet
  facet normal -1 0 0
    outer loop
      vertex 315.687 4.54528 16.35
      vertex 315.687 5.36547 28.2303
      vertex 315.687 5.78927 28.1858
    endloop
  endfacet
  facet normal -1 0 0
    outer loop
      vertex 315.687 5.36547 28.2303
      vertex 315.687 4.54528 16.35
      vertex 315.687 4.12148 16.3945
    endloop
  endfacet
  facet normal -0.0626861 0.992566 -0.104323
    outer loop
      vertex 314.319 3.91663 28.3826
      vertex 313.893 2.64603 16.5496
      vertex 313.893 3.89002 28.3854
    endloop
  endfacet
  facet normal -0.0626861 0.992566 -0.104323
    outer loop
      vertex 313.893 2.64603 16.5496
      vertex 314.319 3.91663 28.3826
      vertex 314.319 2.67264 16.5468
    endloop
  endfacet
  facet normal -0.309191 0.94579 -0.0994063
    outer loop
      vertex 314.724 4.04759 28.3689
      vertex 314.319 2.67264 16.5468
      vertex 314.319 3.91663 28.3826
    endloop
  endfacet
  facet normal -0.309191 0.94579 -0.0994063
    outer loop
      vertex 314.319 2.67264 16.5468
      vertex 314.724 4.04759 28.3689
      vertex 314.724 2.8036 16.5331
    endloop
  endfacet
  facet normal 0.425375 -0.900059 0.0946006
    outer loop
      vertex 313.089 5.76087 16.2222
      vertex 313.475 7.18531 28.0391
      vertex 313.089 7.00487 28.058
    endloop
  endfacet
  facet normal 0.425394 -0.900051 0.0945989
    outer loop
      vertex 313.475 7.18531 28.0391
      vertex 313.089 5.76087 16.2222
      vertex 313.475 5.94132 16.2033
    endloop
  endfacet
  facet normal 0.187643 -0.976857 0.102672
    outer loop
      vertex 313.475 5.94132 16.2033
      vertex 313.893 7.26472 28.0307
      vertex 313.475 7.18531 28.0391
    endloop
  endfacet
  facet normal 0.187643 -0.976857 0.102672
    outer loop
      vertex 313.893 7.26472 28.0307
      vertex 313.475 5.94132 16.2033
      vertex 313.893 6.02073 16.1949
    endloop
  endfacet
  facet normal -0.968569 -0.247382 0.026001
    outer loop
      vertex 315.581 4.95576 16.3069
      vertex 315.687 5.78927 28.1858
      vertex 315.581 6.19976 28.1427
    endloop
  endfacet
  facet normal -0.968568 -0.247387 0.0260014
    outer loop
      vertex 315.687 5.78927 28.1858
      vertex 315.581 4.95576 16.3069
      vertex 315.687 4.54528 16.35
    endloop
  endfacet
  facet normal -0.875603 0.480384 -0.0504903
    outer loop
      vertex 315.581 3.711 16.4377
      vertex 315.375 4.58361 28.3125
      vertex 315.581 4.95499 28.2735
    endloop
  endfacet
  facet normal -0.875603 0.480384 -0.0504903
    outer loop
      vertex 315.375 4.58361 28.3125
      vertex 315.581 3.711 16.4377
      vertex 315.375 3.33962 16.4767
    endloop
  endfacet
  facet normal 0.637819 0.765967 -0.0805062
    outer loop
      vertex 313.089 2.90589 16.5223
      vertex 312.761 4.42002 28.3297
      vertex 313.089 4.14988 28.3581
    endloop
  endfacet
  facet normal 0.637819 0.765967 -0.0805062
    outer loop
      vertex 312.761 4.42002 28.3297
      vertex 313.089 2.90589 16.5223
      vertex 312.761 3.17603 16.4939
    endloop
  endfacet
  facet normal -0.309214 -0.945783 0.0994056
    outer loop
      vertex 314.319 7.23811 28.0335
      vertex 314.724 5.86316 16.2115
      vertex 314.724 7.10715 28.0473
    endloop
  endfacet
  facet normal -0.309214 -0.945783 0.0994056
    outer loop
      vertex 314.724 5.86316 16.2115
      vertex 314.319 7.23811 28.0335
      vertex 314.319 5.99412 16.1977
    endloop
  endfacet
  facet normal 0.187619 0.976861 -0.102672
    outer loop
      vertex 313.893 2.64603 16.5496
      vertex 313.475 3.96943 28.3771
      vertex 313.893 3.89002 28.3854
    endloop
  endfacet
  facet normal 0.187619 0.976861 -0.102672
    outer loop
      vertex 313.475 3.96943 28.3771
      vertex 313.893 2.64603 16.5496
      vertex 313.475 2.72544 16.5413
    endloop
  endfacet
  facet normal -0.875604 -0.480384 0.0504903
    outer loop
      vertex 315.375 5.32714 16.2678
      vertex 315.581 6.19976 28.1427
      vertex 315.375 6.57113 28.1036
    endloop
  endfacet
  facet normal -0.875609 -0.480374 0.0504897
    outer loop
      vertex 315.581 6.19976 28.1427
      vertex 315.375 5.32714 16.2678
      vertex 315.581 4.95576 16.3069
    endloop
  endfacet
  facet normal 0.808428 0.585371 -0.0615249
    outer loop
      vertex 312.761 4.42002 28.3297
      vertex 312.51 3.51889 16.4579
      vertex 312.51 4.76288 28.2937
    endloop
  endfacet
  facet normal 0.808428 0.585371 -0.0615249
    outer loop
      vertex 312.51 3.51889 16.4579
      vertex 312.761 4.42002 28.3297
      vertex 312.761 3.17603 16.4939
    endloop
  endfacet
  facet normal 0.637819 -0.765967 0.0805068
    outer loop
      vertex 312.761 5.49073 16.2506
      vertex 313.089 7.00487 28.058
      vertex 312.761 6.73473 28.0864
    endloop
  endfacet
  facet normal 0.637819 -0.765967 0.0805068
    outer loop
      vertex 313.089 7.00487 28.058
      vertex 312.761 5.49073 16.2506
      vertex 313.089 5.76087 16.2222
    endloop
  endfacet
  facet normal 0.808436 -0.58536 0.0615241
    outer loop
      vertex 312.51 6.39187 28.1225
      vertex 312.761 5.49073 16.2506
      vertex 312.761 6.73473 28.0864
    endloop
  endfacet
  facet normal 0.808436 -0.58536 0.0615241
    outer loop
      vertex 312.761 5.49073 16.2506
      vertex 312.51 6.39187 28.1225
      vertex 312.51 5.14787 16.2867
    endloop
  endfacet
  facet normal -0.729795 -0.679921 0.0714618
    outer loop
      vertex 315.084 5.63608 16.2353
      vertex 315.375 6.57113 28.1036
      vertex 315.084 6.88007 28.0712
    endloop
  endfacet
  facet normal -0.729806 -0.679909 0.0714612
    outer loop
      vertex 315.375 6.57113 28.1036
      vertex 315.084 5.63608 16.2353
      vertex 315.375 5.32714 16.2678
    endloop
  endfacet
  facet normal -1 0 0
    outer loop
      vertex 316.976 4.35203 12.9526
      vertex 316.976 3.95944 16.4116
      vertex 316.976 4.70732 16.333
    endloop
  endfacet
  facet normal -1 0 -0
    outer loop
      vertex 316.976 3.95944 16.4116
      vertex 316.976 4.35203 12.9526
      vertex 316.976 3.60415 13.0312
    endloop
  endfacet
  facet normal 0.992156 0.124321 -0.0130665
    outer loop
      vertex 311.094 3.5914 16.4503
      vertex 311 3.97809 12.9919
      vertex 311 4.33338 16.3723
    endloop
  endfacet
  facet normal 0.992156 0.124321 -0.0130665
    outer loop
      vertex 311 3.97809 12.9919
      vertex 311.094 3.5914 16.4503
      vertex 311.094 3.23611 13.0699
    endloop
  endfacet
  facet normal 0.929697 0.366307 -0.0385
    outer loop
      vertex 311.371 2.89604 16.5233
      vertex 311.094 3.23611 13.0699
      vertex 311.094 3.5914 16.4503
    endloop
  endfacet
  facet normal 0.929701 0.366298 -0.0385012
    outer loop
      vertex 311.094 3.23611 13.0699
      vertex 311.371 2.89604 16.5233
      vertex 311.371 2.54074 13.143
    endloop
  endfacet
  facet normal 0.637051 -0.766599 0.0805718
    outer loop
      vertex 311.813 6.02048 12.7772
      vertex 312.393 6.85249 16.1075
      vertex 311.813 6.37577 16.1576
    endloop
  endfacet
  facet normal 0.637043 -0.766605 0.0805747
    outer loop
      vertex 312.393 6.85249 16.1075
      vertex 311.813 6.02048 12.7772
      vertex 312.393 6.49719 12.7271
    endloop
  endfacet
  facet normal 0.809027 -0.584551 0.061438
    outer loop
      vertex 311.371 5.77072 16.2212
      vertex 311.813 6.02048 12.7772
      vertex 311.813 6.37577 16.1576
    endloop
  endfacet
  facet normal 0.809027 -0.584551 0.061438
    outer loop
      vertex 311.813 6.02048 12.7772
      vertex 311.371 5.77072 16.2212
      vertex 311.371 5.41543 12.8408
    endloop
  endfacet
  facet normal 0.929699 -0.366303 0.0384995
    outer loop
      vertex 311.094 5.07536 16.2943
      vertex 311.371 5.41543 12.8408
      vertex 311.371 5.77072 16.2212
    endloop
  endfacet
  facet normal 0.929699 -0.366303 0.0384995
    outer loop
      vertex 311.371 5.41543 12.8408
      vertex 311.094 5.07536 16.2943
      vertex 311.094 4.72007 12.9139
    endloop
  endfacet
  facet normal 0.187301 -0.976921 0.10268
    outer loop
      vertex 313.073 6.81563 12.6937
      vertex 313.812 7.31106 16.0593
      vertex 313.073 7.17092 16.074
    endloop
  endfacet
  facet normal 0.187314 -0.976919 0.102677
    outer loop
      vertex 313.812 7.31106 16.0593
      vertex 313.073 6.81563 12.6937
      vertex 313.812 6.95577 12.6789
    endloop
  endfacet
  facet normal -0.309097 -0.945821 0.0994086
    outer loop
      vertex 314.562 7.2641 16.0642
      vertex 315.277 6.6777 12.7081
      vertex 315.277 7.03299 16.0885
    endloop
  endfacet
  facet normal -0.309084 -0.945825 0.0994119
    outer loop
      vertex 315.277 6.6777 12.7081
      vertex 314.562 7.2641 16.0642
      vertex 314.562 6.90881 12.6839
    endloop
  endfacet
  facet normal -0.0628289 -0.992557 0.104324
    outer loop
      vertex 313.812 7.31106 16.0593
      vertex 314.562 6.90881 12.6839
      vertex 314.562 7.2641 16.0642
    endloop
  endfacet
  facet normal -0.0628427 -0.992556 0.104321
    outer loop
      vertex 314.562 6.90881 12.6839
      vertex 313.812 7.31106 16.0593
      vertex 313.812 6.95577 12.6789
    endloop
  endfacet
  facet normal -0.876466 0.478826 -0.0503275
    outer loop
      vertex 316.789 2.87976 13.1073
      vertex 316.427 2.57968 16.5566
      vertex 316.789 3.23506 16.4877
    endloop
  endfacet
  facet normal -0.876463 0.478832 -0.0503266
    outer loop
      vertex 316.427 2.57968 16.5566
      vertex 316.789 2.87976 13.1073
      vertex 316.427 2.22439 13.1762
    endloop
  endfacet
  facet normal 0.426001 0.899767 -0.0945681
    outer loop
      vertex 313.073 1.14055 13.2901
      vertex 312.393 1.81427 16.637
      vertex 313.073 1.49584 16.6705
    endloop
  endfacet
  facet normal 0.42599 0.899772 -0.0945715
    outer loop
      vertex 312.393 1.81427 16.637
      vertex 313.073 1.14055 13.2901
      vertex 312.393 1.45898 13.2567
    endloop
  endfacet
  facet normal -0.309097 0.945821 -0.0994086
    outer loop
      vertex 315.277 1.63377 16.656
      vertex 314.562 1.04737 13.2999
      vertex 314.562 1.40266 16.6803
    endloop
  endfacet
  facet normal -0.309097 0.945821 -0.0994086
    outer loop
      vertex 314.562 1.04737 13.2999
      vertex 315.277 1.63377 16.656
      vertex 315.277 1.27848 13.2756
    endloop
  endfacet
  facet normal 5.74147e-05 -0.104495 -0.994525
    outer loop
      vertex 315.687 4.12148 16.3945
      vertex 316.976 3.95944 16.4116
      vertex 316.789 3.23506 16.4877
    endloop
  endfacet
  facet normal 5.40623e-05 -0.104521 -0.994523
    outer loop
      vertex 316.976 3.95944 16.4116
      vertex 315.687 4.12148 16.3945
      vertex 316.976 4.70732 16.333
    endloop
  endfacet
  facet normal -2.40029e-05 -0.104541 -0.994521
    outer loop
      vertex 315.581 3.711 16.4377
      vertex 316.789 3.23506 16.4877
      vertex 316.427 2.57968 16.5566
    endloop
  endfacet
  facet normal 1.12511e-05 -0.104428 -0.994532
    outer loop
      vertex 315.687 4.54528 16.35
      vertex 316.976 4.70732 16.333
      vertex 315.687 4.12148 16.3945
    endloop
  endfacet
  facet normal 1.57903e-05 -0.104542 -0.99452
    outer loop
      vertex 315.375 3.33962 16.4767
      vertex 316.427 2.57968 16.5566
      vertex 315.912 2.0345 16.6139
    endloop
  endfacet
  facet normal 3.40312e-05 -0.104607 -0.994514
    outer loop
      vertex 316.976 4.70732 16.333
      vertex 315.687 4.54528 16.35
      vertex 316.789 5.4317 16.2568
    endloop
  endfacet
  facet normal -9.47254e-05 -0.104449 -0.99453
    outer loop
      vertex 315.581 4.95576 16.3069
      vertex 316.789 5.4317 16.2568
      vertex 315.687 4.54528 16.35
    endloop
  endfacet
  facet normal -6.66417e-05 -0.104648 -0.994509
    outer loop
      vertex 316.789 3.23506 16.4877
      vertex 315.581 3.711 16.4377
      vertex 315.687 4.12148 16.3945
    endloop
  endfacet
  facet normal 6.47014e-05 -0.104475 -0.994528
    outer loop
      vertex 316.427 2.57968 16.5566
      vertex 315.375 3.33962 16.4767
      vertex 315.581 3.711 16.4377
    endloop
  endfacet
  facet normal 1.77923e-05 -0.104511 -0.994524
    outer loop
      vertex 315.084 3.03068 16.5092
      vertex 315.912 2.0345 16.6139
      vertex 315.277 1.63377 16.656
    endloop
  endfacet
  facet normal -5.43686e-05 -0.10457 -0.994517
    outer loop
      vertex 315.912 2.0345 16.6139
      vertex 315.084 3.03068 16.5092
      vertex 315.375 3.33962 16.4767
    endloop
  endfacet
  facet normal -9.24189e-05 -0.104526 -0.994522
    outer loop
      vertex 315.277 1.63377 16.656
      vertex 314.724 2.8036 16.5331
      vertex 315.084 3.03068 16.5092
    endloop
  endfacet
  facet normal -2.41867e-05 -0.104494 -0.994525
    outer loop
      vertex 314.562 1.40266 16.6803
      vertex 314.724 2.8036 16.5331
      vertex 315.277 1.63377 16.656
    endloop
  endfacet
  facet normal 0.000153748 -0.104515 -0.994523
    outer loop
      vertex 314.562 1.40266 16.6803
      vertex 314.319 2.67264 16.5468
      vertex 314.724 2.8036 16.5331
    endloop
  endfacet
  facet normal -6.37427e-06 -0.104545 -0.99452
    outer loop
      vertex 314.562 1.40266 16.6803
      vertex 313.893 2.64603 16.5496
      vertex 314.319 2.67264 16.5468
    endloop
  endfacet
  facet normal 4.65916e-05 -0.104517 -0.994523
    outer loop
      vertex 313.812 1.3557 16.6852
      vertex 313.893 2.64603 16.5496
      vertex 314.562 1.40266 16.6803
    endloop
  endfacet
  facet normal -0.000106154 -0.104507 -0.994524
    outer loop
      vertex 313.812 1.3557 16.6852
      vertex 313.475 2.72544 16.5413
      vertex 313.893 2.64603 16.5496
    endloop
  endfacet
  facet normal -3.19152e-05 -0.104489 -0.994526
    outer loop
      vertex 313.073 1.49584 16.6705
      vertex 313.475 2.72544 16.5413
      vertex 313.812 1.3557 16.6852
    endloop
  endfacet
  facet normal 8.77167e-05 -0.104528 -0.994522
    outer loop
      vertex 313.475 2.72544 16.5413
      vertex 313.073 1.49584 16.6705
      vertex 313.089 2.90589 16.5223
    endloop
  endfacet
  facet normal 4.67883e-05 -0.104527 -0.994522
    outer loop
      vertex 312.393 1.81427 16.637
      vertex 313.089 2.90589 16.5223
      vertex 313.073 1.49584 16.6705
    endloop
  endfacet
  facet normal 3.087e-05 -0.104517 -0.994523
    outer loop
      vertex 313.089 2.90589 16.5223
      vertex 312.393 1.81427 16.637
      vertex 312.761 3.17603 16.4939
    endloop
  endfacet
  facet normal 5.71211e-06 -0.104511 -0.994524
    outer loop
      vertex 311.813 2.29099 16.5869
      vertex 312.761 3.17603 16.4939
      vertex 312.393 1.81427 16.637
    endloop
  endfacet
  facet normal -4.46031e-05 -0.104457 -0.994529
    outer loop
      vertex 312.761 3.17603 16.4939
      vertex 311.813 2.29099 16.5869
      vertex 312.51 3.51889 16.4579
    endloop
  endfacet
  facet normal 4.43305e-05 -0.104507 -0.994524
    outer loop
      vertex 311.371 2.89604 16.5233
      vertex 312.51 3.51889 16.4579
      vertex 311.813 2.29099 16.5869
    endloop
  endfacet
  facet normal 2.98911e-05 -0.104481 -0.994527
    outer loop
      vertex 312.51 3.51889 16.4579
      vertex 311.371 2.89604 16.5233
      vertex 312.353 3.91292 16.4165
    endloop
  endfacet
  facet normal -4.36107e-05 -0.104577 -0.994517
    outer loop
      vertex 316.789 5.4317 16.2568
      vertex 315.581 4.95576 16.3069
      vertex 316.427 6.08708 16.1879
    endloop
  endfacet
  facet normal 7.34051e-05 -0.104664 -0.994508
    outer loop
      vertex 315.375 5.32714 16.2678
      vertex 316.427 6.08708 16.1879
      vertex 315.581 4.95576 16.3069
    endloop
  endfacet
  facet normal -1.57903e-05 -0.104542 -0.99452
    outer loop
      vertex 316.427 6.08708 16.1879
      vertex 315.375 5.32714 16.2678
      vertex 315.912 6.63226 16.1306
    endloop
  endfacet
  facet normal 5.43686e-05 -0.10457 -0.994517
    outer loop
      vertex 315.084 5.63608 16.2353
      vertex 315.912 6.63226 16.1306
      vertex 315.375 5.32714 16.2678
    endloop
  endfacet
  facet normal -1.77923e-05 -0.104511 -0.994524
    outer loop
      vertex 315.912 6.63226 16.1306
      vertex 315.084 5.63608 16.2353
      vertex 315.277 7.03299 16.0885
    endloop
  endfacet
  facet normal -0.000161692 -0.104491 -0.994526
    outer loop
      vertex 314.724 5.86316 16.2115
      vertex 315.277 7.03299 16.0885
      vertex 315.084 5.63608 16.2353
    endloop
  endfacet
  facet normal 3.49648e-07 -0.104567 -0.994518
    outer loop
      vertex 314.724 5.86316 16.2115
      vertex 314.562 7.2641 16.0642
      vertex 315.277 7.03299 16.0885
    endloop
  endfacet
  facet normal 7.75053e-05 -0.104558 -0.994519
    outer loop
      vertex 314.319 5.99412 16.1977
      vertex 314.562 7.2641 16.0642
      vertex 314.724 5.86316 16.2115
    endloop
  endfacet
  facet normal 6.37427e-06 -0.104545 -0.99452
    outer loop
      vertex 313.893 6.02073 16.1949
      vertex 314.562 7.2641 16.0642
      vertex 314.319 5.99412 16.1977
    endloop
  endfacet
  facet normal -4.65916e-05 -0.104517 -0.994523
    outer loop
      vertex 313.893 6.02073 16.1949
      vertex 313.812 7.31106 16.0593
      vertex 314.562 7.2641 16.0642
    endloop
  endfacet
  facet normal -0.000128966 -0.104522 -0.994523
    outer loop
      vertex 313.475 5.94132 16.2033
      vertex 313.812 7.31106 16.0593
      vertex 313.893 6.02073 16.1949
    endloop
  endfacet
  facet normal 0.000168572 -0.104525 -0.994522
    outer loop
      vertex 313.073 7.17092 16.074
      vertex 313.475 5.94132 16.2033
      vertex 313.089 5.76087 16.2222
    endloop
  endfacet
  facet normal 4.63574e-05 -0.104565 -0.994518
    outer loop
      vertex 313.475 5.94132 16.2033
      vertex 313.073 7.17092 16.074
      vertex 313.812 7.31106 16.0593
    endloop
  endfacet
  facet normal -3.087e-05 -0.104517 -0.994523
    outer loop
      vertex 312.393 6.85249 16.1075
      vertex 313.089 5.76087 16.2222
      vertex 312.761 5.49073 16.2506
    endloop
  endfacet
  facet normal -0.000116257 -0.104628 -0.994511
    outer loop
      vertex 311.813 6.37577 16.1576
      vertex 312.761 5.49073 16.2506
      vertex 312.51 5.14787 16.2867
    endloop
  endfacet
  facet normal -4.67883e-05 -0.104527 -0.994522
    outer loop
      vertex 313.089 5.76087 16.2222
      vertex 312.393 6.85249 16.1075
      vertex 313.073 7.17092 16.074
    endloop
  endfacet
  facet normal 4.18033e-05 -0.104509 -0.994524
    outer loop
      vertex 311.371 5.77072 16.2212
      vertex 312.51 5.14787 16.2867
      vertex 312.353 4.75384 16.3281
    endloop
  endfacet
  facet normal 6.62528e-07 -0.104547 -0.99452
    outer loop
      vertex 311.094 5.07536 16.2943
      vertex 312.353 4.75384 16.3281
      vertex 312.3 4.33338 16.3723
    endloop
  endfacet
  facet normal -3.32102e-05 -0.104421 -0.994533
    outer loop
      vertex 311.094 3.5914 16.4503
      vertex 312.353 3.91292 16.4165
      vertex 311.371 2.89604 16.5233
    endloop
  endfacet
  facet normal -5.71211e-06 -0.104511 -0.994524
    outer loop
      vertex 312.761 5.49073 16.2506
      vertex 311.813 6.37577 16.1576
      vertex 312.393 6.85249 16.1075
    endloop
  endfacet
  facet normal -6.62528e-07 -0.104547 -0.99452
    outer loop
      vertex 312.353 3.91292 16.4165
      vertex 311.094 3.5914 16.4503
      vertex 312.3 4.33338 16.3723
    endloop
  endfacet
  facet normal 1.8061e-05 -0.104552 -0.994519
    outer loop
      vertex 312.51 5.14787 16.2867
      vertex 311.371 5.77072 16.2212
      vertex 311.813 6.37577 16.1576
    endloop
  endfacet
  facet normal 0 -0.104548 -0.99452
    outer loop
      vertex 311 4.33338 16.3723
      vertex 312.3 4.33338 16.3723
      vertex 311.094 3.5914 16.4503
    endloop
  endfacet
  facet normal 5.77418e-08 -0.104549 -0.99452
    outer loop
      vertex 312.353 4.75384 16.3281
      vertex 311.094 5.07536 16.2943
      vertex 311.371 5.77072 16.2212
    endloop
  endfacet
  facet normal -0 -0.104548 -0.99452
    outer loop
      vertex 312.3 4.33338 16.3723
      vertex 311 4.33338 16.3723
      vertex 311.094 5.07536 16.2943
    endloop
  endfacet
  facet normal -0.535781 0.839731 -0.0882582
    outer loop
      vertex 315.912 2.0345 16.6139
      vertex 315.277 1.27848 13.2756
      vertex 315.277 1.63377 16.656
    endloop
  endfacet
  facet normal -0.535781 0.839731 -0.0882582
    outer loop
      vertex 315.277 1.27848 13.2756
      vertex 315.912 2.0345 16.6139
      vertex 315.912 1.67921 13.2335
    endloop
  endfacet
  facet normal 0.809027 0.584551 -0.0614416
    outer loop
      vertex 311.813 2.29099 16.5869
      vertex 311.371 2.54074 13.143
      vertex 311.371 2.89604 16.5233
    endloop
  endfacet
  facet normal 0.809023 0.584557 -0.0614405
    outer loop
      vertex 311.371 2.54074 13.143
      vertex 311.813 2.29099 16.5869
      vertex 311.813 1.9357 13.2066
    endloop
  endfacet
  facet normal -0.728821 0.680953 -0.0715702
    outer loop
      vertex 316.427 2.22439 13.1762
      vertex 315.912 2.0345 16.6139
      vertex 316.427 2.57968 16.5566
    endloop
  endfacet
  facet normal -0.728821 0.680953 -0.0715702
    outer loop
      vertex 315.912 2.0345 16.6139
      vertex 316.427 2.22439 13.1762
      vertex 315.912 1.67921 13.2335
    endloop
  endfacet
  facet normal -0.728821 -0.680953 0.0715743
    outer loop
      vertex 315.912 6.27696 12.7503
      vertex 316.427 6.08708 16.1879
      vertex 315.912 6.63226 16.1306
    endloop
  endfacet
  facet normal -0.728821 -0.680953 0.0715743
    outer loop
      vertex 316.427 6.08708 16.1879
      vertex 315.912 6.27696 12.7503
      vertex 316.427 5.73178 12.8076
    endloop
  endfacet
  facet normal -0.968587 0.247312 -0.0259932
    outer loop
      vertex 316.976 3.60415 13.0312
      vertex 316.789 3.23506 16.4877
      vertex 316.976 3.95944 16.4116
    endloop
  endfacet
  facet normal -0.968588 0.247309 -0.0259936
    outer loop
      vertex 316.789 3.23506 16.4877
      vertex 316.976 3.60415 13.0312
      vertex 316.789 2.87976 13.1073
    endloop
  endfacet
  facet normal -0.535781 -0.839731 0.0882633
    outer loop
      vertex 315.277 7.03299 16.0885
      vertex 315.912 6.27696 12.7503
      vertex 315.912 6.63226 16.1306
    endloop
  endfacet
  facet normal -0.535801 -0.839719 0.088257
    outer loop
      vertex 315.912 6.27696 12.7503
      vertex 315.277 7.03299 16.0885
      vertex 315.277 6.6777 12.7081
    endloop
  endfacet
  facet normal 0.637051 0.766599 -0.0805742
    outer loop
      vertex 312.393 1.45898 13.2567
      vertex 311.813 2.29099 16.5869
      vertex 312.393 1.81427 16.637
    endloop
  endfacet
  facet normal 0.637051 0.766599 -0.0805742
    outer loop
      vertex 311.813 2.29099 16.5869
      vertex 312.393 1.45898 13.2567
      vertex 311.813 1.9357 13.2066
    endloop
  endfacet
  facet normal 0.992156 -0.124321 0.0130665
    outer loop
      vertex 311 4.33338 16.3723
      vertex 311.094 4.72007 12.9139
      vertex 311.094 5.07536 16.2943
    endloop
  endfacet
  facet normal 0.992156 -0.124321 0.0130665
    outer loop
      vertex 311.094 4.72007 12.9139
      vertex 311 4.33338 16.3723
      vertex 311 3.97809 12.9919
    endloop
  endfacet
  facet normal -0.968588 -0.247308 0.0259929
    outer loop
      vertex 316.789 5.07641 12.8764
      vertex 316.976 4.70732 16.333
      vertex 316.789 5.4317 16.2568
    endloop
  endfacet
  facet normal -0.968588 -0.247308 0.0259929
    outer loop
      vertex 316.976 4.70732 16.333
      vertex 316.789 5.07641 12.8764
      vertex 316.976 4.35203 12.9526
    endloop
  endfacet
  facet normal 0.426001 -0.899766 0.0945708
    outer loop
      vertex 312.393 6.49719 12.7271
      vertex 313.073 7.17092 16.074
      vertex 312.393 6.85249 16.1075
    endloop
  endfacet
  facet normal 0.426001 -0.899767 0.0945709
    outer loop
      vertex 313.073 7.17092 16.074
      vertex 312.393 6.49719 12.7271
      vertex 313.073 6.81563 12.6937
    endloop
  endfacet
  facet normal -0.876466 -0.478826 0.0503289
    outer loop
      vertex 316.427 5.73178 12.8076
      vertex 316.789 5.4317 16.2568
      vertex 316.427 6.08708 16.1879
    endloop
  endfacet
  facet normal -0.87646 -0.478838 0.0503273
    outer loop
      vertex 316.789 5.4317 16.2568
      vertex 316.427 5.73178 12.8076
      vertex 316.789 5.07641 12.8764
    endloop
  endfacet
  facet normal 0.187301 0.976921 -0.10268
    outer loop
      vertex 313.812 1.00041 13.3049
      vertex 313.073 1.49584 16.6705
      vertex 313.812 1.3557 16.6852
    endloop
  endfacet
  facet normal 0.187314 0.976919 -0.102677
    outer loop
      vertex 313.073 1.49584 16.6705
      vertex 313.812 1.00041 13.3049
      vertex 313.073 1.14055 13.2901
    endloop
  endfacet
  facet normal -0.0628289 0.992557 -0.104324
    outer loop
      vertex 314.562 1.40266 16.6803
      vertex 313.812 1.00041 13.3049
      vertex 313.812 1.3557 16.6852
    endloop
  endfacet
  facet normal -0.0628427 0.992556 -0.104321
    outer loop
      vertex 313.812 1.00041 13.3049
      vertex 314.562 1.40266 16.6803
      vertex 314.562 1.04737 13.2999
    endloop
  endfacet
  facet normal 0.92966 0.366402 -0.0385105
    outer loop
      vertex 312.51 124.404 15.7189
      vertex 312.353 123.554 3.84169
      vertex 312.353 124.798 15.6775
    endloop
  endfacet
  facet normal 0.92966 0.366401 -0.0385105
    outer loop
      vertex 312.353 123.554 3.84169
      vertex 312.51 124.404 15.7189
      vertex 312.51 123.16 3.8831
    endloop
  endfacet
  facet normal 0.992217 0.123839 -0.013016
    outer loop
      vertex 312.353 124.798 15.6775
      vertex 312.3 123.974 3.79749
      vertex 312.3 125.218 15.6333
    endloop
  endfacet
  facet normal 0.992217 0.123839 -0.013016
    outer loop
      vertex 312.3 123.974 3.79749
      vertex 312.353 124.798 15.6775
      vertex 312.353 123.554 3.84169
    endloop
  endfacet
  facet normal -0.535478 0.839922 -0.0882798
    outer loop
      vertex 315.084 123.916 15.7702
      vertex 314.724 122.445 3.95828
      vertex 314.724 123.689 15.7941
    endloop
  endfacet
  facet normal -0.535473 0.839926 -0.0882803
    outer loop
      vertex 314.724 122.445 3.95828
      vertex 315.084 123.916 15.7702
      vertex 315.084 122.672 3.93441
    endloop
  endfacet
  facet normal 0.92966 -0.366402 0.0385105
    outer loop
      vertex 312.353 125.639 15.5891
      vertex 312.51 124.789 3.71189
      vertex 312.51 126.033 15.5477
    endloop
  endfacet
  facet normal 0.92966 -0.366401 0.0385105
    outer loop
      vertex 312.51 124.789 3.71189
      vertex 312.353 125.639 15.5891
      vertex 312.353 124.395 3.7533
    endloop
  endfacet
  facet normal -0.535478 -0.839922 0.0882797
    outer loop
      vertex 314.724 126.748 15.4725
      vertex 315.084 125.277 3.66057
      vertex 315.084 126.521 15.4964
    endloop
  endfacet
  facet normal -0.535471 -0.839927 0.0882804
    outer loop
      vertex 315.084 125.277 3.66057
      vertex 314.724 126.748 15.4725
      vertex 314.724 125.504 3.63671
    endloop
  endfacet
  facet normal -0.0635668 -0.99251 0.104318
    outer loop
      vertex 313.893 126.906 15.456
      vertex 314.319 125.635 3.62294
      vertex 314.319 126.879 15.4587
    endloop
  endfacet
  facet normal -0.0635887 -0.992509 0.104317
    outer loop
      vertex 314.319 125.635 3.62294
      vertex 313.893 126.906 15.456
      vertex 313.893 125.662 3.62015
    endloop
  endfacet
  facet normal -0.968498 0.247656 -0.0260298
    outer loop
      vertex 315.687 123.762 3.81976
      vertex 315.581 124.596 15.6987
      vertex 315.687 125.006 15.6556
    endloop
  endfacet
  facet normal -0.968499 0.247653 -0.0260296
    outer loop
      vertex 315.581 124.596 15.6987
      vertex 315.687 123.762 3.81976
      vertex 315.581 123.352 3.86291
    endloop
  endfacet
  facet normal 0.426463 0.89955 -0.094547
    outer loop
      vertex 313.475 122.366 3.96649
      vertex 313.089 123.791 15.7833
      vertex 313.475 123.61 15.8023
    endloop
  endfacet
  facet normal 0.426455 0.899553 -0.0945477
    outer loop
      vertex 313.089 123.791 15.7833
      vertex 313.475 122.366 3.96649
      vertex 313.089 122.547 3.94753
    endloop
  endfacet
  facet normal -0.729872 0.679839 -0.0714547
    outer loop
      vertex 315.375 122.981 3.90194
      vertex 315.084 123.916 15.7702
      vertex 315.375 124.225 15.7377
    endloop
  endfacet
  facet normal -0.729868 0.679843 -0.0714549
    outer loop
      vertex 315.084 123.916 15.7702
      vertex 315.375 122.981 3.90194
      vertex 315.084 122.672 3.93441
    endloop
  endfacet
  facet normal 0.992253 -0.123552 0.0129859
    outer loop
      vertex 312.3 125.218 15.6333
      vertex 312.353 124.395 3.7533
      vertex 312.353 125.639 15.5891
    endloop
  endfacet
  facet normal 0.992253 -0.123552 0.0129859
    outer loop
      vertex 312.353 124.395 3.7533
      vertex 312.3 125.218 15.6333
      vertex 312.3 123.974 3.79749
    endloop
  endfacet
  facet normal -1 0 0
    outer loop
      vertex 315.687 124.186 3.77522
      vertex 315.687 125.006 15.6556
      vertex 315.687 125.43 15.611
    endloop
  endfacet
  facet normal -1 0 0
    outer loop
      vertex 315.687 125.006 15.6556
      vertex 315.687 124.186 3.77522
      vertex 315.687 123.762 3.81976
    endloop
  endfacet
  facet normal -0.0635912 0.992509 -0.104318
    outer loop
      vertex 314.319 123.558 15.8078
      vertex 313.893 122.287 3.97484
      vertex 313.893 123.531 15.8106
    endloop
  endfacet
  facet normal -0.0635912 0.992509 -0.104318
    outer loop
      vertex 313.893 122.287 3.97484
      vertex 314.319 123.558 15.8078
      vertex 314.319 122.314 3.97204
    endloop
  endfacet
  facet normal -0.309276 0.945763 -0.0994046
    outer loop
      vertex 314.724 123.689 15.7941
      vertex 314.319 122.314 3.97204
      vertex 314.319 123.558 15.8078
    endloop
  endfacet
  facet normal -0.309289 0.945758 -0.0994036
    outer loop
      vertex 314.319 122.314 3.97204
      vertex 314.724 123.689 15.7941
      vertex 314.724 122.445 3.95828
    endloop
  endfacet
  facet normal 0.424554 -0.900443 0.0946406
    outer loop
      vertex 313.089 125.402 3.64746
      vertex 313.475 126.826 15.4643
      vertex 313.089 126.646 15.4833
    endloop
  endfacet
  facet normal 0.424548 -0.900445 0.0946411
    outer loop
      vertex 313.475 126.826 15.4643
      vertex 313.089 125.402 3.64746
      vertex 313.475 125.582 3.62849
    endloop
  endfacet
  facet normal 0.188949 -0.976607 0.102646
    outer loop
      vertex 313.475 125.582 3.62849
      vertex 313.893 126.906 15.456
      vertex 313.475 126.826 15.4643
    endloop
  endfacet
  facet normal 0.188958 -0.976606 0.102646
    outer loop
      vertex 313.893 126.906 15.456
      vertex 313.475 125.582 3.62849
      vertex 313.893 125.662 3.62015
    endloop
  endfacet
  facet normal -0.968643 -0.247097 0.025971
    outer loop
      vertex 315.581 124.597 3.73208
      vertex 315.687 125.43 15.611
      vertex 315.581 125.841 15.5679
    endloop
  endfacet
  facet normal -0.968643 -0.247094 0.0259709
    outer loop
      vertex 315.687 125.43 15.611
      vertex 315.581 124.597 3.73208
      vertex 315.687 124.186 3.77522
    endloop
  endfacet
  facet normal -0.875396 0.480757 -0.05053
    outer loop
      vertex 315.581 123.352 3.86291
      vertex 315.375 124.225 15.7377
      vertex 315.581 124.596 15.6987
    endloop
  endfacet
  facet normal -0.875398 0.480754 -0.0505298
    outer loop
      vertex 315.375 124.225 15.7377
      vertex 315.581 123.352 3.86291
      vertex 315.375 122.981 3.90194
    endloop
  endfacet
  facet normal 0.637625 0.766127 -0.0805238
    outer loop
      vertex 313.089 122.547 3.94753
      vertex 312.761 124.061 15.7549
      vertex 313.089 123.791 15.7833
    endloop
  endfacet
  facet normal 0.637624 0.766128 -0.080524
    outer loop
      vertex 312.761 124.061 15.7549
      vertex 313.089 122.547 3.94753
      vertex 312.761 122.817 3.91914
    endloop
  endfacet
  facet normal -0.309298 -0.945756 0.0994036
    outer loop
      vertex 314.319 126.879 15.4587
      vertex 314.724 125.504 3.63671
      vertex 314.724 126.748 15.4725
    endloop
  endfacet
  facet normal -0.309291 -0.945758 0.0994041
    outer loop
      vertex 314.724 125.504 3.63671
      vertex 314.319 126.879 15.4587
      vertex 314.319 125.635 3.62294
    endloop
  endfacet
  facet normal 0.186694 0.977036 -0.102692
    outer loop
      vertex 313.893 122.287 3.97484
      vertex 313.475 123.61 15.8023
      vertex 313.893 123.531 15.8106
    endloop
  endfacet
  facet normal 0.186706 0.977034 -0.102691
    outer loop
      vertex 313.475 123.61 15.8023
      vertex 313.893 122.287 3.97484
      vertex 313.475 122.366 3.96649
    endloop
  endfacet
  facet normal -0.875402 -0.480747 0.050529
    outer loop
      vertex 315.375 124.968 3.69304
      vertex 315.581 125.841 15.5679
      vertex 315.375 126.212 15.5288
    endloop
  endfacet
  facet normal -0.875399 -0.480753 0.0505294
    outer loop
      vertex 315.581 125.841 15.5679
      vertex 315.375 124.968 3.69304
      vertex 315.581 124.597 3.73208
    endloop
  endfacet
  facet normal 0.808541 0.585217 -0.0615091
    outer loop
      vertex 312.761 124.061 15.7549
      vertex 312.51 123.16 3.8831
      vertex 312.51 124.404 15.7189
    endloop
  endfacet
  facet normal 0.808544 0.585212 -0.0615088
    outer loop
      vertex 312.51 123.16 3.8831
      vertex 312.761 124.061 15.7549
      vertex 312.761 122.817 3.91914
    endloop
  endfacet
  facet normal 0.637625 -0.766127 0.0805233
    outer loop
      vertex 312.761 125.132 3.67585
      vertex 313.089 126.646 15.4833
      vertex 312.761 126.376 15.5117
    endloop
  endfacet
  facet normal 0.637624 -0.766128 0.0805235
    outer loop
      vertex 313.089 126.646 15.4833
      vertex 312.761 125.132 3.67585
      vertex 313.089 125.402 3.64746
    endloop
  endfacet
  facet normal 0.808541 -0.585217 0.0615089
    outer loop
      vertex 312.51 126.033 15.5477
      vertex 312.761 125.132 3.67585
      vertex 312.761 126.376 15.5117
    endloop
  endfacet
  facet normal 0.808544 -0.585212 0.0615086
    outer loop
      vertex 312.761 125.132 3.67585
      vertex 312.51 126.033 15.5477
      vertex 312.51 124.789 3.71189
    endloop
  endfacet
  facet normal -0.72986 -0.679852 0.0714555
    outer loop
      vertex 315.084 125.277 3.66057
      vertex 315.375 126.212 15.5288
      vertex 315.084 126.521 15.4964
    endloop
  endfacet
  facet normal -0.729868 -0.679843 0.071455
    outer loop
      vertex 315.375 126.212 15.5288
      vertex 315.084 125.277 3.66057
      vertex 315.375 124.968 3.69304
    endloop
  endfacet
  facet normal -1 0 0
    outer loop
      vertex 316.976 123.993 0.377812
      vertex 316.976 123.6 3.8368
      vertex 316.976 124.348 3.75819
    endloop
  endfacet
  facet normal -1 0 -0
    outer loop
      vertex 316.976 123.6 3.8368
      vertex 316.976 123.993 0.377812
      vertex 316.976 123.245 0.456417
    endloop
  endfacet
  facet normal 0.992156 0.124319 -0.0130557
    outer loop
      vertex 311.094 123.232 3.87548
      vertex 311 123.619 0.417114
      vertex 311 123.974 3.79749
    endloop
  endfacet
  facet normal 0.992156 0.124319 -0.0130557
    outer loop
      vertex 311 123.619 0.417114
      vertex 311.094 123.232 3.87548
      vertex 311.094 122.877 0.4951
    endloop
  endfacet
  facet normal 0.929634 0.366469 -0.0384858
    outer loop
      vertex 311.371 122.537 3.94856
      vertex 311.094 122.877 0.4951
      vertex 311.094 123.232 3.87548
    endloop
  endfacet
  facet normal 0.929634 0.366469 -0.0384858
    outer loop
      vertex 311.094 122.877 0.4951
      vertex 311.371 122.537 3.94856
      vertex 311.371 122.182 0.568185
    endloop
  endfacet
  facet normal 0.636486 -0.767046 0.0807804
    outer loop
      vertex 311.813 125.661 0.20245
      vertex 312.393 126.493 3.53272
      vertex 311.813 126.017 3.58283
    endloop
  endfacet
  facet normal 0.637271 -0.766425 0.0804883
    outer loop
      vertex 312.393 126.493 3.53272
      vertex 311.813 125.661 0.20245
      vertex 312.393 126.138 0.152345
    endloop
  endfacet
  facet normal 0.809004 -0.58457 0.0615632
    outer loop
      vertex 311.371 125.412 3.64642
      vertex 311.813 125.661 0.20245
      vertex 311.813 126.017 3.58283
    endloop
  endfacet
  facet normal 0.809004 -0.58457 0.0615632
    outer loop
      vertex 311.813 125.661 0.20245
      vertex 311.371 125.412 3.64642
      vertex 311.371 125.056 0.266043
    endloop
  endfacet
  facet normal 0.929813 -0.366007 0.0385456
    outer loop
      vertex 311.094 124.716 3.71951
      vertex 311.371 125.056 0.266043
      vertex 311.371 125.412 3.64642
    endloop
  endfacet
  facet normal 0.929634 -0.366469 0.0384857
    outer loop
      vertex 311.371 125.056 0.266043
      vertex 311.094 124.716 3.71951
      vertex 311.094 124.361 0.339129
    endloop
  endfacet
  facet normal 0.187126 -0.976963 0.102598
    outer loop
      vertex 313.073 126.457 0.118877
      vertex 313.812 126.952 3.48453
      vertex 313.073 126.812 3.49926
    endloop
  endfacet
  facet normal 0.187126 -0.976963 0.102598
    outer loop
      vertex 313.812 126.952 3.48453
      vertex 313.073 126.457 0.118877
      vertex 313.812 126.597 0.104148
    endloop
  endfacet
  facet normal -0.308964 -0.945872 0.0993335
    outer loop
      vertex 314.562 126.905 3.48946
      vertex 315.277 126.319 0.133374
      vertex 315.277 126.674 3.51375
    endloop
  endfacet
  facet normal -0.308964 -0.945872 0.0993335
    outer loop
      vertex 315.277 126.319 0.133374
      vertex 314.562 126.905 3.48946
      vertex 314.562 126.55 0.109083
    endloop
  endfacet
  facet normal -0.0628858 -0.992562 0.104237
    outer loop
      vertex 313.812 126.952 3.48453
      vertex 314.562 126.55 0.109083
      vertex 314.562 126.905 3.48946
    endloop
  endfacet
  facet normal -0.0628865 -0.992562 0.104237
    outer loop
      vertex 314.562 126.55 0.109083
      vertex 313.812 126.952 3.48453
      vertex 313.812 126.597 0.104148
    endloop
  endfacet
  facet normal -0.876349 0.479043 -0.0503081
    outer loop
      vertex 316.789 122.521 0.532553
      vertex 316.427 122.221 3.98181
      vertex 316.789 122.876 3.91293
    endloop
  endfacet
  facet normal -0.876655 0.478473 -0.0503898
    outer loop
      vertex 316.427 122.221 3.98181
      vertex 316.789 122.521 0.532553
      vertex 316.427 121.865 0.601435
    endloop
  endfacet
  facet normal 0.425532 0.899994 -0.0945154
    outer loop
      vertex 313.073 120.782 0.715352
      vertex 312.393 121.455 4.06226
      vertex 313.073 121.137 4.09573
    endloop
  endfacet
  facet normal 0.425532 0.899994 -0.0945155
    outer loop
      vertex 312.393 121.455 4.06226
      vertex 313.073 120.782 0.715352
      vertex 312.393 121.1 0.681883
    endloop
  endfacet
  facet normal -0.308964 0.945843 -0.0996103
    outer loop
      vertex 315.277 121.275 4.08123
      vertex 314.562 120.688 0.725145
      vertex 314.562 121.044 4.10552
    endloop
  endfacet
  facet normal -0.308964 0.945843 -0.0996103
    outer loop
      vertex 314.562 120.688 0.725145
      vertex 315.277 121.275 4.08123
      vertex 315.277 120.919 0.700855
    endloop
  endfacet
  facet normal 4.02542e-06 -0.104576 -0.994517
    outer loop
      vertex 315.687 123.762 3.81976
      vertex 316.976 123.6 3.8368
      vertex 316.789 122.876 3.91293
    endloop
  endfacet
  facet normal 1.14494e-05 -0.104518 -0.994523
    outer loop
      vertex 316.976 123.6 3.8368
      vertex 315.687 123.762 3.81976
      vertex 316.976 124.348 3.75819
    endloop
  endfacet
  facet normal -2.45442e-05 -0.10457 -0.994518
    outer loop
      vertex 315.581 123.352 3.86291
      vertex 316.789 122.876 3.91293
      vertex 316.427 122.221 3.98181
    endloop
  endfacet
  facet normal -9.53519e-06 -0.104472 -0.994528
    outer loop
      vertex 315.687 124.186 3.77522
      vertex 316.976 124.348 3.75819
      vertex 315.687 123.762 3.81976
    endloop
  endfacet
  facet normal 6.28358e-05 -0.104431 -0.994532
    outer loop
      vertex 315.375 122.981 3.90194
      vertex 316.427 122.221 3.98181
      vertex 315.912 121.675 4.03911
    endloop
  endfacet
  facet normal -1.24417e-05 -0.104449 -0.99453
    outer loop
      vertex 316.976 124.348 3.75819
      vertex 315.687 124.186 3.77522
      vertex 316.789 125.073 3.68205
    endloop
  endfacet
  facet normal -5.03501e-05 -0.104403 -0.994535
    outer loop
      vertex 315.581 124.597 3.73208
      vertex 316.789 125.073 3.68205
      vertex 315.687 124.186 3.77522
    endloop
  endfacet
  facet normal -5.68566e-05 -0.104651 -0.994509
    outer loop
      vertex 316.789 122.876 3.91293
      vertex 315.581 123.352 3.86291
      vertex 315.687 123.762 3.81976
    endloop
  endfacet
  facet normal -5.64317e-05 -0.104594 -0.994515
    outer loop
      vertex 316.427 122.221 3.98181
      vertex 315.375 122.981 3.90194
      vertex 315.581 123.352 3.86291
    endloop
  endfacet
  facet normal -0.000117202 -0.104537 -0.994521
    outer loop
      vertex 315.084 122.672 3.93441
      vertex 315.912 121.675 4.03911
      vertex 315.277 121.275 4.08123
    endloop
  endfacet
  facet normal -3.69592e-05 -0.104471 -0.994528
    outer loop
      vertex 315.912 121.675 4.03911
      vertex 315.084 122.672 3.93441
      vertex 315.375 122.981 3.90194
    endloop
  endfacet
  facet normal -3.31974e-05 -0.104526 -0.994522
    outer loop
      vertex 315.277 121.275 4.08123
      vertex 314.724 122.445 3.95828
      vertex 315.084 122.672 3.93441
    endloop
  endfacet
  facet normal -1.84096e-05 -0.104519 -0.994523
    outer loop
      vertex 314.562 121.044 4.10552
      vertex 314.724 122.445 3.95828
      vertex 315.277 121.275 4.08123
    endloop
  endfacet
  facet normal 1.94468e-05 -0.104523 -0.994522
    outer loop
      vertex 314.562 121.044 4.10552
      vertex 314.319 122.314 3.97204
      vertex 314.724 122.445 3.95828
    endloop
  endfacet
  facet normal 8.71056e-05 -0.10451 -0.994524
    outer loop
      vertex 314.562 121.044 4.10552
      vertex 313.893 122.287 3.97484
      vertex 314.319 122.314 3.97204
    endloop
  endfacet
  facet normal 1.58926e-06 -0.104556 -0.994519
    outer loop
      vertex 313.812 120.997 4.11046
      vertex 313.893 122.287 3.97484
      vertex 314.562 121.044 4.10552
    endloop
  endfacet
  facet normal 0.000104844 -0.104562 -0.994518
    outer loop
      vertex 313.812 120.997 4.11046
      vertex 313.475 122.366 3.96649
      vertex 313.893 122.287 3.97484
    endloop
  endfacet
  facet normal 9.86771e-06 -0.104585 -0.994516
    outer loop
      vertex 313.073 121.137 4.09573
      vertex 313.475 122.366 3.96649
      vertex 313.812 120.997 4.11046
    endloop
  endfacet
  facet normal -0.000164676 -0.104529 -0.994522
    outer loop
      vertex 313.475 122.366 3.96649
      vertex 313.073 121.137 4.09573
      vertex 313.089 122.547 3.94753
    endloop
  endfacet
  facet normal 6.7169e-05 -0.104531 -0.994522
    outer loop
      vertex 312.393 121.455 4.06226
      vertex 313.089 122.547 3.94753
      vertex 313.073 121.137 4.09573
    endloop
  endfacet
  facet normal 4.51281e-05 -0.104517 -0.994523
    outer loop
      vertex 313.089 122.547 3.94753
      vertex 312.393 121.455 4.06226
      vertex 312.761 122.817 3.91914
    endloop
  endfacet
  facet normal -3.30033e-05 -0.104497 -0.994525
    outer loop
      vertex 311.813 121.932 4.01216
      vertex 312.761 122.817 3.91914
      vertex 312.393 121.455 4.06226
    endloop
  endfacet
  facet normal -1.90074e-05 -0.104511 -0.994524
    outer loop
      vertex 312.761 122.817 3.91914
      vertex 311.813 121.932 4.01216
      vertex 312.51 123.16 3.8831
    endloop
  endfacet
  facet normal 2.01078e-05 -0.104533 -0.994521
    outer loop
      vertex 311.371 122.537 3.94856
      vertex 312.51 123.16 3.8831
      vertex 311.813 121.932 4.01216
    endloop
  endfacet
  facet normal 1.30825e-05 -0.104521 -0.994523
    outer loop
      vertex 312.51 123.16 3.8831
      vertex 311.371 122.537 3.94856
      vertex 312.353 123.554 3.84169
    endloop
  endfacet
  facet normal 1.77837e-05 -0.104574 -0.994517
    outer loop
      vertex 316.789 125.073 3.68205
      vertex 315.581 124.597 3.73208
      vertex 316.427 125.728 3.61317
    endloop
  endfacet
  facet normal 7.02531e-05 -0.104613 -0.994513
    outer loop
      vertex 315.375 124.968 3.69304
      vertex 316.427 125.728 3.61317
      vertex 315.581 124.597 3.73208
    endloop
  endfacet
  facet normal 1.94319e-05 -0.104543 -0.99452
    outer loop
      vertex 316.427 125.728 3.61317
      vertex 315.375 124.968 3.69304
      vertex 315.912 126.273 3.55587
    endloop
  endfacet
  facet normal -2.21982e-05 -0.104526 -0.994522
    outer loop
      vertex 315.084 125.277 3.66057
      vertex 315.912 126.273 3.55587
      vertex 315.375 124.968 3.69304
    endloop
  endfacet
  facet normal -3.42133e-05 -0.104516 -0.994523
    outer loop
      vertex 315.912 126.273 3.55587
      vertex 315.084 125.277 3.66057
      vertex 315.277 126.674 3.51375
    endloop
  endfacet
  facet normal 7.78547e-06 -0.104522 -0.994523
    outer loop
      vertex 314.724 125.504 3.63671
      vertex 315.277 126.674 3.51375
      vertex 315.084 125.277 3.66057
    endloop
  endfacet
  facet normal 1.60272e-05 -0.104526 -0.994522
    outer loop
      vertex 314.724 125.504 3.63671
      vertex 314.562 126.905 3.48946
      vertex 315.277 126.674 3.51375
    endloop
  endfacet
  facet normal 3.67813e-06 -0.104527 -0.994522
    outer loop
      vertex 314.319 125.635 3.62294
      vertex 314.562 126.905 3.48946
      vertex 314.724 125.504 3.63671
    endloop
  endfacet
  facet normal -0.000110172 -0.104506 -0.994524
    outer loop
      vertex 313.893 125.662 3.62015
      vertex 314.562 126.905 3.48946
      vertex 314.319 125.635 3.62294
    endloop
  endfacet
  facet normal -1.49019e-05 -0.104556 -0.994519
    outer loop
      vertex 313.893 125.662 3.62015
      vertex 313.812 126.952 3.48453
      vertex 314.562 126.905 3.48946
    endloop
  endfacet
  facet normal 0.000165844 -0.104545 -0.99452
    outer loop
      vertex 313.475 125.582 3.62849
      vertex 313.812 126.952 3.48453
      vertex 313.893 125.662 3.62015
    endloop
  endfacet
  facet normal -0.000130327 -0.104532 -0.994522
    outer loop
      vertex 313.073 126.812 3.49926
      vertex 313.475 125.582 3.62849
      vertex 313.089 125.402 3.64746
    endloop
  endfacet
  facet normal -2.64795e-05 -0.104498 -0.994525
    outer loop
      vertex 313.475 125.582 3.62849
      vertex 313.073 126.812 3.49926
      vertex 313.812 126.952 3.48453
    endloop
  endfacet
  facet normal 1.14983e-05 -0.104585 -0.994516
    outer loop
      vertex 312.393 126.493 3.53272
      vertex 313.089 125.402 3.64746
      vertex 312.761 125.132 3.67585
    endloop
  endfacet
  facet normal 1.90074e-05 -0.104511 -0.994524
    outer loop
      vertex 311.813 126.017 3.58283
      vertex 312.761 125.132 3.67585
      vertex 312.51 124.789 3.71189
    endloop
  endfacet
  facet normal 0.000100287 -0.104529 -0.994522
    outer loop
      vertex 313.089 125.402 3.64746
      vertex 312.393 126.493 3.53272
      vertex 313.073 126.812 3.49926
    endloop
  endfacet
  facet normal -5.91353e-06 -0.104523 -0.994522
    outer loop
      vertex 311.371 125.412 3.64642
      vertex 312.51 124.789 3.71189
      vertex 312.353 124.395 3.7533
    endloop
  endfacet
  facet normal 7.38104e-05 -0.1044 -0.994535
    outer loop
      vertex 311.094 124.716 3.71951
      vertex 312.353 124.395 3.7533
      vertex 312.3 123.974 3.79749
    endloop
  endfacet
  facet normal 4.92103e-05 -0.104555 -0.994519
    outer loop
      vertex 311.094 123.232 3.87548
      vertex 312.353 123.554 3.84169
      vertex 311.371 122.537 3.94856
    endloop
  endfacet
  facet normal -7.19994e-05 -0.104608 -0.994514
    outer loop
      vertex 312.761 125.132 3.67585
      vertex 311.813 126.017 3.58283
      vertex 312.393 126.493 3.53272
    endloop
  endfacet
  facet normal 7.39715e-05 -0.104651 -0.994509
    outer loop
      vertex 312.353 123.554 3.84169
      vertex 311.094 123.232 3.87548
      vertex 312.3 123.974 3.79749
    endloop
  endfacet
  facet normal -7.44504e-06 -0.104526 -0.994522
    outer loop
      vertex 312.51 124.789 3.71189
      vertex 311.371 125.412 3.64642
      vertex 311.813 126.017 3.58283
    endloop
  endfacet
  facet normal 0 -0.104532 -0.994522
    outer loop
      vertex 311 123.974 3.79749
      vertex 312.3 123.974 3.79749
      vertex 311.094 123.232 3.87548
    endloop
  endfacet
  facet normal 5.76512e-05 -0.104463 -0.994529
    outer loop
      vertex 312.353 124.395 3.7533
      vertex 311.094 124.716 3.71951
      vertex 311.371 125.412 3.64642
    endloop
  endfacet
  facet normal -0 -0.104519 -0.994523
    outer loop
      vertex 312.3 123.974 3.79749
      vertex 311 123.974 3.79749
      vertex 311.094 124.716 3.71951
    endloop
  endfacet
  facet normal -0.535095 0.840146 -0.0884789
    outer loop
      vertex 315.912 121.675 4.03911
      vertex 315.277 120.919 0.700855
      vertex 315.277 121.275 4.08123
    endloop
  endfacet
  facet normal -0.536038 0.839577 -0.0881707
    outer loop
      vertex 315.277 120.919 0.700855
      vertex 315.912 121.675 4.03911
      vertex 315.912 121.32 0.658736
    endloop
  endfacet
  facet normal 0.809005 0.584588 -0.0613922
    outer loop
      vertex 311.813 121.932 4.01216
      vertex 311.371 122.182 0.568185
      vertex 311.371 122.537 3.94856
    endloop
  endfacet
  facet normal 0.809004 0.584588 -0.0613921
    outer loop
      vertex 311.371 122.182 0.568185
      vertex 311.813 121.932 4.01216
      vertex 311.813 121.577 0.631778
    endloop
  endfacet
  facet normal -0.729329 0.6804 -0.0716555
    outer loop
      vertex 316.427 121.865 0.601435
      vertex 315.912 121.675 4.03911
      vertex 316.427 122.221 3.98181
    endloop
  endfacet
  facet normal -0.72871 0.681077 -0.0715253
    outer loop
      vertex 315.912 121.675 4.03911
      vertex 316.427 121.865 0.601435
      vertex 315.912 121.32 0.658736
    endloop
  endfacet
  facet normal -0.72871 -0.681077 0.0715253
    outer loop
      vertex 315.912 125.918 0.175493
      vertex 316.427 125.728 3.61317
      vertex 315.912 126.273 3.55587
    endloop
  endfacet
  facet normal -0.72871 -0.681077 0.0715253
    outer loop
      vertex 316.427 125.728 3.61317
      vertex 315.912 125.918 0.175493
      vertex 316.427 125.373 0.232793
    endloop
  endfacet
  facet normal -0.968556 0.247433 -0.0259849
    outer loop
      vertex 316.976 123.245 0.456417
      vertex 316.789 122.876 3.91293
      vertex 316.976 123.6 3.8368
    endloop
  endfacet
  facet normal -0.968556 0.247433 -0.0259849
    outer loop
      vertex 316.789 122.876 3.91293
      vertex 316.976 123.245 0.456417
      vertex 316.789 122.521 0.532553
    endloop
  endfacet
  facet normal -0.536038 -0.839577 0.0881706
    outer loop
      vertex 315.277 126.674 3.51375
      vertex 315.912 125.918 0.175493
      vertex 315.912 126.273 3.55587
    endloop
  endfacet
  facet normal -0.536038 -0.839577 0.0881706
    outer loop
      vertex 315.912 125.918 0.175493
      vertex 315.277 126.674 3.51375
      vertex 315.277 126.319 0.133374
    endloop
  endfacet
  facet normal 0.637271 0.766425 -0.0804883
    outer loop
      vertex 312.393 121.1 0.681883
      vertex 311.813 121.932 4.01216
      vertex 312.393 121.455 4.06226
    endloop
  endfacet
  facet normal 0.637271 0.766425 -0.0804882
    outer loop
      vertex 311.813 121.932 4.01216
      vertex 312.393 121.1 0.681883
      vertex 311.813 121.577 0.631778
    endloop
  endfacet
  facet normal 0.992156 -0.124319 0.0130557
    outer loop
      vertex 311 123.974 3.79749
      vertex 311.094 124.361 0.339129
      vertex 311.094 124.716 3.71951
    endloop
  endfacet
  facet normal 0.992156 -0.124319 0.0130557
    outer loop
      vertex 311.094 124.361 0.339129
      vertex 311 123.974 3.79749
      vertex 311 123.619 0.417114
    endloop
  endfacet
  facet normal -0.968638 -0.247109 0.026024
    outer loop
      vertex 316.789 124.717 0.301676
      vertex 316.976 124.348 3.75819
      vertex 316.789 125.073 3.68205
    endloop
  endfacet
  facet normal -0.968556 -0.247433 0.0259849
    outer loop
      vertex 316.976 124.348 3.75819
      vertex 316.789 124.717 0.301676
      vertex 316.976 123.993 0.377812
    endloop
  endfacet
  facet normal 0.426614 -0.899487 0.0944623
    outer loop
      vertex 312.393 126.138 0.152345
      vertex 313.073 126.812 3.49926
      vertex 312.393 126.493 3.53272
    endloop
  endfacet
  facet normal 0.426614 -0.899487 0.0944621
    outer loop
      vertex 313.073 126.812 3.49926
      vertex 312.393 126.138 0.152345
      vertex 313.073 126.457 0.118877
    endloop
  endfacet
  facet normal -0.876349 -0.479043 0.0503081
    outer loop
      vertex 316.427 125.373 0.232793
      vertex 316.789 125.073 3.68205
      vertex 316.427 125.728 3.61317
    endloop
  endfacet
  facet normal -0.876655 -0.478473 0.0503898
    outer loop
      vertex 316.789 125.073 3.68205
      vertex 316.427 125.373 0.232793
      vertex 316.789 124.717 0.301676
    endloop
  endfacet
  facet normal 0.187126 0.976933 -0.102884
    outer loop
      vertex 313.812 120.641 0.730081
      vertex 313.073 121.137 4.09573
      vertex 313.812 120.997 4.11046
    endloop
  endfacet
  facet normal 0.188401 0.976721 -0.102573
    outer loop
      vertex 313.073 121.137 4.09573
      vertex 313.812 120.641 0.730081
      vertex 313.073 120.782 0.715352
    endloop
  endfacet
  facet normal -0.0628871 0.992532 -0.104527
    outer loop
      vertex 314.562 121.044 4.10552
      vertex 313.812 120.641 0.730081
      vertex 313.812 120.997 4.11046
    endloop
  endfacet
  facet normal -0.0628866 0.992532 -0.104527
    outer loop
      vertex 313.812 120.641 0.730081
      vertex 314.562 121.044 4.10552
      vertex 314.562 120.688 0.725145
    endloop
  endfacet
  facet normal 0.929777 0.366108 -0.0384797
    outer loop
      vertex 2.51028 4.76288 28.2937
      vertex 2.35341 3.91292 16.4165
      vertex 2.35341 5.15692 28.2523
    endloop
  endfacet
  facet normal 0.929773 0.366115 -0.0384802
    outer loop
      vertex 2.35341 3.91292 16.4165
      vertex 2.51028 4.76288 28.2937
      vertex 2.51028 3.51889 16.4579
    endloop
  endfacet
  facet normal 0.992114 0.124652 -0.0131014
    outer loop
      vertex 2.35341 5.15692 28.2523
      vertex 2.3 4.33338 16.3723
      vertex 2.3 5.57737 28.2081
    endloop
  endfacet
  facet normal 0.992114 0.124649 -0.0131012
    outer loop
      vertex 2.3 4.33338 16.3723
      vertex 2.35341 5.15692 28.2523
      vertex 2.35341 3.91292 16.4165
    endloop
  endfacet
  facet normal -0.53584 0.839694 -0.0882552
    outer loop
      vertex 5.08362 4.27468 28.345
      vertex 4.72382 2.8036 16.5331
      vertex 4.72382 4.04759 28.3689
    endloop
  endfacet
  facet normal -0.535824 0.839704 -0.088257
    outer loop
      vertex 4.72382 2.8036 16.5331
      vertex 5.08362 4.27468 28.345
      vertex 5.08362 3.03068 16.5092
    endloop
  endfacet
  facet normal 0.929777 -0.366108 0.0384797
    outer loop
      vertex 2.35341 5.99783 28.1639
      vertex 2.51028 5.14787 16.2867
      vertex 2.51028 6.39187 28.1225
    endloop
  endfacet
  facet normal 0.929773 -0.366115 0.0384802
    outer loop
      vertex 2.51028 5.14787 16.2867
      vertex 2.35341 5.99783 28.1639
      vertex 2.35341 4.75384 16.3281
    endloop
  endfacet
  facet normal -0.535824 -0.839705 0.0882556
    outer loop
      vertex 4.72382 7.10715 28.0473
      vertex 5.08362 5.63608 16.2353
      vertex 5.08362 6.88007 28.0712
    endloop
  endfacet
  facet normal -0.535806 -0.839716 0.0882575
    outer loop
      vertex 5.08362 5.63608 16.2353
      vertex 4.72382 7.10715 28.0473
      vertex 4.72382 5.86316 16.2115
    endloop
  endfacet
  facet normal -0.0627904 -0.992559 0.104322
    outer loop
      vertex 3.89326 7.26472 28.0307
      vertex 4.31855 5.99412 16.1977
      vertex 4.31855 7.23811 28.0335
    endloop
  endfacet
  facet normal -0.0627904 -0.992559 0.104322
    outer loop
      vertex 4.31855 5.99412 16.1977
      vertex 3.89326 7.26472 28.0307
      vertex 3.89326 6.02073 16.1949
    endloop
  endfacet
  facet normal -0.968586 0.247316 -0.0259939
    outer loop
      vertex 5.68659 4.12148 16.3945
      vertex 5.58062 4.95499 28.2735
      vertex 5.68659 5.36547 28.2303
    endloop
  endfacet
  facet normal -0.968586 0.247316 -0.0259939
    outer loop
      vertex 5.58062 4.95499 28.2735
      vertex 5.68659 4.12148 16.3945
      vertex 5.58062 3.711 16.4377
    endloop
  endfacet
  facet normal 0.425802 0.89986 -0.0945788
    outer loop
      vertex 3.47467 2.72544 16.5413
      vertex 3.0891 4.14988 28.3581
      vertex 3.47467 3.96943 28.3771
    endloop
  endfacet
  facet normal 0.425802 0.89986 -0.0945788
    outer loop
      vertex 3.0891 4.14988 28.3581
      vertex 3.47467 2.72544 16.5413
      vertex 3.0891 2.90589 16.5223
    endloop
  endfacet
  facet normal -0.728963 0.680803 -0.0715551
    outer loop
      vertex 5.37533 3.33962 16.4767
      vertex 5.08362 4.27468 28.345
      vertex 5.37533 4.58361 28.3125
    endloop
  endfacet
  facet normal -0.728974 0.680791 -0.0715544
    outer loop
      vertex 5.08362 4.27468 28.345
      vertex 5.37533 3.33962 16.4767
      vertex 5.08362 3.03068 16.5092
    endloop
  endfacet
  facet normal 0.992114 -0.124649 0.0131011
    outer loop
      vertex 2.3 5.57737 28.2081
      vertex 2.35341 4.75384 16.3281
      vertex 2.35341 5.99783 28.1639
    endloop
  endfacet
  facet normal 0.992114 -0.124649 0.0131011
    outer loop
      vertex 2.35341 4.75384 16.3281
      vertex 2.3 5.57737 28.2081
      vertex 2.3 4.33338 16.3723
    endloop
  endfacet
  facet normal -1 0 0
    outer loop
      vertex 5.68659 4.54528 16.35
      vertex 5.68659 5.36547 28.2303
      vertex 5.68659 5.78927 28.1858
    endloop
  endfacet
  facet normal -1 0 0
    outer loop
      vertex 5.68659 5.36547 28.2303
      vertex 5.68659 4.54528 16.35
      vertex 5.68659 4.12148 16.3945
    endloop
  endfacet
  facet normal -0.0627904 0.992559 -0.104322
    outer loop
      vertex 4.31855 3.91663 28.3826
      vertex 3.89326 2.64603 16.5496
      vertex 3.89326 3.89002 28.3854
    endloop
  endfacet
  facet normal -0.0627904 0.992559 -0.104322
    outer loop
      vertex 3.89326 2.64603 16.5496
      vertex 4.31855 3.91663 28.3826
      vertex 4.31855 2.67264 16.5468
    endloop
  endfacet
  facet normal -0.309005 0.94585 -0.0994127
    outer loop
      vertex 4.72382 4.04759 28.3689
      vertex 4.31855 2.67264 16.5468
      vertex 4.31855 3.91663 28.3826
    endloop
  endfacet
  facet normal -0.309005 0.94585 -0.0994127
    outer loop
      vertex 4.31855 2.67264 16.5468
      vertex 4.72382 4.04759 28.3689
      vertex 4.72382 2.8036 16.5331
    endloop
  endfacet
  facet normal 0.425763 -0.899878 0.0945815
    outer loop
      vertex 3.0891 5.76087 16.2222
      vertex 3.47467 7.18531 28.0391
      vertex 3.0891 7.00487 28.058
    endloop
  endfacet
  facet normal 0.425782 -0.899869 0.0945798
    outer loop
      vertex 3.47467 7.18531 28.0391
      vertex 3.0891 5.76087 16.2222
      vertex 3.47467 5.94132 16.2033
    endloop
  endfacet
  facet normal 0.187387 -0.976905 0.102677
    outer loop
      vertex 3.47467 5.94132 16.2033
      vertex 3.89326 7.26472 28.0307
      vertex 3.47467 7.18531 28.0391
    endloop
  endfacet
  facet normal 0.187387 -0.976905 0.102677
    outer loop
      vertex 3.89326 7.26472 28.0307
      vertex 3.47467 5.94132 16.2033
      vertex 3.89326 6.02073 16.1949
    endloop
  endfacet
  facet normal -0.968586 -0.247316 0.0259941
    outer loop
      vertex 5.58062 4.95576 16.3069
      vertex 5.68659 5.78927 28.1858
      vertex 5.58062 6.19976 28.1427
    endloop
  endfacet
  facet normal -0.968585 -0.247322 0.0259945
    outer loop
      vertex 5.68659 5.78927 28.1858
      vertex 5.58062 4.95576 16.3069
      vertex 5.68659 4.54528 16.35
    endloop
  endfacet
  facet normal -0.876307 0.479114 -0.0503568
    outer loop
      vertex 5.58062 3.711 16.4377
      vertex 5.37533 4.58361 28.3125
      vertex 5.58062 4.95499 28.2735
    endloop
  endfacet
  facet normal -0.876307 0.479114 -0.0503568
    outer loop
      vertex 5.37533 4.58361 28.3125
      vertex 5.58062 3.711 16.4377
      vertex 5.37533 3.33962 16.4767
    endloop
  endfacet
  facet normal 0.637416 0.766299 -0.0805411
    outer loop
      vertex 3.0891 2.90589 16.5223
      vertex 2.76075 4.42002 28.3297
      vertex 3.0891 4.14988 28.3581
    endloop
  endfacet
  facet normal 0.637416 0.766299 -0.0805411
    outer loop
      vertex 2.76075 4.42002 28.3297
      vertex 3.0891 2.90589 16.5223
      vertex 2.76075 3.17603 16.4939
    endloop
  endfacet
  facet normal -0.309027 -0.945843 0.0994119
    outer loop
      vertex 4.31855 7.23811 28.0335
      vertex 4.72382 5.86316 16.2115
      vertex 4.72382 7.10715 28.0473
    endloop
  endfacet
  facet normal -0.309027 -0.945843 0.0994119
    outer loop
      vertex 4.72382 5.86316 16.2115
      vertex 4.31855 7.23811 28.0335
      vertex 4.31855 5.99412 16.1977
    endloop
  endfacet
  facet normal 0.187364 0.97691 -0.102677
    outer loop
      vertex 3.89326 2.64603 16.5496
      vertex 3.47467 3.96943 28.3771
      vertex 3.89326 3.89002 28.3854
    endloop
  endfacet
  facet normal 0.187364 0.97691 -0.102677
    outer loop
      vertex 3.47467 3.96943 28.3771
      vertex 3.89326 2.64603 16.5496
      vertex 3.47467 2.72544 16.5413
    endloop
  endfacet
  facet normal -0.876308 -0.479113 0.0503567
    outer loop
      vertex 5.37533 5.32714 16.2678
      vertex 5.58062 6.19976 28.1427
      vertex 5.37533 6.57113 28.1036
    endloop
  endfacet
  facet normal -0.876313 -0.479103 0.0503561
    outer loop
      vertex 5.58062 6.19976 28.1427
      vertex 5.37533 5.32714 16.2678
      vertex 5.58062 4.95576 16.3069
    endloop
  endfacet
  facet normal 0.809019 0.584563 -0.0614399
    outer loop
      vertex 2.76075 4.42002 28.3297
      vertex 2.51028 3.51889 16.4579
      vertex 2.51028 4.76288 28.2937
    endloop
  endfacet
  facet normal 0.809019 0.584563 -0.0614399
    outer loop
      vertex 2.51028 3.51889 16.4579
      vertex 2.76075 4.42002 28.3297
      vertex 2.76075 3.17603 16.4939
    endloop
  endfacet
  facet normal 0.637416 -0.766299 0.0805418
    outer loop
      vertex 2.76075 5.49073 16.2506
      vertex 3.0891 7.00487 28.058
      vertex 2.76075 6.73473 28.0864
    endloop
  endfacet
  facet normal 0.637416 -0.766299 0.0805418
    outer loop
      vertex 3.0891 7.00487 28.058
      vertex 2.76075 5.49073 16.2506
      vertex 3.0891 5.76087 16.2222
    endloop
  endfacet
  facet normal 0.809027 -0.584551 0.0614391
    outer loop
      vertex 2.51028 6.39187 28.1225
      vertex 2.76075 5.49073 16.2506
      vertex 2.76075 6.73473 28.0864
    endloop
  endfacet
  facet normal 0.809027 -0.584551 0.0614391
    outer loop
      vertex 2.76075 5.49073 16.2506
      vertex 2.51028 6.39187 28.1225
      vertex 2.51028 5.14787 16.2867
    endloop
  endfacet
  facet normal -0.728963 -0.680803 0.0715546
    outer loop
      vertex 5.08362 5.63608 16.2353
      vertex 5.37533 6.57113 28.1036
      vertex 5.08362 6.88007 28.0712
    endloop
  endfacet
  facet normal -0.728974 -0.680791 0.0715539
    outer loop
      vertex 5.37533 6.57113 28.1036
      vertex 5.08362 5.63608 16.2353
      vertex 5.37533 5.32714 16.2678
    endloop
  endfacet
  facet normal -1 0 0
    outer loop
      vertex 6.97634 4.35203 12.9526
      vertex 6.97634 3.95944 16.4116
      vertex 6.97634 4.70732 16.333
    endloop
  endfacet
  facet normal -1 0 -0
    outer loop
      vertex 6.97634 3.95944 16.4116
      vertex 6.97634 4.35203 12.9526
      vertex 6.97634 3.60415 13.0312
    endloop
  endfacet
  facet normal 0.992115 0.124646 -0.0131007
    outer loop
      vertex 1.09425 3.5914 16.4503
      vertex 1 3.97809 12.9919
      vertex 1 4.33338 16.3723
    endloop
  endfacet
  facet normal 0.992115 0.124646 -0.0131007
    outer loop
      vertex 1 3.97809 12.9919
      vertex 1.09425 3.5914 16.4503
      vertex 1.09425 3.23611 13.0699
    endloop
  endfacet
  facet normal 0.929774 0.366113 -0.0384796
    outer loop
      vertex 1.37108 2.89604 16.5233
      vertex 1.09425 3.23611 13.0699
      vertex 1.09425 3.5914 16.4503
    endloop
  endfacet
  facet normal 0.929778 0.366104 -0.0384808
    outer loop
      vertex 1.09425 3.23611 13.0699
      vertex 1.37108 2.89604 16.5233
      vertex 1.37108 2.54074 13.143
    endloop
  endfacet
  facet normal 0.637423 -0.766293 0.0805396
    outer loop
      vertex 1.81309 6.02048 12.7772
      vertex 2.39252 6.85249 16.1075
      vertex 1.81309 6.37577 16.1576
    endloop
  endfacet
  facet normal 0.637415 -0.766299 0.0805426
    outer loop
      vertex 2.39252 6.85249 16.1075
      vertex 1.81309 6.02048 12.7772
      vertex 2.39252 6.49719 12.7271
    endloop
  endfacet
  facet normal 0.809021 -0.58456 0.061439
    outer loop
      vertex 1.37108 5.77072 16.2212
      vertex 1.81309 6.02048 12.7772
      vertex 1.81309 6.37577 16.1576
    endloop
  endfacet
  facet normal 0.809021 -0.58456 0.061439
    outer loop
      vertex 1.81309 6.02048 12.7772
      vertex 1.37108 5.77072 16.2212
      vertex 1.37108 5.41543 12.8408
    endloop
  endfacet
  facet normal 0.929776 -0.366108 0.0384791
    outer loop
      vertex 1.09425 5.07536 16.2943
      vertex 1.37108 5.41543 12.8408
      vertex 1.37108 5.77072 16.2212
    endloop
  endfacet
  facet normal 0.929776 -0.366108 0.0384791
    outer loop
      vertex 1.37108 5.41543 12.8408
      vertex 1.09425 5.07536 16.2943
      vertex 1.09425 4.72007 12.9139
    endloop
  endfacet
  facet normal 0.187379 -0.976906 0.102679
    outer loop
      vertex 3.07295 6.81563 12.6937
      vertex 3.81163 7.31106 16.0593
      vertex 3.07295 7.17092 16.074
    endloop
  endfacet
  facet normal 0.187392 -0.976904 0.102676
    outer loop
      vertex 3.81163 7.31106 16.0593
      vertex 3.07295 6.81563 12.6937
      vertex 3.81163 6.95577 12.6789
    endloop
  endfacet
  facet normal -0.309019 -0.945846 0.0994112
    outer loop
      vertex 4.56214 7.2641 16.0642
      vertex 5.27734 6.6777 12.7081
      vertex 5.27734 7.03299 16.0885
    endloop
  endfacet
  facet normal -0.309006 -0.94585 0.0994145
    outer loop
      vertex 5.27734 6.6777 12.7081
      vertex 4.56214 7.2641 16.0642
      vertex 4.56214 6.90881 12.6839
    endloop
  endfacet
  facet normal -0.0627863 -0.99256 0.104324
    outer loop
      vertex 3.81163 7.31106 16.0593
      vertex 4.56214 6.90881 12.6839
      vertex 4.56214 7.2641 16.0642
    endloop
  endfacet
  facet normal -0.0628002 -0.992559 0.104321
    outer loop
      vertex 4.56214 6.90881 12.6839
      vertex 3.81163 7.31106 16.0593
      vertex 3.81163 6.95577 12.6789
    endloop
  endfacet
  facet normal -0.876309 0.479111 -0.0503574
    outer loop
      vertex 6.78933 2.87976 13.1073
      vertex 6.42705 2.57968 16.5566
      vertex 6.78933 3.23506 16.4877
    endloop
  endfacet
  facet normal -0.876306 0.479116 -0.0503565
    outer loop
      vertex 6.42705 2.57968 16.5566
      vertex 6.78933 2.87976 13.1073
      vertex 6.42705 2.22439 13.1762
    endloop
  endfacet
  facet normal 0.425781 0.89987 -0.094579
    outer loop
      vertex 3.07295 1.14055 13.2901
      vertex 2.39252 1.81427 16.637
      vertex 3.07295 1.49584 16.6705
    endloop
  endfacet
  facet normal 0.425769 0.899875 -0.0945823
    outer loop
      vertex 2.39252 1.81427 16.637
      vertex 3.07295 1.14055 13.2901
      vertex 2.39252 1.45898 13.2567
    endloop
  endfacet
  facet normal -0.309019 0.945846 -0.0994112
    outer loop
      vertex 5.27734 1.63377 16.656
      vertex 4.56214 1.04737 13.2999
      vertex 4.56214 1.40266 16.6803
    endloop
  endfacet
  facet normal -0.309019 0.945846 -0.0994112
    outer loop
      vertex 4.56214 1.04737 13.2999
      vertex 5.27734 1.63377 16.656
      vertex 5.27734 1.27848 13.2756
    endloop
  endfacet
  facet normal 5.73822e-05 -0.104495 -0.994525
    outer loop
      vertex 5.68659 4.12148 16.3945
      vertex 6.97634 3.95944 16.4116
      vertex 6.78933 3.23506 16.4877
    endloop
  endfacet
  facet normal 5.40308e-05 -0.104521 -0.994523
    outer loop
      vertex 6.97634 3.95944 16.4116
      vertex 5.68659 4.12148 16.3945
      vertex 6.97634 4.70732 16.333
    endloop
  endfacet
  facet normal -2.3988e-05 -0.104541 -0.994521
    outer loop
      vertex 5.58062 3.711 16.4377
      vertex 6.78933 3.23506 16.4877
      vertex 6.42705 2.57968 16.5566
    endloop
  endfacet
  facet normal 1.12445e-05 -0.104428 -0.994532
    outer loop
      vertex 5.68659 4.54528 16.35
      vertex 6.97634 4.70732 16.333
      vertex 5.68659 4.12148 16.3945
    endloop
  endfacet
  facet normal 1.57956e-05 -0.104542 -0.99452
    outer loop
      vertex 5.37533 3.33962 16.4767
      vertex 6.42705 2.57968 16.5566
      vertex 5.91227 2.0345 16.6139
    endloop
  endfacet
  facet normal 3.4012e-05 -0.104607 -0.994514
    outer loop
      vertex 6.97634 4.70732 16.333
      vertex 5.68659 4.54528 16.35
      vertex 6.78933 5.4317 16.2568
    endloop
  endfacet
  facet normal -9.46774e-05 -0.104449 -0.99453
    outer loop
      vertex 5.58062 4.95576 16.3069
      vertex 6.78933 5.4317 16.2568
      vertex 5.68659 4.54528 16.35
    endloop
  endfacet
  facet normal -6.66079e-05 -0.104648 -0.994509
    outer loop
      vertex 6.78933 3.23506 16.4877
      vertex 5.58062 3.711 16.4377
      vertex 5.68659 4.12148 16.3945
    endloop
  endfacet
  facet normal 6.47776e-05 -0.104475 -0.994528
    outer loop
      vertex 6.42705 2.57968 16.5566
      vertex 5.37533 3.33962 16.4767
      vertex 5.58062 3.711 16.4377
    endloop
  endfacet
  facet normal 1.77888e-05 -0.104511 -0.994524
    outer loop
      vertex 5.08362 3.03068 16.5092
      vertex 5.91227 2.0345 16.6139
      vertex 5.27734 1.63377 16.656
    endloop
  endfacet
  facet normal -5.42783e-05 -0.10457 -0.994517
    outer loop
      vertex 5.91227 2.0345 16.6139
      vertex 5.08362 3.03068 16.5092
      vertex 5.37533 3.33962 16.4767
    endloop
  endfacet
  facet normal -9.24385e-05 -0.104526 -0.994522
    outer loop
      vertex 5.27734 1.63377 16.656
      vertex 4.72382 2.8036 16.5331
      vertex 5.08362 3.03068 16.5092
    endloop
  endfacet
  facet normal -2.41778e-05 -0.104494 -0.994525
    outer loop
      vertex 4.56214 1.40266 16.6803
      vertex 4.72382 2.8036 16.5331
      vertex 5.27734 1.63377 16.656
    endloop
  endfacet
  facet normal 0.000153629 -0.104515 -0.994523
    outer loop
      vertex 4.56214 1.40266 16.6803
      vertex 4.31855 2.67264 16.5468
      vertex 4.72382 2.8036 16.5331
    endloop
  endfacet
  facet normal -6.3846e-06 -0.104545 -0.99452
    outer loop
      vertex 4.56214 1.40266 16.6803
      vertex 3.89326 2.64603 16.5496
      vertex 4.31855 2.67264 16.5468
    endloop
  endfacet
  facet normal 4.65612e-05 -0.104517 -0.994523
    outer loop
      vertex 3.81163 1.3557 16.6852
      vertex 3.89326 2.64603 16.5496
      vertex 4.56214 1.40266 16.6803
    endloop
  endfacet
  facet normal -0.000105997 -0.104507 -0.994524
    outer loop
      vertex 3.81163 1.3557 16.6852
      vertex 3.47467 2.72544 16.5413
      vertex 3.89326 2.64603 16.5496
    endloop
  endfacet
  facet normal -3.19295e-05 -0.104489 -0.994526
    outer loop
      vertex 3.07295 1.49584 16.6705
      vertex 3.47467 2.72544 16.5413
      vertex 3.81163 1.3557 16.6852
    endloop
  endfacet
  facet normal 8.78096e-05 -0.104528 -0.994522
    outer loop
      vertex 3.47467 2.72544 16.5413
      vertex 3.07295 1.49584 16.6705
      vertex 3.0891 2.90589 16.5223
    endloop
  endfacet
  facet normal 4.67566e-05 -0.104527 -0.994522
    outer loop
      vertex 2.39252 1.81427 16.637
      vertex 3.0891 2.90589 16.5223
      vertex 3.07295 1.49584 16.6705
    endloop
  endfacet
  facet normal 3.08396e-05 -0.104517 -0.994523
    outer loop
      vertex 3.0891 2.90589 16.5223
      vertex 2.39252 1.81427 16.637
      vertex 2.76075 3.17603 16.4939
    endloop
  endfacet
  facet normal 5.71606e-06 -0.104511 -0.994524
    outer loop
      vertex 1.81309 2.29099 16.5869
      vertex 2.76075 3.17603 16.4939
      vertex 2.39252 1.81427 16.637
    endloop
  endfacet
  facet normal -4.46509e-05 -0.104457 -0.994529
    outer loop
      vertex 2.76075 3.17603 16.4939
      vertex 1.81309 2.29099 16.5869
      vertex 2.51028 3.51889 16.4579
    endloop
  endfacet
  facet normal 4.43246e-05 -0.104507 -0.994524
    outer loop
      vertex 1.37108 2.89604 16.5233
      vertex 2.51028 3.51889 16.4579
      vertex 1.81309 2.29099 16.5869
    endloop
  endfacet
  facet normal 2.98912e-05 -0.104481 -0.994527
    outer loop
      vertex 2.51028 3.51889 16.4579
      vertex 1.37108 2.89604 16.5233
      vertex 2.35341 3.91292 16.4165
    endloop
  endfacet
  facet normal -4.35836e-05 -0.104577 -0.994517
    outer loop
      vertex 6.78933 5.4317 16.2568
      vertex 5.58062 4.95576 16.3069
      vertex 6.42705 6.08708 16.1879
    endloop
  endfacet
  facet normal 7.34915e-05 -0.104664 -0.994508
    outer loop
      vertex 5.37533 5.32714 16.2678
      vertex 6.42705 6.08708 16.1879
      vertex 5.58062 4.95576 16.3069
    endloop
  endfacet
  facet normal -1.57956e-05 -0.104542 -0.99452
    outer loop
      vertex 6.42705 6.08708 16.1879
      vertex 5.37533 5.32714 16.2678
      vertex 5.91227 6.63226 16.1306
    endloop
  endfacet
  facet normal 5.42783e-05 -0.10457 -0.994517
    outer loop
      vertex 5.08362 5.63608 16.2353
      vertex 5.91227 6.63226 16.1306
      vertex 5.37533 5.32714 16.2678
    endloop
  endfacet
  facet normal -1.77888e-05 -0.104511 -0.994524
    outer loop
      vertex 5.91227 6.63226 16.1306
      vertex 5.08362 5.63608 16.2353
      vertex 5.27734 7.03299 16.0885
    endloop
  endfacet
  facet normal -0.000161727 -0.104491 -0.994526
    outer loop
      vertex 4.72382 5.86316 16.2115
      vertex 5.27734 7.03299 16.0885
      vertex 5.08362 5.63608 16.2353
    endloop
  endfacet
  facet normal 3.49519e-07 -0.104567 -0.994518
    outer loop
      vertex 4.72382 5.86316 16.2115
      vertex 4.56214 7.2641 16.0642
      vertex 5.27734 7.03299 16.0885
    endloop
  endfacet
  facet normal 7.74457e-05 -0.104558 -0.994519
    outer loop
      vertex 4.31855 5.99412 16.1977
      vertex 4.56214 7.2641 16.0642
      vertex 4.72382 5.86316 16.2115
    endloop
  endfacet
  facet normal 6.3846e-06 -0.104545 -0.99452
    outer loop
      vertex 3.89326 6.02073 16.1949
      vertex 4.56214 7.2641 16.0642
      vertex 4.31855 5.99412 16.1977
    endloop
  endfacet
  facet normal -4.65612e-05 -0.104517 -0.994523
    outer loop
      vertex 3.89326 6.02073 16.1949
      vertex 3.81163 7.31106 16.0593
      vertex 4.56214 7.2641 16.0642
    endloop
  endfacet
  facet normal -0.000128774 -0.104522 -0.994523
    outer loop
      vertex 3.47467 5.94132 16.2033
      vertex 3.81163 7.31106 16.0593
      vertex 3.89326 6.02073 16.1949
    endloop
  endfacet
  facet normal 0.000168751 -0.104525 -0.994522
    outer loop
      vertex 3.07295 7.17092 16.074
      vertex 3.47467 5.94132 16.2033
      vertex 3.0891 5.76087 16.2222
    endloop
  endfacet
  facet normal 4.63782e-05 -0.104565 -0.994518
    outer loop
      vertex 3.47467 5.94132 16.2033
      vertex 3.07295 7.17092 16.074
      vertex 3.81163 7.31106 16.0593
    endloop
  endfacet
  facet normal -3.08396e-05 -0.104517 -0.994523
    outer loop
      vertex 2.39252 6.85249 16.1075
      vertex 3.0891 5.76087 16.2222
      vertex 2.76075 5.49073 16.2506
    endloop
  endfacet
  facet normal -0.000116381 -0.104628 -0.994511
    outer loop
      vertex 1.81309 6.37577 16.1576
      vertex 2.76075 5.49073 16.2506
      vertex 2.51028 5.14787 16.2867
    endloop
  endfacet
  facet normal -4.67566e-05 -0.104527 -0.994522
    outer loop
      vertex 3.0891 5.76087 16.2222
      vertex 2.39252 6.85249 16.1075
      vertex 3.07295 7.17092 16.074
    endloop
  endfacet
  facet normal 4.18035e-05 -0.104509 -0.994524
    outer loop
      vertex 1.37108 5.77072 16.2212
      vertex 2.51028 5.14787 16.2867
      vertex 2.35341 4.75384 16.3281
    endloop
  endfacet
  facet normal 6.62287e-07 -0.104547 -0.99452
    outer loop
      vertex 1.09425 5.07536 16.2943
      vertex 2.35341 4.75384 16.3281
      vertex 2.3 4.33338 16.3723
    endloop
  endfacet
  facet normal -3.32083e-05 -0.104421 -0.994533
    outer loop
      vertex 1.09425 3.5914 16.4503
      vertex 2.35341 3.91292 16.4165
      vertex 1.37108 2.89604 16.5233
    endloop
  endfacet
  facet normal -5.71606e-06 -0.104511 -0.994524
    outer loop
      vertex 2.76075 5.49073 16.2506
      vertex 1.81309 6.37577 16.1576
      vertex 2.39252 6.85249 16.1075
    endloop
  endfacet
  facet normal -6.62287e-07 -0.104547 -0.99452
    outer loop
      vertex 2.35341 3.91292 16.4165
      vertex 1.09425 3.5914 16.4503
      vertex 2.3 4.33338 16.3723
    endloop
  endfacet
  facet normal 1.80587e-05 -0.104552 -0.994519
    outer loop
      vertex 2.51028 5.14787 16.2867
      vertex 1.37108 5.77072 16.2212
      vertex 1.81309 6.37577 16.1576
    endloop
  endfacet
  facet normal 0 -0.104548 -0.99452
    outer loop
      vertex 1 4.33338 16.3723
      vertex 2.3 4.33338 16.3723
      vertex 1.09425 3.5914 16.4503
    endloop
  endfacet
  facet normal 5.77384e-08 -0.104549 -0.99452
    outer loop
      vertex 2.35341 4.75384 16.3281
      vertex 1.09425 5.07536 16.2943
      vertex 1.37108 5.77072 16.2212
    endloop
  endfacet
  facet normal -0 -0.104548 -0.99452
    outer loop
      vertex 2.3 4.33338 16.3723
      vertex 1 4.33338 16.3723
      vertex 1.09425 5.07536 16.2943
    endloop
  endfacet
  facet normal -0.535824 0.839705 -0.0882554
    outer loop
      vertex 5.91227 2.0345 16.6139
      vertex 5.27734 1.27848 13.2756
      vertex 5.27734 1.63377 16.656
    endloop
  endfacet
  facet normal -0.535824 0.839705 -0.0882554
    outer loop
      vertex 5.27734 1.27848 13.2756
      vertex 5.91227 2.0345 16.6139
      vertex 5.91227 1.67921 13.2335
    endloop
  endfacet
  facet normal 0.809021 0.584559 -0.0614425
    outer loop
      vertex 1.81309 2.29099 16.5869
      vertex 1.37108 2.54074 13.143
      vertex 1.37108 2.89604 16.5233
    endloop
  endfacet
  facet normal 0.809017 0.584566 -0.0614414
    outer loop
      vertex 1.37108 2.54074 13.143
      vertex 1.81309 2.29099 16.5869
      vertex 1.81309 1.9357 13.2066
    endloop
  endfacet
  facet normal -0.728967 0.680799 -0.0715539
    outer loop
      vertex 6.42705 2.22439 13.1762
      vertex 5.91227 2.0345 16.6139
      vertex 6.42705 2.57968 16.5566
    endloop
  endfacet
  facet normal -0.728967 0.680799 -0.0715539
    outer loop
      vertex 5.91227 2.0345 16.6139
      vertex 6.42705 2.22439 13.1762
      vertex 5.91227 1.67921 13.2335
    endloop
  endfacet
  facet normal -0.728967 -0.680798 0.071558
    outer loop
      vertex 5.91227 6.27696 12.7503
      vertex 6.42705 6.08708 16.1879
      vertex 5.91227 6.63226 16.1306
    endloop
  endfacet
  facet normal -0.728967 -0.680798 0.071558
    outer loop
      vertex 6.42705 6.08708 16.1879
      vertex 5.91227 6.27696 12.7503
      vertex 6.42705 5.73178 12.8076
    endloop
  endfacet
  facet normal -0.968584 0.247324 -0.0259945
    outer loop
      vertex 6.97634 3.60415 13.0312
      vertex 6.78933 3.23506 16.4877
      vertex 6.97634 3.95944 16.4116
    endloop
  endfacet
  facet normal -0.968585 0.247321 -0.0259949
    outer loop
      vertex 6.78933 3.23506 16.4877
      vertex 6.97634 3.60415 13.0312
      vertex 6.78933 2.87976 13.1073
    endloop
  endfacet
  facet normal -0.535824 -0.839704 0.0882605
    outer loop
      vertex 5.27734 7.03299 16.0885
      vertex 5.91227 6.27696 12.7503
      vertex 5.91227 6.63226 16.1306
    endloop
  endfacet
  facet normal -0.535843 -0.839693 0.0882542
    outer loop
      vertex 5.91227 6.27696 12.7503
      vertex 5.27734 7.03299 16.0885
      vertex 5.27734 6.6777 12.7081
    endloop
  endfacet
  facet normal 0.637423 0.766293 -0.080542
    outer loop
      vertex 2.39252 1.45898 13.2567
      vertex 1.81309 2.29099 16.5869
      vertex 2.39252 1.81427 16.637
    endloop
  endfacet
  facet normal 0.637423 0.766293 -0.080542
    outer loop
      vertex 1.81309 2.29099 16.5869
      vertex 2.39252 1.45898 13.2567
      vertex 1.81309 1.9357 13.2066
    endloop
  endfacet
  facet normal 0.992115 -0.124646 0.0131007
    outer loop
      vertex 1 4.33338 16.3723
      vertex 1.09425 4.72007 12.9139
      vertex 1.09425 5.07536 16.2943
    endloop
  endfacet
  facet normal 0.992115 -0.124646 0.0131007
    outer loop
      vertex 1.09425 4.72007 12.9139
      vertex 1 4.33338 16.3723
      vertex 1 3.97809 12.9919
    endloop
  endfacet
  facet normal -0.968585 -0.247321 0.0259942
    outer loop
      vertex 6.78933 5.07641 12.8764
      vertex 6.97634 4.70732 16.333
      vertex 6.78933 5.4317 16.2568
    endloop
  endfacet
  facet normal -0.968585 -0.247321 0.0259942
    outer loop
      vertex 6.97634 4.70732 16.333
      vertex 6.78933 5.07641 12.8764
      vertex 6.97634 4.35203 12.9526
    endloop
  endfacet
  facet normal 0.425781 -0.89987 0.0945816
    outer loop
      vertex 2.39252 6.49719 12.7271
      vertex 3.07295 7.17092 16.074
      vertex 2.39252 6.85249 16.1075
    endloop
  endfacet
  facet normal 0.42578 -0.89987 0.0945818
    outer loop
      vertex 3.07295 7.17092 16.074
      vertex 2.39252 6.49719 12.7271
      vertex 3.07295 6.81563 12.6937
    endloop
  endfacet
  facet normal -0.876309 -0.47911 0.0503588
    outer loop
      vertex 6.42705 5.73178 12.8076
      vertex 6.78933 5.4317 16.2568
      vertex 6.42705 6.08708 16.1879
    endloop
  endfacet
  facet normal -0.876303 -0.479122 0.0503572
    outer loop
      vertex 6.78933 5.4317 16.2568
      vertex 6.42705 5.73178 12.8076
      vertex 6.78933 5.07641 12.8764
    endloop
  endfacet
  facet normal 0.187379 0.976906 -0.102679
    outer loop
      vertex 3.81163 1.00041 13.3049
      vertex 3.07295 1.49584 16.6705
      vertex 3.81163 1.3557 16.6852
    endloop
  endfacet
  facet normal 0.187392 0.976904 -0.102676
    outer loop
      vertex 3.07295 1.49584 16.6705
      vertex 3.81163 1.00041 13.3049
      vertex 3.07295 1.14055 13.2901
    endloop
  endfacet
  facet normal -0.0627863 0.99256 -0.104324
    outer loop
      vertex 4.56214 1.40266 16.6803
      vertex 3.81163 1.00041 13.3049
      vertex 3.81163 1.3557 16.6852
    endloop
  endfacet
  facet normal -0.0628002 0.992559 -0.104321
    outer loop
      vertex 3.81163 1.00041 13.3049
      vertex 4.56214 1.40266 16.6803
      vertex 4.56214 1.04737 13.2999
    endloop
  endfacet
  facet normal 0.929764 0.366139 -0.038483
    outer loop
      vertex 2.51028 124.404 15.7189
      vertex 2.35341 123.554 3.84169
      vertex 2.35341 124.798 15.6775
    endloop
  endfacet
  facet normal 0.929764 0.366138 -0.0384829
    outer loop
      vertex 2.35341 123.554 3.84169
      vertex 2.51028 124.404 15.7189
      vertex 2.51028 123.16 3.8831
    endloop
  endfacet
  facet normal 0.992098 0.124782 -0.0131151
    outer loop
      vertex 2.35341 124.798 15.6775
      vertex 2.3 123.974 3.79749
      vertex 2.3 125.218 15.6333
    endloop
  endfacet
  facet normal 0.992098 0.124782 -0.0131151
    outer loop
      vertex 2.3 123.974 3.79749
      vertex 2.35341 124.798 15.6775
      vertex 2.35341 123.554 3.84169
    endloop
  endfacet
  facet normal -0.535691 0.839788 -0.0882657
    outer loop
      vertex 5.08362 123.916 15.7702
      vertex 4.72382 122.445 3.95828
      vertex 4.72382 123.689 15.7941
    endloop
  endfacet
  facet normal -0.535685 0.839792 -0.0882663
    outer loop
      vertex 4.72382 122.445 3.95828
      vertex 5.08362 123.916 15.7702
      vertex 5.08362 122.672 3.93441
    endloop
  endfacet
  facet normal 0.929764 -0.366139 0.038483
    outer loop
      vertex 2.35341 125.639 15.5891
      vertex 2.51028 124.789 3.71189
      vertex 2.51028 126.033 15.5477
    endloop
  endfacet
  facet normal 0.929764 -0.366138 0.0384829
    outer loop
      vertex 2.51028 124.789 3.71189
      vertex 2.35341 125.639 15.5891
      vertex 2.35341 124.395 3.7533
    endloop
  endfacet
  facet normal -0.535691 -0.839788 0.0882656
    outer loop
      vertex 4.72382 126.748 15.4725
      vertex 5.08362 125.277 3.66057
      vertex 5.08362 126.521 15.4964
    endloop
  endfacet
  facet normal -0.535684 -0.839793 0.0882664
    outer loop
      vertex 5.08362 125.277 3.66057
      vertex 4.72382 126.748 15.4725
      vertex 4.72382 125.504 3.63671
    endloop
  endfacet
  facet normal -0.0636725 -0.992504 0.104317
    outer loop
      vertex 3.89326 126.906 15.456
      vertex 4.31855 125.635 3.62294
      vertex 4.31855 126.879 15.4587
    endloop
  endfacet
  facet normal -0.0636944 -0.992502 0.104316
    outer loop
      vertex 4.31855 125.635 3.62294
      vertex 3.89326 126.906 15.456
      vertex 3.89326 125.662 3.62015
    endloop
  endfacet
  facet normal -0.968515 0.24759 -0.0260228
    outer loop
      vertex 5.68659 123.762 3.81976
      vertex 5.58062 124.596 15.6987
      vertex 5.68659 125.006 15.6556
    endloop
  endfacet
  facet normal -0.968516 0.247587 -0.0260226
    outer loop
      vertex 5.58062 124.596 15.6987
      vertex 5.68659 123.762 3.81976
      vertex 5.58062 123.352 3.86291
    endloop
  endfacet
  facet normal 0.426852 0.899367 -0.0945278
    outer loop
      vertex 3.47467 122.366 3.96649
      vertex 3.0891 123.791 15.7833
      vertex 3.47467 123.61 15.8023
    endloop
  endfacet
  facet normal 0.426844 0.899371 -0.0945285
    outer loop
      vertex 3.0891 123.791 15.7833
      vertex 3.47467 122.366 3.96649
      vertex 3.0891 122.547 3.94753
    endloop
  endfacet
  facet normal -0.72904 0.680722 -0.0715474
    outer loop
      vertex 5.37533 122.981 3.90194
      vertex 5.08362 123.916 15.7702
      vertex 5.37533 124.225 15.7377
    endloop
  endfacet
  facet normal -0.729036 0.680725 -0.0715476
    outer loop
      vertex 5.08362 123.916 15.7702
      vertex 5.37533 122.981 3.90194
      vertex 5.08362 122.672 3.93441
    endloop
  endfacet
  facet normal 0.992134 -0.124493 0.0130848
    outer loop
      vertex 2.3 125.218 15.6333
      vertex 2.35341 124.395 3.7533
      vertex 2.35341 125.639 15.5891
    endloop
  endfacet
  facet normal 0.992134 -0.124493 0.0130848
    outer loop
      vertex 2.35341 124.395 3.7533
      vertex 2.3 125.218 15.6333
      vertex 2.3 123.974 3.79749
    endloop
  endfacet
  facet normal -1 0 0
    outer loop
      vertex 5.68659 124.186 3.77522
      vertex 5.68659 125.006 15.6556
      vertex 5.68659 125.43 15.611
    endloop
  endfacet
  facet normal -1 0 0
    outer loop
      vertex 5.68659 125.006 15.6556
      vertex 5.68659 124.186 3.77522
      vertex 5.68659 123.762 3.81976
    endloop
  endfacet
  facet normal -0.0636969 0.992502 -0.104317
    outer loop
      vertex 4.31855 123.558 15.8078
      vertex 3.89326 122.287 3.97484
      vertex 3.89326 123.531 15.8106
    endloop
  endfacet
  facet normal -0.0636969 0.992502 -0.104317
    outer loop
      vertex 3.89326 122.287 3.97484
      vertex 4.31855 123.558 15.8078
      vertex 4.31855 122.314 3.97204
    endloop
  endfacet
  facet normal -0.30909 0.945823 -0.0994109
    outer loop
      vertex 4.72382 123.689 15.7941
      vertex 4.31855 122.314 3.97204
      vertex 4.31855 123.558 15.8078
    endloop
  endfacet
  facet normal -0.309103 0.945819 -0.09941
    outer loop
      vertex 4.31855 122.314 3.97204
      vertex 4.72382 123.689 15.7941
      vertex 4.72382 122.445 3.95828
    endloop
  endfacet
  facet normal 0.424942 -0.900262 0.0946215
    outer loop
      vertex 3.0891 125.402 3.64746
      vertex 3.47467 126.826 15.4643
      vertex 3.0891 126.646 15.4833
    endloop
  endfacet
  facet normal 0.424936 -0.900264 0.0946221
    outer loop
      vertex 3.47467 126.826 15.4643
      vertex 3.0891 125.402 3.64746
      vertex 3.47467 125.582 3.62849
    endloop
  endfacet
  facet normal 0.188692 -0.976657 0.102651
    outer loop
      vertex 3.47467 125.582 3.62849
      vertex 3.89326 126.906 15.456
      vertex 3.47467 126.826 15.4643
    endloop
  endfacet
  facet normal 0.188701 -0.976655 0.102651
    outer loop
      vertex 3.89326 126.906 15.456
      vertex 3.47467 125.582 3.62849
      vertex 3.89326 125.662 3.62015
    endloop
  endfacet
  facet normal -0.96866 -0.247031 0.0259641
    outer loop
      vertex 5.58062 124.597 3.73208
      vertex 5.68659 125.43 15.611
      vertex 5.58062 125.841 15.5679
    endloop
  endfacet
  facet normal -0.96866 -0.247029 0.025964
    outer loop
      vertex 5.68659 125.43 15.611
      vertex 5.58062 124.597 3.73208
      vertex 5.68659 124.186 3.77522
    endloop
  endfacet
  facet normal -0.876101 0.479486 -0.0503964
    outer loop
      vertex 5.58062 123.352 3.86291
      vertex 5.37533 124.225 15.7377
      vertex 5.58062 124.596 15.6987
    endloop
  endfacet
  facet normal -0.876103 0.479483 -0.0503962
    outer loop
      vertex 5.37533 124.225 15.7377
      vertex 5.58062 123.352 3.86291
      vertex 5.37533 122.981 3.90194
    endloop
  endfacet
  facet normal 0.637222 0.766459 -0.0805587
    outer loop
      vertex 3.0891 122.547 3.94753
      vertex 2.76075 124.061 15.7549
      vertex 3.0891 123.791 15.7833
    endloop
  endfacet
  facet normal 0.63722 0.76646 -0.0805589
    outer loop
      vertex 2.76075 124.061 15.7549
      vertex 3.0891 122.547 3.94753
      vertex 2.76075 122.817 3.91914
    endloop
  endfacet
  facet normal -0.309112 -0.945816 0.0994099
    outer loop
      vertex 4.31855 126.879 15.4587
      vertex 4.72382 125.504 3.63671
      vertex 4.72382 126.748 15.4725
    endloop
  endfacet
  facet normal -0.309105 -0.945818 0.0994104
    outer loop
      vertex 4.72382 125.504 3.63671
      vertex 4.31855 126.879 15.4587
      vertex 4.31855 125.635 3.62294
    endloop
  endfacet
  facet normal 0.18644 0.977084 -0.102697
    outer loop
      vertex 3.89326 122.287 3.97484
      vertex 3.47467 123.61 15.8023
      vertex 3.89326 123.531 15.8106
    endloop
  endfacet
  facet normal 0.186452 0.977082 -0.102696
    outer loop
      vertex 3.47467 123.61 15.8023
      vertex 3.89326 122.287 3.97484
      vertex 3.47467 122.366 3.96649
    endloop
  endfacet
  facet normal -0.876107 -0.479476 0.0503954
    outer loop
      vertex 5.37533 124.968 3.69304
      vertex 5.58062 125.841 15.5679
      vertex 5.37533 126.212 15.5288
    endloop
  endfacet
  facet normal -0.876103 -0.479482 0.0503958
    outer loop
      vertex 5.58062 125.841 15.5679
      vertex 5.37533 124.968 3.69304
      vertex 5.58062 124.597 3.73208
    endloop
  endfacet
  facet normal 0.809132 0.584408 -0.0614241
    outer loop
      vertex 2.76075 124.061 15.7549
      vertex 2.51028 123.16 3.8831
      vertex 2.51028 124.404 15.7189
    endloop
  endfacet
  facet normal 0.809135 0.584403 -0.0614238
    outer loop
      vertex 2.51028 123.16 3.8831
      vertex 2.76075 124.061 15.7549
      vertex 2.76075 122.817 3.91914
    endloop
  endfacet
  facet normal 0.637222 -0.766459 0.0805582
    outer loop
      vertex 2.76075 125.132 3.67585
      vertex 3.0891 126.646 15.4833
      vertex 2.76075 126.376 15.5117
    endloop
  endfacet
  facet normal 0.63722 -0.76646 0.0805584
    outer loop
      vertex 3.0891 126.646 15.4833
      vertex 2.76075 125.132 3.67585
      vertex 3.0891 125.402 3.64746
    endloop
  endfacet
  facet normal 0.809132 -0.584408 0.0614239
    outer loop
      vertex 2.51028 126.033 15.5477
      vertex 2.76075 125.132 3.67585
      vertex 2.76075 126.376 15.5117
    endloop
  endfacet
  facet normal 0.809135 -0.584403 0.0614236
    outer loop
      vertex 2.76075 125.132 3.67585
      vertex 2.51028 126.033 15.5477
      vertex 2.51028 124.789 3.71189
    endloop
  endfacet
  facet normal -0.729028 -0.680734 0.0715482
    outer loop
      vertex 5.08362 125.277 3.66057
      vertex 5.37533 126.212 15.5288
      vertex 5.08362 126.521 15.4964
    endloop
  endfacet
  facet normal -0.729036 -0.680725 0.0715478
    outer loop
      vertex 5.37533 126.212 15.5288
      vertex 5.08362 125.277 3.66057
      vertex 5.37533 124.968 3.69304
    endloop
  endfacet
  facet normal -1 0 0
    outer loop
      vertex 6.97634 123.993 0.377812
      vertex 6.97634 123.6 3.8368
      vertex 6.97634 124.348 3.75819
    endloop
  endfacet
  facet normal -1 0 -0
    outer loop
      vertex 6.97634 123.6 3.8368
      vertex 6.97634 123.993 0.377812
      vertex 6.97634 123.245 0.456417
    endloop
  endfacet
  facet normal 0.992115 0.124644 -0.0130899
    outer loop
      vertex 1.09425 123.232 3.87548
      vertex 1 123.619 0.417114
      vertex 1 123.974 3.79749
    endloop
  endfacet
  facet normal 0.992115 0.124644 -0.0130899
    outer loop
      vertex 1 123.619 0.417114
      vertex 1.09425 123.232 3.87548
      vertex 1.09425 122.877 0.4951
    endloop
  endfacet
  facet normal 0.929711 0.366275 -0.0384654
    outer loop
      vertex 1.37108 122.537 3.94856
      vertex 1.09425 122.877 0.4951
      vertex 1.09425 123.232 3.87548
    endloop
  endfacet
  facet normal 0.929711 0.366275 -0.0384654
    outer loop
      vertex 1.09425 122.877 0.4951
      vertex 1.37108 122.537 3.94856
      vertex 1.37108 122.182 0.568185
    endloop
  endfacet
  facet normal 0.636858 -0.766741 0.0807482
    outer loop
      vertex 1.81309 125.661 0.20245
      vertex 2.39252 126.493 3.53272
      vertex 1.81309 126.017 3.58283
    endloop
  endfacet
  facet normal 0.637644 -0.766118 0.0804562
    outer loop
      vertex 2.39252 126.493 3.53272
      vertex 1.81309 125.661 0.20245
      vertex 2.39252 126.138 0.152345
    endloop
  endfacet
  facet normal 0.808998 -0.584579 0.0615641
    outer loop
      vertex 1.37108 125.412 3.64642
      vertex 1.81309 125.661 0.20245
      vertex 1.81309 126.017 3.58283
    endloop
  endfacet
  facet normal 0.808998 -0.584579 0.0615641
    outer loop
      vertex 1.81309 125.661 0.20245
      vertex 1.37108 125.412 3.64642
      vertex 1.37108 125.056 0.266043
    endloop
  endfacet
  facet normal 0.929891 -0.365813 0.0385251
    outer loop
      vertex 1.09425 124.716 3.71951
      vertex 1.37108 125.056 0.266043
      vertex 1.37108 125.412 3.64642
    endloop
  endfacet
  facet normal 0.929711 -0.366274 0.0384653
    outer loop
      vertex 1.37108 125.056 0.266043
      vertex 1.09425 124.716 3.71951
      vertex 1.09425 124.361 0.339129
    endloop
  endfacet
  facet normal 0.187204 -0.976949 0.102597
    outer loop
      vertex 3.07295 126.457 0.118877
      vertex 3.81163 126.952 3.48453
      vertex 3.07295 126.812 3.49926
    endloop
  endfacet
  facet normal 0.187204 -0.976949 0.102597
    outer loop
      vertex 3.81163 126.952 3.48453
      vertex 3.07295 126.457 0.118877
      vertex 3.81163 126.597 0.104148
    endloop
  endfacet
  facet normal -0.308886 -0.945897 0.0993362
    outer loop
      vertex 4.56214 126.905 3.48946
      vertex 5.27734 126.319 0.133374
      vertex 5.27734 126.674 3.51375
    endloop
  endfacet
  facet normal -0.308886 -0.945897 0.0993361
    outer loop
      vertex 5.27734 126.319 0.133374
      vertex 4.56214 126.905 3.48946
      vertex 4.56214 126.55 0.109083
    endloop
  endfacet
  facet normal -0.0628432 -0.992565 0.104237
    outer loop
      vertex 3.81163 126.952 3.48453
      vertex 4.56214 126.55 0.109083
      vertex 4.56214 126.905 3.48946
    endloop
  endfacet
  facet normal -0.0628439 -0.992565 0.104237
    outer loop
      vertex 4.56214 126.55 0.109083
      vertex 3.81163 126.952 3.48453
      vertex 3.81163 126.597 0.104148
    endloop
  endfacet
  facet normal -0.876191 0.479327 -0.0503379
    outer loop
      vertex 6.78933 122.521 0.532553
      vertex 6.42705 122.221 3.98181
      vertex 6.78933 122.876 3.91293
    endloop
  endfacet
  facet normal -0.876498 0.478757 -0.0504197
    outer loop
      vertex 6.42705 122.221 3.98181
      vertex 6.78933 122.521 0.532553
      vertex 6.42705 121.865 0.601435
    endloop
  endfacet
  facet normal 0.425311 0.900097 -0.0945263
    outer loop
      vertex 3.07295 120.782 0.715352
      vertex 2.39252 121.455 4.06226
      vertex 3.07295 121.137 4.09573
    endloop
  endfacet
  facet normal 0.425311 0.900097 -0.0945263
    outer loop
      vertex 2.39252 121.455 4.06226
      vertex 3.07295 120.782 0.715352
      vertex 2.39252 121.1 0.681883
    endloop
  endfacet
  facet normal -0.308886 0.945868 -0.0996129
    outer loop
      vertex 5.27734 121.275 4.08123
      vertex 4.56214 120.688 0.725145
      vertex 4.56214 121.044 4.10552
    endloop
  endfacet
  facet normal -0.308886 0.945868 -0.0996129
    outer loop
      vertex 4.56214 120.688 0.725145
      vertex 5.27734 121.275 4.08123
      vertex 5.27734 120.919 0.700855
    endloop
  endfacet
  facet normal 4.02315e-06 -0.104576 -0.994517
    outer loop
      vertex 5.68659 123.762 3.81976
      vertex 6.97634 123.6 3.8368
      vertex 6.78933 122.876 3.91293
    endloop
  endfacet
  facet normal 1.14428e-05 -0.104518 -0.994523
    outer loop
      vertex 6.97634 123.6 3.8368
      vertex 5.68659 123.762 3.81976
      vertex 6.97634 124.348 3.75819
    endloop
  endfacet
  facet normal -2.4529e-05 -0.10457 -0.994518
    outer loop
      vertex 5.58062 123.352 3.86291
      vertex 6.78933 122.876 3.91293
      vertex 6.42705 122.221 3.98181
    endloop
  endfacet
  facet normal -9.52965e-06 -0.104472 -0.994528
    outer loop
      vertex 5.68659 124.186 3.77522
      vertex 6.97634 124.348 3.75819
      vertex 5.68659 123.762 3.81976
    endloop
  endfacet
  facet normal 6.28567e-05 -0.10443 -0.994532
    outer loop
      vertex 5.37533 122.981 3.90194
      vertex 6.42705 122.221 3.98181
      vertex 5.91227 121.675 4.03911
    endloop
  endfacet
  facet normal -1.24347e-05 -0.104449 -0.99453
    outer loop
      vertex 6.97634 124.348 3.75819
      vertex 5.68659 124.186 3.77522
      vertex 6.78933 125.073 3.68205
    endloop
  endfacet
  facet normal -5.03245e-05 -0.104403 -0.994535
    outer loop
      vertex 5.58062 124.597 3.73208
      vertex 6.78933 125.073 3.68205
      vertex 5.68659 124.186 3.77522
    endloop
  endfacet
  facet normal -5.68277e-05 -0.104651 -0.994509
    outer loop
      vertex 6.78933 122.876 3.91293
      vertex 5.58062 123.352 3.86291
      vertex 5.68659 123.762 3.81976
    endloop
  endfacet
  facet normal -5.64982e-05 -0.104594 -0.994515
    outer loop
      vertex 6.42705 122.221 3.98181
      vertex 5.37533 122.981 3.90194
      vertex 5.58062 123.352 3.86291
    endloop
  endfacet
  facet normal -0.000117179 -0.104537 -0.994521
    outer loop
      vertex 5.08362 122.672 3.93441
      vertex 5.91227 121.675 4.03911
      vertex 5.27734 121.275 4.08123
    endloop
  endfacet
  facet normal -3.68978e-05 -0.104471 -0.994528
    outer loop
      vertex 5.91227 121.675 4.03911
      vertex 5.08362 122.672 3.93441
      vertex 5.37533 122.981 3.90194
    endloop
  endfacet
  facet normal -3.32044e-05 -0.104526 -0.994522
    outer loop
      vertex 5.27734 121.275 4.08123
      vertex 4.72382 122.445 3.95828
      vertex 5.08362 122.672 3.93441
    endloop
  endfacet
  facet normal -1.84028e-05 -0.104519 -0.994523
    outer loop
      vertex 4.56214 121.044 4.10552
      vertex 4.72382 122.445 3.95828
      vertex 5.27734 121.275 4.08123
    endloop
  endfacet
  facet normal 1.94318e-05 -0.104523 -0.994522
    outer loop
      vertex 4.56214 121.044 4.10552
      vertex 4.31855 122.314 3.97204
      vertex 4.72382 122.445 3.95828
    endloop
  endfacet
  facet normal 8.72467e-05 -0.10451 -0.994524
    outer loop
      vertex 4.56214 121.044 4.10552
      vertex 3.89326 122.287 3.97484
      vertex 4.31855 122.314 3.97204
    endloop
  endfacet
  facet normal 1.58823e-06 -0.104556 -0.994519
    outer loop
      vertex 3.81163 120.997 4.11046
      vertex 3.89326 122.287 3.97484
      vertex 4.56214 121.044 4.10552
    endloop
  endfacet
  facet normal 0.000104688 -0.104562 -0.994518
    outer loop
      vertex 3.81163 120.997 4.11046
      vertex 3.47467 122.366 3.96649
      vertex 3.89326 122.287 3.97484
    endloop
  endfacet
  facet normal 9.87214e-06 -0.104585 -0.994516
    outer loop
      vertex 3.07295 121.137 4.09573
      vertex 3.47467 122.366 3.96649
      vertex 3.81163 120.997 4.11046
    endloop
  endfacet
  facet normal -0.000164851 -0.104529 -0.994522
    outer loop
      vertex 3.47467 122.366 3.96649
      vertex 3.07295 121.137 4.09573
      vertex 3.0891 122.547 3.94753
    endloop
  endfacet
  facet normal 6.71234e-05 -0.104531 -0.994522
    outer loop
      vertex 2.39252 121.455 4.06226
      vertex 3.0891 122.547 3.94753
      vertex 3.07295 121.137 4.09573
    endloop
  endfacet
  facet normal 4.50836e-05 -0.104517 -0.994523
    outer loop
      vertex 3.0891 122.547 3.94753
      vertex 2.39252 121.455 4.06226
      vertex 2.76075 122.817 3.91914
    endloop
  endfacet
  facet normal -3.30261e-05 -0.104497 -0.994525
    outer loop
      vertex 1.81309 121.932 4.01216
      vertex 2.76075 122.817 3.91914
      vertex 2.39252 121.455 4.06226
    endloop
  endfacet
  facet normal -1.90277e-05 -0.104511 -0.994524
    outer loop
      vertex 2.76075 122.817 3.91914
      vertex 1.81309 121.932 4.01216
      vertex 2.51028 123.16 3.8831
    endloop
  endfacet
  facet normal 2.01051e-05 -0.104533 -0.994521
    outer loop
      vertex 1.37108 122.537 3.94856
      vertex 2.51028 123.16 3.8831
      vertex 1.81309 121.932 4.01216
    endloop
  endfacet
  facet normal 1.30826e-05 -0.104521 -0.994523
    outer loop
      vertex 2.51028 123.16 3.8831
      vertex 1.37108 122.537 3.94856
      vertex 2.35341 123.554 3.84169
    endloop
  endfacet
  facet normal 1.77727e-05 -0.104574 -0.994517
    outer loop
      vertex 6.78933 125.073 3.68205
      vertex 5.58062 124.597 3.73208
      vertex 6.42705 125.728 3.61317
    endloop
  endfacet
  facet normal 7.03358e-05 -0.104613 -0.994513
    outer loop
      vertex 5.37533 124.968 3.69304
      vertex 6.42705 125.728 3.61317
      vertex 5.58062 124.597 3.73208
    endloop
  endfacet
  facet normal 1.94383e-05 -0.104543 -0.99452
    outer loop
      vertex 6.42705 125.728 3.61317
      vertex 5.37533 124.968 3.69304
      vertex 5.91227 126.273 3.55587
    endloop
  endfacet
  facet normal -2.21613e-05 -0.104526 -0.994522
    outer loop
      vertex 5.08362 125.277 3.66057
      vertex 5.91227 126.273 3.55587
      vertex 5.37533 124.968 3.69304
    endloop
  endfacet
  facet normal -3.42065e-05 -0.104516 -0.994523
    outer loop
      vertex 5.91227 126.273 3.55587
      vertex 5.08362 125.277 3.66057
      vertex 5.27734 126.674 3.51375
    endloop
  endfacet
  facet normal 7.78712e-06 -0.104522 -0.994523
    outer loop
      vertex 4.72382 125.504 3.63671
      vertex 5.27734 126.674 3.51375
      vertex 5.08362 125.277 3.66057
    endloop
  endfacet
  facet normal 1.60213e-05 -0.104526 -0.994522
    outer loop
      vertex 4.72382 125.504 3.63671
      vertex 4.56214 126.905 3.48946
      vertex 5.27734 126.674 3.51375
    endloop
  endfacet
  facet normal 3.67531e-06 -0.104527 -0.994522
    outer loop
      vertex 4.31855 125.635 3.62294
      vertex 4.56214 126.905 3.48946
      vertex 4.72382 125.504 3.63671
    endloop
  endfacet
  facet normal -0.00011035 -0.104506 -0.994524
    outer loop
      vertex 3.89326 125.662 3.62015
      vertex 4.56214 126.905 3.48946
      vertex 4.31855 125.635 3.62294
    endloop
  endfacet
  facet normal -1.48922e-05 -0.104556 -0.994519
    outer loop
      vertex 3.89326 125.662 3.62015
      vertex 3.81163 126.952 3.48453
      vertex 4.56214 126.905 3.48946
    endloop
  endfacet
  facet normal 0.000165598 -0.104545 -0.99452
    outer loop
      vertex 3.47467 125.582 3.62849
      vertex 3.81163 126.952 3.48453
      vertex 3.89326 125.662 3.62015
    endloop
  endfacet
  facet normal -0.000130465 -0.104532 -0.994522
    outer loop
      vertex 3.07295 126.812 3.49926
      vertex 3.47467 125.582 3.62849
      vertex 3.0891 125.402 3.64746
    endloop
  endfacet
  facet normal -2.64913e-05 -0.104498 -0.994525
    outer loop
      vertex 3.47467 125.582 3.62849
      vertex 3.07295 126.812 3.49926
      vertex 3.81163 126.952 3.48453
    endloop
  endfacet
  facet normal 1.1487e-05 -0.104585 -0.994516
    outer loop
      vertex 2.39252 126.493 3.53272
      vertex 3.0891 125.402 3.64746
      vertex 2.76075 125.132 3.67585
    endloop
  endfacet
  facet normal 1.90277e-05 -0.104511 -0.994524
    outer loop
      vertex 1.81309 126.017 3.58283
      vertex 2.76075 125.132 3.67585
      vertex 2.51028 124.789 3.71189
    endloop
  endfacet
  facet normal 0.000100219 -0.104529 -0.994522
    outer loop
      vertex 3.0891 125.402 3.64746
      vertex 2.39252 126.493 3.53272
      vertex 3.07295 126.812 3.49926
    endloop
  endfacet
  facet normal -5.91355e-06 -0.104523 -0.994522
    outer loop
      vertex 1.37108 125.412 3.64642
      vertex 2.51028 124.789 3.71189
      vertex 2.35341 124.395 3.7533
    endloop
  endfacet
  facet normal 7.37836e-05 -0.1044 -0.994535
    outer loop
      vertex 1.09425 124.716 3.71951
      vertex 2.35341 124.395 3.7533
      vertex 2.3 123.974 3.79749
    endloop
  endfacet
  facet normal 4.92074e-05 -0.104555 -0.994519
    outer loop
      vertex 1.09425 123.232 3.87548
      vertex 2.35341 123.554 3.84169
      vertex 1.37108 122.537 3.94856
    endloop
  endfacet
  facet normal -7.20492e-05 -0.104608 -0.994514
    outer loop
      vertex 2.76075 125.132 3.67585
      vertex 1.81309 126.017 3.58283
      vertex 2.39252 126.493 3.53272
    endloop
  endfacet
  facet normal 7.39445e-05 -0.104651 -0.994509
    outer loop
      vertex 2.35341 123.554 3.84169
      vertex 1.09425 123.232 3.87548
      vertex 2.3 123.974 3.79749
    endloop
  endfacet
  facet normal -7.44406e-06 -0.104526 -0.994522
    outer loop
      vertex 2.51028 124.789 3.71189
      vertex 1.37108 125.412 3.64642
      vertex 1.81309 126.017 3.58283
    endloop
  endfacet
  facet normal 0 -0.104532 -0.994522
    outer loop
      vertex 1 123.974 3.79749
      vertex 2.3 123.974 3.79749
      vertex 1.09425 123.232 3.87548
    endloop
  endfacet
  facet normal 5.76479e-05 -0.104463 -0.994529
    outer loop
      vertex 2.35341 124.395 3.7533
      vertex 1.09425 124.716 3.71951
      vertex 1.37108 125.412 3.64642
    endloop
  endfacet
  facet normal -0 -0.104519 -0.994523
    outer loop
      vertex 2.3 123.974 3.79749
      vertex 1 123.974 3.79749
      vertex 1.09425 124.716 3.71951
    endloop
  endfacet
  facet normal -0.535137 0.840119 -0.0884761
    outer loop
      vertex 5.91227 121.675 4.03911
      vertex 5.27734 120.919 0.700855
      vertex 5.27734 121.275 4.08123
    endloop
  endfacet
  facet normal -0.53608 0.83955 -0.0881679
    outer loop
      vertex 5.27734 120.919 0.700855
      vertex 5.91227 121.675 4.03911
      vertex 5.91227 121.32 0.658736
    endloop
  endfacet
  facet normal 0.808998 0.584596 -0.0613931
    outer loop
      vertex 1.81309 121.932 4.01216
      vertex 1.37108 122.182 0.568185
      vertex 1.37108 122.537 3.94856
    endloop
  endfacet
  facet normal 0.808998 0.584597 -0.061393
    outer loop
      vertex 1.37108 122.182 0.568185
      vertex 1.81309 121.932 4.01216
      vertex 1.81309 121.577 0.631778
    endloop
  endfacet
  facet normal -0.729475 0.680246 -0.0716392
    outer loop
      vertex 6.42705 121.865 0.601435
      vertex 5.91227 121.675 4.03911
      vertex 6.42705 122.221 3.98181
    endloop
  endfacet
  facet normal -0.728856 0.680923 -0.0715091
    outer loop
      vertex 5.91227 121.675 4.03911
      vertex 6.42705 121.865 0.601435
      vertex 5.91227 121.32 0.658736
    endloop
  endfacet
  facet normal -0.728856 -0.680923 0.0715091
    outer loop
      vertex 5.91227 125.918 0.175493
      vertex 6.42705 125.728 3.61317
      vertex 5.91227 126.273 3.55587
    endloop
  endfacet
  facet normal -0.728856 -0.680923 0.0715091
    outer loop
      vertex 6.42705 125.728 3.61317
      vertex 5.91227 125.918 0.175493
      vertex 6.42705 125.373 0.232793
    endloop
  endfacet
  facet normal -0.968553 0.247446 -0.0259862
    outer loop
      vertex 6.97634 123.245 0.456417
      vertex 6.78933 122.876 3.91293
      vertex 6.97634 123.6 3.8368
    endloop
  endfacet
  facet normal -0.968553 0.247446 -0.0259862
    outer loop
      vertex 6.78933 122.876 3.91293
      vertex 6.97634 123.245 0.456417
      vertex 6.78933 122.521 0.532553
    endloop
  endfacet
  facet normal -0.53608 -0.83955 0.0881678
    outer loop
      vertex 5.27734 126.674 3.51375
      vertex 5.91227 125.918 0.175493
      vertex 5.91227 126.273 3.55587
    endloop
  endfacet
  facet normal -0.53608 -0.83955 0.0881678
    outer loop
      vertex 5.91227 125.918 0.175493
      vertex 5.27734 126.674 3.51375
      vertex 5.27734 126.319 0.133374
    endloop
  endfacet
  facet normal 0.637643 0.766119 -0.0804562
    outer loop
      vertex 2.39252 121.1 0.681883
      vertex 1.81309 121.932 4.01216
      vertex 2.39252 121.455 4.06226
    endloop
  endfacet
  facet normal 0.637644 0.766119 -0.080456
    outer loop
      vertex 1.81309 121.932 4.01216
      vertex 2.39252 121.1 0.681883
      vertex 1.81309 121.577 0.631778
    endloop
  endfacet
  facet normal 0.992115 -0.124644 0.0130899
    outer loop
      vertex 1 123.974 3.79749
      vertex 1.09425 124.361 0.339129
      vertex 1.09425 124.716 3.71951
    endloop
  endfacet
  facet normal 0.992115 -0.124644 0.0130899
    outer loop
      vertex 1.09425 124.361 0.339129
      vertex 1 123.974 3.79749
      vertex 1 123.619 0.417114
    endloop
  endfacet
  facet normal -0.968635 -0.247121 0.0260253
    outer loop
      vertex 6.78933 124.717 0.301676
      vertex 6.97634 124.348 3.75819
      vertex 6.78933 125.073 3.68205
    endloop
  endfacet
  facet normal -0.968553 -0.247446 0.0259862
    outer loop
      vertex 6.97634 124.348 3.75819
      vertex 6.78933 124.717 0.301676
      vertex 6.97634 123.993 0.377812
    endloop
  endfacet
  facet normal 0.426393 -0.899591 0.0944732
    outer loop
      vertex 2.39252 126.138 0.152345
      vertex 3.07295 126.812 3.49926
      vertex 2.39252 126.493 3.53272
    endloop
  endfacet
  facet normal 0.426394 -0.899591 0.0944729
    outer loop
      vertex 3.07295 126.812 3.49926
      vertex 2.39252 126.138 0.152345
      vertex 3.07295 126.457 0.118877
    endloop
  endfacet
  facet normal -0.876191 -0.479327 0.0503379
    outer loop
      vertex 6.42705 125.373 0.232793
      vertex 6.78933 125.073 3.68205
      vertex 6.42705 125.728 3.61317
    endloop
  endfacet
  facet normal -0.876498 -0.478757 0.0504197
    outer loop
      vertex 6.78933 125.073 3.68205
      vertex 6.42705 125.373 0.232793
      vertex 6.78933 124.717 0.301676
    endloop
  endfacet
  facet normal 0.187204 0.976918 -0.102883
    outer loop
      vertex 3.81163 120.641 0.730081
      vertex 3.07295 121.137 4.09573
      vertex 3.81163 120.997 4.11046
    endloop
  endfacet
  facet normal 0.18848 0.976706 -0.102572
    outer loop
      vertex 3.07295 121.137 4.09573
      vertex 3.81163 120.641 0.730081
      vertex 3.07295 120.782 0.715352
    endloop
  endfacet
  facet normal -0.0628446 0.992534 -0.104527
    outer loop
      vertex 4.56214 121.044 4.10552
      vertex 3.81163 120.641 0.730081
      vertex 3.81163 120.997 4.11046
    endloop
  endfacet
  facet normal -0.062844 0.992534 -0.104528
    outer loop
      vertex 3.81163 120.641 0.730081
      vertex 4.56214 121.044 4.10552
      vertex 4.56214 120.688 0.725145
    endloop
  endfacet
  facet normal 0 -0.104526 -0.994522
    outer loop
      vertex 310.5 12.1152 26.3143
      vertex 318 27.0331 24.7464
      vertex 318 12.1152 26.3143
    endloop
  endfacet
  facet normal -0 -0.104526 -0.994522
    outer loop
      vertex 318 27.0331 24.7464
      vertex 310.5 12.1152 26.3143
      vertex 310.5 27.0331 24.7464
    endloop
  endfacet
  facet normal 0 -0.994522 0.104528
    outer loop
      vertex 310.5 26.3014 17.7847
      vertex 318 27.0331 24.7464
      vertex 310.5 27.0331 24.7464
    endloop
  endfacet
  facet normal 0 -0.994522 0.104528
    outer loop
      vertex 318 27.0331 24.7464
      vertex 310.5 26.3014 17.7847
      vertex 318 26.3014 17.7847
    endloop
  endfacet
  facet normal -0 0.104533 0.994521
    outer loop
      vertex 310.5 26.3014 17.7847
      vertex 318 11.3835 19.3527
      vertex 318 26.3014 17.7847
    endloop
  endfacet
  facet normal 0 0.104533 0.994521
    outer loop
      vertex 318 11.3835 19.3527
      vertex 310.5 26.3014 17.7847
      vertex 310.5 11.3835 19.3527
    endloop
  endfacet
  facet normal 0 0.994522 -0.104529
    outer loop
      vertex 318 11.3835 19.3527
      vertex 310.5 12.1152 26.3143
      vertex 318 12.1152 26.3143
    endloop
  endfacet
  facet normal 0 0.994522 -0.104529
    outer loop
      vertex 310.5 12.1152 26.3143
      vertex 318 11.3835 19.3527
      vertex 310.5 11.3835 19.3527
    endloop
  endfacet
  facet normal 0.866084 0.499898 -0
    outer loop
      vertex 309.659 117.23 3.15898e-07
      vertex 309.001 118.37 0.968806
      vertex 309.659 117.23 1.08864
    endloop
  endfacet
  facet normal 0.866084 0.499898 0
    outer loop
      vertex 309.001 118.37 0.968806
      vertex 309.659 117.23 3.15898e-07
      vertex 309.001 118.37 3.15898e-07
    endloop
  endfacet
  facet normal 0.965894 0.258939 -0
    outer loop
      vertex 310 115.958 3.15898e-07
      vertex 309.659 117.23 1.08864
      vertex 310 115.958 1.2223
    endloop
  endfacet
  facet normal 0.965894 0.258939 0
    outer loop
      vertex 309.659 117.23 1.08864
      vertex 310 115.958 3.15898e-07
      vertex 309.659 117.23 3.15898e-07
    endloop
  endfacet
  facet normal 0.258939 0.965894 -0
    outer loop
      vertex 306.93 119.959 3.15898e-07
      vertex 305.658 120.3 0.765963
      vertex 306.93 119.959 0.801776
    endloop
  endfacet
  facet normal 0.258939 0.965894 0
    outer loop
      vertex 305.658 120.3 0.765963
      vertex 306.93 119.959 3.15898e-07
      vertex 305.658 120.3 3.15898e-07
    endloop
  endfacet
  facet normal 1 0 0
    outer loop
      vertex 310 12.3417 3.15898e-07
      vertex 310 115.958 1.2223
      vertex 310 12.3417 12.1128
    endloop
  endfacet
  facet normal 1 0 0
    outer loop
      vertex 310 115.958 1.2223
      vertex 310 12.3417 3.15898e-07
      vertex 310 115.958 3.15898e-07
    endloop
  endfacet
  facet normal 0 1 -0
    outer loop
      vertex 305.658 120.3 3.15898e-07
      vertex 12.3417 120.3 0.765963
      vertex 305.658 120.3 0.765963
    endloop
  endfacet
  facet normal 0 1 0
    outer loop
      vertex 12.3417 120.3 0.765963
      vertex 305.658 120.3 3.15898e-07
      vertex 12.3417 120.3 3.15898e-07
    endloop
  endfacet
  facet normal 0.499898 0.866084 -0
    outer loop
      vertex 308.07 119.301 3.15898e-07
      vertex 306.93 119.959 0.801776
      vertex 308.07 119.301 0.870962
    endloop
  endfacet
  facet normal 0.499898 0.866084 0
    outer loop
      vertex 306.93 119.959 0.801776
      vertex 308.07 119.301 3.15898e-07
      vertex 306.93 119.959 3.15898e-07
    endloop
  endfacet
  facet normal 0.707107 0.707107 -0
    outer loop
      vertex 309.001 118.37 3.15898e-07
      vertex 308.07 119.301 0.870962
      vertex 309.001 118.37 0.968806
    endloop
  endfacet
  facet normal 0.707107 0.707107 0
    outer loop
      vertex 308.07 119.301 0.870962
      vertex 309.001 118.37 3.15898e-07
      vertex 308.07 119.301 3.15898e-07
    endloop
  endfacet
  facet normal -0.865999 0.500046 0
    outer loop
      vertex 8.34074 117.23 3.15898e-07
      vertex 8.999 118.37 0.968806
      vertex 8.999 118.37 3.15898e-07
    endloop
  endfacet
  facet normal -0.865999 0.500046 0
    outer loop
      vertex 8.999 118.37 0.968806
      vertex 8.34074 117.23 3.15898e-07
      vertex 8.34074 117.23 1.08864
    endloop
  endfacet
  facet normal -0.499842 0.866117 0
    outer loop
      vertex 9.92993 119.301 3.15898e-07
      vertex 11.0701 119.959 0.801776
      vertex 11.0701 119.959 3.15898e-07
    endloop
  endfacet
  facet normal -0.499842 0.866117 0
    outer loop
      vertex 11.0701 119.959 0.801776
      vertex 9.92993 119.301 3.15898e-07
      vertex 9.92993 119.301 0.870962
    endloop
  endfacet
  facet normal -0.259015 0.965873 0
    outer loop
      vertex 11.0701 119.959 3.15898e-07
      vertex 12.3417 120.3 0.765963
      vertex 12.3417 120.3 3.15898e-07
    endloop
  endfacet
  facet normal -0.259015 0.965873 0
    outer loop
      vertex 12.3417 120.3 0.765963
      vertex 11.0701 119.959 3.15898e-07
      vertex 11.0701 119.959 0.801776
    endloop
  endfacet
  facet normal -1 0 0
    outer loop
      vertex 8 12.3417 3.15898e-07
      vertex 8 115.958 1.2223
      vertex 8 115.958 3.15898e-07
    endloop
  endfacet
  facet normal -1 -0 0
    outer loop
      vertex 8 115.958 1.2223
      vertex 8 12.3417 3.15898e-07
      vertex 8 12.3417 12.1128
    endloop
  endfacet
  facet normal -0.707133 0.70708 0
    outer loop
      vertex 8.999 118.37 3.15898e-07
      vertex 9.92993 119.301 0.870962
      vertex 9.92993 119.301 3.15898e-07
    endloop
  endfacet
  facet normal -0.707133 0.70708 0
    outer loop
      vertex 9.92993 119.301 0.870962
      vertex 8.999 118.37 3.15898e-07
      vertex 8.999 118.37 0.968806
    endloop
  endfacet
  facet normal -0.965943 0.258754 0
    outer loop
      vertex 8 115.958 3.15898e-07
      vertex 8.34074 117.23 1.08864
      vertex 8.34074 117.23 3.15898e-07
    endloop
  endfacet
  facet normal -0.965943 0.258754 0
    outer loop
      vertex 8.34074 117.23 1.08864
      vertex 8 115.958 3.15898e-07
      vertex 8 115.958 1.2223
    endloop
  endfacet
  facet normal -0.866031 -0.49999 0
    outer loop
      vertex 8.999 9.92993 3.15898e-07
      vertex 8.34074 11.0701 12.2465
      vertex 8.34074 11.0701 3.15898e-07
    endloop
  endfacet
  facet normal -0.866031 -0.49999 0
    outer loop
      vertex 8.34074 11.0701 12.2465
      vertex 8.999 9.92993 3.15898e-07
      vertex 8.999 9.92993 12.3663
    endloop
  endfacet
  facet normal -0.25883 -0.965923 0
    outer loop
      vertex 12.3417 8 3.15898e-07
      vertex 11.0701 8.34074 12.5334
      vertex 11.0701 8.34074 3.15898e-07
    endloop
  endfacet
  facet normal -0.25883 -0.965923 0
    outer loop
      vertex 11.0701 8.34074 12.5334
      vertex 12.3417 8 3.15898e-07
      vertex 12.3417 8 12.5692
    endloop
  endfacet
  facet normal 0 -1 0
    outer loop
      vertex 12.3417 8 3.15898e-07
      vertex 305.658 8 12.5692
      vertex 12.3417 8 12.5692
    endloop
  endfacet
  facet normal 0 -1 -0
    outer loop
      vertex 305.658 8 12.5692
      vertex 12.3417 8 3.15898e-07
      vertex 305.658 8 3.15898e-07
    endloop
  endfacet
  facet normal -0.49999 -0.866031 0
    outer loop
      vertex 11.0701 8.34074 3.15898e-07
      vertex 9.92993 8.999 12.4642
      vertex 9.92993 8.999 3.15898e-07
    endloop
  endfacet
  facet normal -0.49999 -0.866031 0
    outer loop
      vertex 9.92993 8.999 12.4642
      vertex 11.0701 8.34074 3.15898e-07
      vertex 11.0701 8.34074 12.5334
    endloop
  endfacet
  facet normal -0.707107 -0.707107 0
    outer loop
      vertex 9.92993 8.999 3.15898e-07
      vertex 8.999 9.92993 12.3663
      vertex 8.999 9.92993 3.15898e-07
    endloop
  endfacet
  facet normal -0.707107 -0.707107 0
    outer loop
      vertex 8.999 9.92993 12.3663
      vertex 9.92993 8.999 3.15898e-07
      vertex 9.92993 8.999 12.4642
    endloop
  endfacet
  facet normal -0.965923 -0.25883 0
    outer loop
      vertex 8.34074 11.0701 3.15898e-07
      vertex 8 12.3417 12.1128
      vertex 8 12.3417 3.15898e-07
    endloop
  endfacet
  facet normal -0.965923 -0.25883 0
    outer loop
      vertex 8 12.3417 12.1128
      vertex 8.34074 11.0701 3.15898e-07
      vertex 8.34074 11.0701 12.2465
    endloop
  endfacet
  facet normal 0.258754 -0.965943 0
    outer loop
      vertex 305.658 8 3.15898e-07
      vertex 306.93 8.34074 12.5334
      vertex 305.658 8 12.5692
    endloop
  endfacet
  facet normal 0.258754 -0.965943 0
    outer loop
      vertex 306.93 8.34074 12.5334
      vertex 305.658 8 3.15898e-07
      vertex 306.93 8.34074 3.15898e-07
    endloop
  endfacet
  facet normal 0.866117 -0.499842 0
    outer loop
      vertex 309.001 9.92993 3.15898e-07
      vertex 309.659 11.0701 12.2465
      vertex 309.001 9.92993 12.3663
    endloop
  endfacet
  facet normal 0.866117 -0.499842 0
    outer loop
      vertex 309.659 11.0701 12.2465
      vertex 309.001 9.92993 3.15898e-07
      vertex 309.659 11.0701 3.15898e-07
    endloop
  endfacet
  facet normal 0.965873 -0.259015 0
    outer loop
      vertex 309.659 11.0701 3.15898e-07
      vertex 310 12.3417 12.1128
      vertex 309.659 11.0701 12.2465
    endloop
  endfacet
  facet normal 0.965873 -0.259015 0
    outer loop
      vertex 310 12.3417 12.1128
      vertex 309.659 11.0701 3.15898e-07
      vertex 310 12.3417 3.15898e-07
    endloop
  endfacet
  facet normal 0.500046 -0.865999 0
    outer loop
      vertex 306.93 8.34074 3.15898e-07
      vertex 308.07 8.999 12.4642
      vertex 306.93 8.34074 12.5334
    endloop
  endfacet
  facet normal 0.500046 -0.865999 0
    outer loop
      vertex 308.07 8.999 12.4642
      vertex 306.93 8.34074 3.15898e-07
      vertex 308.07 8.999 3.15898e-07
    endloop
  endfacet
  facet normal 0.70708 -0.707133 0
    outer loop
      vertex 308.07 8.999 3.15898e-07
      vertex 309.001 9.92993 12.3663
      vertex 308.07 8.999 12.4642
    endloop
  endfacet
  facet normal 0.70708 -0.707133 0
    outer loop
      vertex 309.001 9.92993 12.3663
      vertex 308.07 8.999 3.15898e-07
      vertex 309.001 9.92993 3.15898e-07
    endloop
  endfacet
  facet normal 0 0 -1
    outer loop
      vertex 305.658 8 3.15898e-07
      vertex 310 12.3417 3.15898e-07
      vertex 309.659 11.0701 3.15898e-07
    endloop
  endfacet
  facet normal -0 0 -1
    outer loop
      vertex 310 12.3417 3.15898e-07
      vertex 305.658 8 3.15898e-07
      vertex 310 115.958 3.15898e-07
    endloop
  endfacet
  facet normal 0 0 -1
    outer loop
      vertex 305.658 8 3.15898e-07
      vertex 309.659 11.0701 3.15898e-07
      vertex 309.001 9.92993 3.15898e-07
    endloop
  endfacet
  facet normal 0 0 -1
    outer loop
      vertex 305.658 120.3 3.15898e-07
      vertex 310 115.958 3.15898e-07
      vertex 305.658 8 3.15898e-07
    endloop
  endfacet
  facet normal 0 0 -1
    outer loop
      vertex 305.658 8 3.15898e-07
      vertex 309.001 9.92993 3.15898e-07
      vertex 308.07 8.999 3.15898e-07
    endloop
  endfacet
  facet normal 0 0 -1
    outer loop
      vertex 310 115.958 3.15898e-07
      vertex 305.658 120.3 3.15898e-07
      vertex 309.659 117.23 3.15898e-07
    endloop
  endfacet
  facet normal 0 0 -1
    outer loop
      vertex 305.658 8 3.15898e-07
      vertex 308.07 8.999 3.15898e-07
      vertex 306.93 8.34074 3.15898e-07
    endloop
  endfacet
  facet normal 0 0 -1
    outer loop
      vertex 309.659 117.23 3.15898e-07
      vertex 305.658 120.3 3.15898e-07
      vertex 309.001 118.37 3.15898e-07
    endloop
  endfacet
  facet normal 0 0 -1
    outer loop
      vertex 309.001 118.37 3.15898e-07
      vertex 305.658 120.3 3.15898e-07
      vertex 308.07 119.301 3.15898e-07
    endloop
  endfacet
  facet normal 0 0 -1
    outer loop
      vertex 308.07 119.301 3.15898e-07
      vertex 305.658 120.3 3.15898e-07
      vertex 306.93 119.959 3.15898e-07
    endloop
  endfacet
  facet normal 0 0 -1
    outer loop
      vertex 12.3417 8 3.15898e-07
      vertex 305.658 120.3 3.15898e-07
      vertex 305.658 8 3.15898e-07
    endloop
  endfacet
  facet normal 0 0 -1
    outer loop
      vertex 12.3417 8 3.15898e-07
      vertex 12.3417 120.3 3.15898e-07
      vertex 305.658 120.3 3.15898e-07
    endloop
  endfacet
  facet normal 0 0 -1
    outer loop
      vertex 8 12.3417 3.15898e-07
      vertex 12.3417 8 3.15898e-07
      vertex 11.0701 8.34074 3.15898e-07
    endloop
  endfacet
  facet normal 0 0 -1
    outer loop
      vertex 12.3417 8 3.15898e-07
      vertex 8 12.3417 3.15898e-07
      vertex 12.3417 120.3 3.15898e-07
    endloop
  endfacet
  facet normal 0 0 -1
    outer loop
      vertex 8 12.3417 3.15898e-07
      vertex 11.0701 8.34074 3.15898e-07
      vertex 9.92993 8.999 3.15898e-07
    endloop
  endfacet
  facet normal 0 0 -1
    outer loop
      vertex 8 115.958 3.15898e-07
      vertex 12.3417 120.3 3.15898e-07
      vertex 8 12.3417 3.15898e-07
    endloop
  endfacet
  facet normal 0 0 -1
    outer loop
      vertex 8 12.3417 3.15898e-07
      vertex 9.92993 8.999 3.15898e-07
      vertex 8.999 9.92993 3.15898e-07
    endloop
  endfacet
  facet normal 0 0 -1
    outer loop
      vertex 12.3417 120.3 3.15898e-07
      vertex 8 115.958 3.15898e-07
      vertex 11.0701 119.959 3.15898e-07
    endloop
  endfacet
  facet normal 0 0 -1
    outer loop
      vertex 8 12.3417 3.15898e-07
      vertex 8.999 9.92993 3.15898e-07
      vertex 8.34074 11.0701 3.15898e-07
    endloop
  endfacet
  facet normal 0 0 -1
    outer loop
      vertex 11.0701 119.959 3.15898e-07
      vertex 8 115.958 3.15898e-07
      vertex 9.92993 119.301 3.15898e-07
    endloop
  endfacet
  facet normal 0 0 -1
    outer loop
      vertex 9.92993 119.301 3.15898e-07
      vertex 8 115.958 3.15898e-07
      vertex 8.999 118.37 3.15898e-07
    endloop
  endfacet
  facet normal 0 0 -1
    outer loop
      vertex 8.999 118.37 3.15898e-07
      vertex 8 115.958 3.15898e-07
      vertex 8.34074 117.23 3.15898e-07
    endloop
  endfacet
endsolid OpenSCAD_Model
