solid OpenSCAD_Model
  facet normal 0.866111 0.499852 0
    outer loop
      vertex 310.659 3.92993 5.13667
      vertex 310.001 5.07007 0
      vertex 310.001 5.07007 5.40262
    endloop
  endfacet
  facet normal 0.866111 0.499852 0
    outer loop
      vertex 310.001 5.07007 0
      vertex 310.659 3.92993 5.13667
      vertex 310.659 3.92993 0
    endloop
  endfacet
  facet normal 0.965877 0.259001 0
    outer loop
      vertex 311 2.65826 4.999
      vertex 310.659 3.92993 0
      vertex 310.659 3.92993 5.13667
    endloop
  endfacet
  facet normal 0.965877 0.259001 0
    outer loop
      vertex 310.659 3.92993 0
      vertex 311 2.65826 4.999
      vertex 311 2.65826 0
    endloop
  endfacet
  facet normal 0.258754 0.965943 -0
    outer loop
      vertex 307.93 6.65926 0
      vertex 306.658 7 4.999
      vertex 307.93 6.65926 5.13667
    endloop
  endfacet
  facet normal 0.258754 0.965943 0
    outer loop
      vertex 306.658 7 4.999
      vertex 307.93 6.65926 0
      vertex 306.658 7 0
    endloop
  endfacet
  facet normal 1 -0 0
    outer loop
      vertex 311 -3.96 4.999
      vertex 311 2.65826 0
      vertex 311 2.65826 4.999
    endloop
  endfacet
  facet normal 1 0 0
    outer loop
      vertex 311 2.65826 0
      vertex 311 -3.96 4.999
      vertex 311 -3.96 0
    endloop
  endfacet
  facet normal 1 -0 0
    outer loop
      vertex 311 -116.958 4.999
      vertex 311 -15.86 0
      vertex 311 -15.86 4.999
    endloop
  endfacet
  facet normal 1 0 0
    outer loop
      vertex 311 -15.86 0
      vertex 311 -116.958 4.999
      vertex 311 -116.958 0
    endloop
  endfacet
  facet normal 0 1 -0
    outer loop
      vertex 306.658 7 0
      vertex -2.65826 7 4.999
      vertex 306.658 7 4.999
    endloop
  endfacet
  facet normal 0 1 0
    outer loop
      vertex -2.65826 7 4.999
      vertex 306.658 7 0
      vertex -2.65826 7 0
    endloop
  endfacet
  facet normal 0.500046 0.865999 -0
    outer loop
      vertex 309.07 6.001 0
      vertex 307.93 6.65926 5.13667
      vertex 309.07 6.001 5.40262
    endloop
  endfacet
  facet normal 0.500046 0.865999 0
    outer loop
      vertex 307.93 6.65926 5.13667
      vertex 309.07 6.001 0
      vertex 307.93 6.65926 0
    endloop
  endfacet
  facet normal 0.707079 0.707132 -0.00186113
    outer loop
      vertex 310.001 5.07007 5.40262
      vertex 309.07 6.001 5.40262
      vertex 309.536 5.53553 5.59068
    endloop
  endfacet
  facet normal 0.70708 0.707133 -0
    outer loop
      vertex 310.001 5.07007 0
      vertex 309.07 6.001 5.40262
      vertex 310.001 5.07007 5.40262
    endloop
  endfacet
  facet normal 0.70708 0.707133 0
    outer loop
      vertex 309.07 6.001 5.40262
      vertex 310.001 5.07007 0
      vertex 309.07 6.001 0
    endloop
  endfacet
  facet normal -0.5 0.866025 0
    outer loop
      vertex -5.07007 6.001 0
      vertex -3.92993 6.65926 5.13667
      vertex -3.92993 6.65926 0
    endloop
  endfacet
  facet normal -0.5 0.866025 0
    outer loop
      vertex -3.92993 6.65926 5.13667
      vertex -5.07007 6.001 0
      vertex -5.07007 6.001 5.40262
    endloop
  endfacet
  facet normal -0.258817 0.965926 0
    outer loop
      vertex -3.92993 6.65926 0
      vertex -2.65826 7 4.999
      vertex -2.65826 7 0
    endloop
  endfacet
  facet normal -0.258817 0.965926 0
    outer loop
      vertex -2.65826 7 4.999
      vertex -3.92993 6.65926 0
      vertex -3.92993 6.65926 5.13667
    endloop
  endfacet
  facet normal -0.866025 0.5 0
    outer loop
      vertex -6.65926 3.92993 5.13667
      vertex -6.001 5.07007 0
      vertex -6.65926 3.92993 0
    endloop
  endfacet
  facet normal -0.866025 0.5 0
    outer loop
      vertex -6.001 5.07007 0
      vertex -6.65926 3.92993 5.13667
      vertex -6.001 5.07007 5.40262
    endloop
  endfacet
  facet normal -1 0 0
    outer loop
      vertex -7 -116.958 0
      vertex -7 2.65826 4.999
      vertex -7 2.65826 0
    endloop
  endfacet
  facet normal -1 -0 0
    outer loop
      vertex -7 2.65826 4.999
      vertex -7 -116.958 0
      vertex -7 -116.958 4.999
    endloop
  endfacet
  facet normal -0.707107 0.707107 3.76001e-05
    outer loop
      vertex -5.07007 6.001 5.40262
      vertex -6.001 5.07007 5.40262
      vertex -5.53553 5.53553 5.59068
    endloop
  endfacet
  facet normal -0.707107 0.707107 0
    outer loop
      vertex -5.07007 6.001 0
      vertex -6.001 5.07007 5.40262
      vertex -5.07007 6.001 5.40262
    endloop
  endfacet
  facet normal -0.707107 0.707107 0
    outer loop
      vertex -6.001 5.07007 5.40262
      vertex -5.07007 6.001 0
      vertex -6.001 5.07007 0
    endloop
  endfacet
  facet normal -0.965926 0.258817 0
    outer loop
      vertex -7 2.65826 4.999
      vertex -6.65926 3.92993 0
      vertex -7 2.65826 0
    endloop
  endfacet
  facet normal -0.965926 0.258817 0
    outer loop
      vertex -6.65926 3.92993 0
      vertex -7 2.65826 4.999
      vertex -6.65926 3.92993 5.13667
    endloop
  endfacet
  facet normal -0.965943 -0.258754 0
    outer loop
      vertex -6.65926 -118.23 0
      vertex -7 -116.958 4.999
      vertex -7 -116.958 0
    endloop
  endfacet
  facet normal -0.965943 -0.258754 0
    outer loop
      vertex -7 -116.958 4.999
      vertex -6.65926 -118.23 0
      vertex -6.65926 -118.23 5.13667
    endloop
  endfacet
  facet normal -0.865999 -0.500046 0
    outer loop
      vertex -6.001 -119.37 0
      vertex -6.65926 -118.23 5.13667
      vertex -6.65926 -118.23 0
    endloop
  endfacet
  facet normal -0.865999 -0.500046 0
    outer loop
      vertex -6.65926 -118.23 5.13667
      vertex -6.001 -119.37 0
      vertex -6.001 -119.37 5.40262
    endloop
  endfacet
  facet normal -0.499852 -0.866111 0
    outer loop
      vertex -5.07007 -120.301 0
      vertex -3.92993 -120.959 5.13667
      vertex -5.07007 -120.301 5.40262
    endloop
  endfacet
  facet normal -0.499852 -0.866111 -0
    outer loop
      vertex -3.92993 -120.959 5.13667
      vertex -5.07007 -120.301 0
      vertex -3.92993 -120.959 0
    endloop
  endfacet
  facet normal 0 -1 0
    outer loop
      vertex -2.65826 -121.3 0
      vertex 306.658 -121.3 4.999
      vertex -2.65826 -121.3 4.999
    endloop
  endfacet
  facet normal 0 -1 -0
    outer loop
      vertex 306.658 -121.3 4.999
      vertex -2.65826 -121.3 0
      vertex 306.658 -121.3 0
    endloop
  endfacet
  facet normal -0.707132 -0.707079 -0.00186113
    outer loop
      vertex -6.001 -119.37 5.40262
      vertex -5.07007 -120.301 5.40262
      vertex -5.53553 -119.836 5.59068
    endloop
  endfacet
  facet normal -0.707133 -0.70708 0
    outer loop
      vertex -6.001 -119.37 0
      vertex -5.07007 -120.301 5.40262
      vertex -6.001 -119.37 5.40262
    endloop
  endfacet
  facet normal -0.707133 -0.70708 -0
    outer loop
      vertex -5.07007 -120.301 5.40262
      vertex -6.001 -119.37 0
      vertex -5.07007 -120.301 0
    endloop
  endfacet
  facet normal -0.259001 -0.965877 0
    outer loop
      vertex -3.92993 -120.959 0
      vertex -2.65826 -121.3 4.999
      vertex -3.92993 -120.959 5.13667
    endloop
  endfacet
  facet normal -0.259001 -0.965877 -0
    outer loop
      vertex -2.65826 -121.3 4.999
      vertex -3.92993 -120.959 0
      vertex -2.65826 -121.3 0
    endloop
  endfacet
  facet normal 0.258939 -0.965894 0
    outer loop
      vertex 307.93 -120.959 0
      vertex 306.658 -121.3 4.999
      vertex 306.658 -121.3 0
    endloop
  endfacet
  facet normal 0.258939 -0.965894 0
    outer loop
      vertex 306.658 -121.3 4.999
      vertex 307.93 -120.959 0
      vertex 307.93 -120.959 5.13667
    endloop
  endfacet
  facet normal 0.866084 -0.499898 0
    outer loop
      vertex 310.001 -119.37 0
      vertex 310.659 -118.23 5.13667
      vertex 310.001 -119.37 5.40262
    endloop
  endfacet
  facet normal 0.866084 -0.499898 0
    outer loop
      vertex 310.659 -118.23 5.13667
      vertex 310.001 -119.37 0
      vertex 310.659 -118.23 0
    endloop
  endfacet
  facet normal 0.965894 -0.258939 0
    outer loop
      vertex 310.659 -118.23 0
      vertex 311 -116.958 4.999
      vertex 310.659 -118.23 5.13667
    endloop
  endfacet
  facet normal 0.965894 -0.258939 0
    outer loop
      vertex 311 -116.958 4.999
      vertex 310.659 -118.23 0
      vertex 311 -116.958 0
    endloop
  endfacet
  facet normal 0.707102 -0.707102 -0.00375998
    outer loop
      vertex 309.07 -120.301 5.40262
      vertex 310.001 -119.37 5.40262
      vertex 309.536 -119.836 5.59068
    endloop
  endfacet
  facet normal 0.707107 -0.707107 0
    outer loop
      vertex 309.07 -120.301 0
      vertex 310.001 -119.37 5.40262
      vertex 309.07 -120.301 5.40262
    endloop
  endfacet
  facet normal 0.707107 -0.707107 0
    outer loop
      vertex 310.001 -119.37 5.40262
      vertex 309.07 -120.301 0
      vertex 310.001 -119.37 0
    endloop
  endfacet
  facet normal 0.499898 -0.866084 0
    outer loop
      vertex 309.07 -120.301 0
      vertex 307.93 -120.959 5.13667
      vertex 307.93 -120.959 0
    endloop
  endfacet
  facet normal 0.499898 -0.866084 0
    outer loop
      vertex 307.93 -120.959 5.13667
      vertex 309.07 -120.301 0
      vertex 309.07 -120.301 5.40262
    endloop
  endfacet
  facet normal 0 0 1
    outer loop
      vertex 16.3789 -21.7217 1.5
      vertex 21.7217 -21.7217 1.5
      vertex 16.3789 -16.3789 1.5
    endloop
  endfacet
  facet normal 0 0 1
    outer loop
      vertex 21.7217 -21.7217 1.5
      vertex 16.3789 -21.7217 1.5
      vertex 16.5254 -22.0752 1.5
    endloop
  endfacet
  facet normal -0 0 1
    outer loop
      vertex 16.0254 -16.5254 1.5
      vertex 16.3789 -21.7217 1.5
      vertex 16.3789 -16.3789 1.5
    endloop
  endfacet
  facet normal 0 0 1
    outer loop
      vertex 16.0254 -16.5254 1.5
      vertex 16.0254 -21.5752 1.5
      vertex 16.3789 -21.7217 1.5
    endloop
  endfacet
  facet normal -0 0 1
    outer loop
      vertex 3.02539 -16.5254 1.5
      vertex 16.0254 -21.5752 1.5
      vertex 16.0254 -16.5254 1.5
    endloop
  endfacet
  facet normal 0 0 1
    outer loop
      vertex 3.02539 -16.5254 1.5
      vertex 3.02539 -21.5752 1.5
      vertex 16.0254 -21.5752 1.5
    endloop
  endfacet
  facet normal 0 0 1
    outer loop
      vertex 2.67188 -16.3789 1.5
      vertex 3.02539 -21.5752 1.5
      vertex 3.02539 -16.5254 1.5
    endloop
  endfacet
  facet normal 0 0 1
    outer loop
      vertex 2.67188 -16.3789 1.5
      vertex 2.67188 -21.7217 1.5
      vertex 3.02539 -21.5752 1.5
    endloop
  endfacet
  facet normal 0 0 1
    outer loop
      vertex 2.52539 -16.0254 1.5
      vertex 2.67188 -21.7217 1.5
      vertex 2.67188 -16.3789 1.5
    endloop
  endfacet
  facet normal 0 0 1
    outer loop
      vertex 2.67188 -21.7217 1.5
      vertex 2.52539 -16.0254 1.5
      vertex 2.52539 -22.0752 1.5
    endloop
  endfacet
  facet normal 0 0 1
    outer loop
      vertex 27.9316 -92.7246 1.5
      vertex 18.7598 -97.9219 1.5
      vertex 18.9062 -98.2754 1.5
    endloop
  endfacet
  facet normal -0 0 1
    outer loop
      vertex 14.9316 -92.7246 1.5
      vertex 18.7598 -97.9219 1.5
      vertex 27.9316 -92.7246 1.5
    endloop
  endfacet
  facet normal 0 0 1
    outer loop
      vertex 18.7598 -97.9219 1.5
      vertex 14.9316 -92.7246 1.5
      vertex 18.4062 -97.7754 1.5
    endloop
  endfacet
  facet normal 0 0 1
    outer loop
      vertex 12.9932 -94.2246 1.5
      vertex 14.9316 -92.7246 1.5
      vertex 14.5781 -92.5781 1.5
    endloop
  endfacet
  facet normal 0 0 1
    outer loop
      vertex 12.9932 -94.2246 1.5
      vertex 14.4316 -92.2246 1.5
      vertex 12.9932 -80.2246 1.5
    endloop
  endfacet
  facet normal 0 0 1
    outer loop
      vertex 12.9932 -94.2246 1.5
      vertex 14.5781 -92.5781 1.5
      vertex 14.4316 -92.2246 1.5
    endloop
  endfacet
  facet normal 0 0 1
    outer loop
      vertex 12.8467 -94.5781 1.5
      vertex 14.9316 -92.7246 1.5
      vertex 12.9932 -94.2246 1.5
    endloop
  endfacet
  facet normal 0 0 1
    outer loop
      vertex 14.9316 -92.7246 1.5
      vertex 12.8467 -94.5781 1.5
      vertex 18.4062 -97.7754 1.5
    endloop
  endfacet
  facet normal -0 0 1
    outer loop
      vertex 12.4932 -94.7246 1.5
      vertex 18.4062 -97.7754 1.5
      vertex 12.8467 -94.5781 1.5
    endloop
  endfacet
  facet normal 0 0 1
    outer loop
      vertex 5.40625 -97.7754 1.5
      vertex 12.4932 -94.7246 1.5
      vertex 6.49316 -94.7246 1.5
    endloop
  endfacet
  facet normal 0 0 1
    outer loop
      vertex 12.4932 -94.7246 1.5
      vertex 5.40625 -97.7754 1.5
      vertex 18.4062 -97.7754 1.5
    endloop
  endfacet
  facet normal 0 0 1
    outer loop
      vertex 6.13965 -94.5781 1.5
      vertex 5.40625 -97.7754 1.5
      vertex 6.49316 -94.7246 1.5
    endloop
  endfacet
  facet normal 0 0 1
    outer loop
      vertex 5.05273 -97.9219 1.5
      vertex 6.13965 -94.5781 1.5
      vertex 5.99316 -94.2246 1.5
    endloop
  endfacet
  facet normal 0 0 1
    outer loop
      vertex 35.4287 -21.7217 1.5
      vertex 40.7715 -21.7217 1.5
      vertex 35.4287 -16.3789 1.5
    endloop
  endfacet
  facet normal 0 0 1
    outer loop
      vertex 40.7715 -21.7217 1.5
      vertex 35.4287 -21.7217 1.5
      vertex 35.5752 -22.0752 1.5
    endloop
  endfacet
  facet normal -0 0 1
    outer loop
      vertex 35.0752 -16.5254 1.5
      vertex 35.4287 -21.7217 1.5
      vertex 35.4287 -16.3789 1.5
    endloop
  endfacet
  facet normal 0 0 1
    outer loop
      vertex 35.0752 -16.5254 1.5
      vertex 35.0752 -21.5752 1.5
      vertex 35.4287 -21.7217 1.5
    endloop
  endfacet
  facet normal -0 0 1
    outer loop
      vertex 22.0752 -16.5254 1.5
      vertex 35.0752 -21.5752 1.5
      vertex 35.0752 -16.5254 1.5
    endloop
  endfacet
  facet normal 0 0 1
    outer loop
      vertex 22.0752 -16.5254 1.5
      vertex 22.0752 -21.5752 1.5
      vertex 35.0752 -21.5752 1.5
    endloop
  endfacet
  facet normal 0 0 1
    outer loop
      vertex 21.7217 -16.3789 1.5
      vertex 22.0752 -21.5752 1.5
      vertex 22.0752 -16.5254 1.5
    endloop
  endfacet
  facet normal 0 0 1
    outer loop
      vertex 21.7217 -16.3789 1.5
      vertex 21.7217 -21.7217 1.5
      vertex 22.0752 -21.5752 1.5
    endloop
  endfacet
  facet normal -0 0 1
    outer loop
      vertex 16.5254 -16.0254 1.5
      vertex 21.7217 -16.3789 1.5
      vertex 21.5752 -16.0254 1.5
    endloop
  endfacet
  facet normal 0 0 1
    outer loop
      vertex 16.3789 -16.3789 1.5
      vertex 21.7217 -16.3789 1.5
      vertex 16.5254 -16.0254 1.5
    endloop
  endfacet
  facet normal 0 0 1
    outer loop
      vertex 35.8623 -73.1748 1.5
      vertex 23.6689 -73.1748 1.5
      vertex 27.9316 -78.7246 1.5
    endloop
  endfacet
  facet normal -0 0 1
    outer loop
      vertex 23.5225 -73.5283 1.5
      vertex 27.9316 -78.7246 1.5
      vertex 23.6689 -73.1748 1.5
    endloop
  endfacet
  facet normal -0 0 1
    outer loop
      vertex 23.1689 -73.6748 1.5
      vertex 27.9316 -78.7246 1.5
      vertex 23.5225 -73.5283 1.5
    endloop
  endfacet
  facet normal 0 0 1
    outer loop
      vertex 23.1689 -73.6748 1.5
      vertex 14.9316 -78.7246 1.5
      vertex 27.9316 -78.7246 1.5
    endloop
  endfacet
  facet normal -0 0 1
    outer loop
      vertex 10.1689 -73.6748 1.5
      vertex 14.9316 -78.7246 1.5
      vertex 23.1689 -73.6748 1.5
    endloop
  endfacet
  facet normal 0 0 1
    outer loop
      vertex 14.4316 -79.2246 1.5
      vertex 12.9932 -80.2246 1.5
      vertex 14.4316 -92.2246 1.5
    endloop
  endfacet
  facet normal 0 0 1
    outer loop
      vertex 12.8467 -79.8711 1.5
      vertex 14.4316 -79.2246 1.5
      vertex 14.5781 -78.8711 1.5
    endloop
  endfacet
  facet normal 0 0 1
    outer loop
      vertex 14.4316 -79.2246 1.5
      vertex 12.8467 -79.8711 1.5
      vertex 12.9932 -80.2246 1.5
    endloop
  endfacet
  facet normal 0 0 1
    outer loop
      vertex 14.9316 -78.7246 1.5
      vertex 10.1689 -73.6748 1.5
      vertex 14.5781 -78.8711 1.5
    endloop
  endfacet
  facet normal 0 -0 1
    outer loop
      vertex 12.4932 -79.7246 1.5
      vertex 14.5781 -78.8711 1.5
      vertex 10.1689 -73.6748 1.5
    endloop
  endfacet
  facet normal 0 0 1
    outer loop
      vertex 14.5781 -78.8711 1.5
      vertex 12.4932 -79.7246 1.5
      vertex 12.8467 -79.8711 1.5
    endloop
  endfacet
  facet normal 0 0 1
    outer loop
      vertex 6.49316 -79.7246 1.5
      vertex 10.1689 -73.6748 1.5
      vertex 9.81543 -73.5283 1.5
    endloop
  endfacet
  facet normal 0 0 1
    outer loop
      vertex 6.13965 -79.8711 1.5
      vertex 9.66895 -60.1748 1.5
      vertex 7.43359 -54.4785 1.5
    endloop
  endfacet
  facet normal 0 0 1
    outer loop
      vertex 6.13965 -79.8711 1.5
      vertex 7.43359 -54.4785 1.5
      vertex 7.28711 -54.125 1.5
    endloop
  endfacet
  facet normal 0 0 1
    outer loop
      vertex 10.1689 -73.6748 1.5
      vertex 6.49316 -79.7246 1.5
      vertex 12.4932 -79.7246 1.5
    endloop
  endfacet
  facet normal 0 0 1
    outer loop
      vertex 9.66895 -73.1748 1.5
      vertex 6.49316 -79.7246 1.5
      vertex 9.81543 -73.5283 1.5
    endloop
  endfacet
  facet normal 0 0 1
    outer loop
      vertex 9.66895 -60.1748 1.5
      vertex 6.13965 -79.8711 1.5
      vertex 9.66895 -73.1748 1.5
    endloop
  endfacet
  facet normal 0 0 1
    outer loop
      vertex 21.5752 -22.0752 1.5
      vertex 16.5254 -22.0752 1.5
      vertex 21.5752 -35.0752 1.5
    endloop
  endfacet
  facet normal 0 0 1
    outer loop
      vertex 16.5254 -35.0752 1.5
      vertex 21.5752 -35.0752 1.5
      vertex 16.5254 -22.0752 1.5
    endloop
  endfacet
  facet normal 0 0 1
    outer loop
      vertex 16.3789 -35.4287 1.5
      vertex 21.5752 -35.0752 1.5
      vertex 16.5254 -35.0752 1.5
    endloop
  endfacet
  facet normal 0 0 1
    outer loop
      vertex 21.5752 -35.0752 1.5
      vertex 16.3789 -35.4287 1.5
      vertex 20.7871 -40.625 1.5
    endloop
  endfacet
  facet normal -0 0 1
    outer loop
      vertex 16.0254 -35.5752 1.5
      vertex 20.7871 -40.625 1.5
      vertex 16.3789 -35.4287 1.5
    endloop
  endfacet
  facet normal 0 0 1
    outer loop
      vertex 16.0254 -35.5752 1.5
      vertex 7.78711 -40.625 1.5
      vertex 20.7871 -40.625 1.5
    endloop
  endfacet
  facet normal -0 0 1
    outer loop
      vertex 3.02539 -35.5752 1.5
      vertex 7.78711 -40.625 1.5
      vertex 16.0254 -35.5752 1.5
    endloop
  endfacet
  facet normal 0 0 1
    outer loop
      vertex 2.67188 -35.4287 1.5
      vertex 7.28711 -54.125 1.5
      vertex 7.28711 -41.125 1.5
    endloop
  endfacet
  facet normal 0 0 1
    outer loop
      vertex 9.66895 -73.1748 1.5
      vertex 6.13965 -79.8711 1.5
      vertex 6.49316 -79.7246 1.5
    endloop
  endfacet
  facet normal 0 0 1
    outer loop
      vertex 2.52539 -35.0752 1.5
      vertex 7.28711 -54.125 1.5
      vertex 2.67188 -35.4287 1.5
    endloop
  endfacet
  facet normal 0 0 1
    outer loop
      vertex 4.90625 -98.2754 1.5
      vertex 5.99316 -94.2246 1.5
      vertex 5.99316 -80.2246 1.5
    endloop
  endfacet
  facet normal 0 0 1
    outer loop
      vertex 7.28711 -54.125 1.5
      vertex 5.99316 -80.2246 1.5
      vertex 6.13965 -79.8711 1.5
    endloop
  endfacet
  facet normal 0 0 1
    outer loop
      vertex 6.13965 -94.5781 1.5
      vertex 5.05273 -97.9219 1.5
      vertex 5.40625 -97.7754 1.5
    endloop
  endfacet
  facet normal 0 0 1
    outer loop
      vertex 7.28711 -54.125 1.5
      vertex 2.52539 -35.0752 1.5
      vertex 5.99316 -80.2246 1.5
    endloop
  endfacet
  facet normal 0 0 1
    outer loop
      vertex 5.99316 -94.2246 1.5
      vertex 4.90625 -98.2754 1.5
      vertex 5.05273 -97.9219 1.5
    endloop
  endfacet
  facet normal 0 0 1
    outer loop
      vertex 2.67188 -35.4287 1.5
      vertex 7.28711 -41.125 1.5
      vertex 3.02539 -35.5752 1.5
    endloop
  endfacet
  facet normal 0 0 1
    outer loop
      vertex 7.43359 -40.7715 1.5
      vertex 3.02539 -35.5752 1.5
      vertex 7.28711 -41.125 1.5
    endloop
  endfacet
  facet normal 0 0 1
    outer loop
      vertex 7.78711 -40.625 1.5
      vertex 3.02539 -35.5752 1.5
      vertex 7.43359 -40.7715 1.5
    endloop
  endfacet
  facet normal 0 0 1
    outer loop
      vertex 44.9531 -54.4785 1.5
      vertex 50.2969 -54.4785 1.5
      vertex 45.0996 -54.125 1.5
    endloop
  endfacet
  facet normal 0 0 1
    outer loop
      vertex 50.2969 -54.4785 1.5
      vertex 44.9531 -54.4785 1.5
      vertex 49.3623 -59.6748 1.5
    endloop
  endfacet
  facet normal -0 0 1
    outer loop
      vertex 44.5996 -54.625 1.5
      vertex 49.3623 -59.6748 1.5
      vertex 44.9531 -54.4785 1.5
    endloop
  endfacet
  facet normal 0 0 1
    outer loop
      vertex 44.5996 -54.625 1.5
      vertex 36.3623 -59.6748 1.5
      vertex 49.3623 -59.6748 1.5
    endloop
  endfacet
  facet normal -0 0 1
    outer loop
      vertex 31.5996 -54.625 1.5
      vertex 36.3623 -59.6748 1.5
      vertex 44.5996 -54.625 1.5
    endloop
  endfacet
  facet normal 0 0 1
    outer loop
      vertex 23.6689 -60.1748 1.5
      vertex 35.8623 -60.1748 1.5
      vertex 31.5996 -54.625 1.5
    endloop
  endfacet
  facet normal 0 0 1
    outer loop
      vertex 36.0088 -59.8213 1.5
      vertex 31.5996 -54.625 1.5
      vertex 35.8623 -60.1748 1.5
    endloop
  endfacet
  facet normal 0 0 1
    outer loop
      vertex 36.3623 -59.6748 1.5
      vertex 31.5996 -54.625 1.5
      vertex 36.0088 -59.8213 1.5
    endloop
  endfacet
  facet normal 0 0 1
    outer loop
      vertex 45.3877 -92.2246 1.5
      vertex 36.8691 -94.2246 1.5
      vertex 42.2188 -97.7754 1.5
    endloop
  endfacet
  facet normal -0 0 1
    outer loop
      vertex 36.7227 -94.5781 1.5
      vertex 42.2188 -97.7754 1.5
      vertex 36.8691 -94.2246 1.5
    endloop
  endfacet
  facet normal -0 0 1
    outer loop
      vertex 36.3691 -94.7246 1.5
      vertex 42.2188 -97.7754 1.5
      vertex 36.7227 -94.5781 1.5
    endloop
  endfacet
  facet normal 0 0 1
    outer loop
      vertex 29.2188 -97.7754 1.5
      vertex 36.3691 -94.7246 1.5
      vertex 30.3691 -94.7246 1.5
    endloop
  endfacet
  facet normal 0 0 1
    outer loop
      vertex 36.3691 -94.7246 1.5
      vertex 29.2188 -97.7754 1.5
      vertex 42.2188 -97.7754 1.5
    endloop
  endfacet
  facet normal 0 0 1
    outer loop
      vertex 30.0156 -94.5781 1.5
      vertex 29.2188 -97.7754 1.5
      vertex 30.3691 -94.7246 1.5
    endloop
  endfacet
  facet normal 0 0 1
    outer loop
      vertex 27.9316 -92.7246 1.5
      vertex 30.0156 -94.5781 1.5
      vertex 29.8691 -94.2246 1.5
    endloop
  endfacet
  facet normal 0 0 1
    outer loop
      vertex 54.4785 -21.7217 1.5
      vertex 59.8213 -21.7217 1.5
      vertex 54.4785 -16.3789 1.5
    endloop
  endfacet
  facet normal 0 0 1
    outer loop
      vertex 59.8213 -21.7217 1.5
      vertex 54.4785 -21.7217 1.5
      vertex 54.625 -22.0752 1.5
    endloop
  endfacet
  facet normal -0 0 1
    outer loop
      vertex 54.125 -16.5254 1.5
      vertex 54.4785 -21.7217 1.5
      vertex 54.4785 -16.3789 1.5
    endloop
  endfacet
  facet normal 0 0 1
    outer loop
      vertex 54.125 -16.5254 1.5
      vertex 54.125 -21.5752 1.5
      vertex 54.4785 -21.7217 1.5
    endloop
  endfacet
  facet normal -0 0 1
    outer loop
      vertex 41.125 -16.5254 1.5
      vertex 54.125 -21.5752 1.5
      vertex 54.125 -16.5254 1.5
    endloop
  endfacet
  facet normal 0 0 1
    outer loop
      vertex 41.125 -16.5254 1.5
      vertex 41.125 -21.5752 1.5
      vertex 54.125 -21.5752 1.5
    endloop
  endfacet
  facet normal 0 0 1
    outer loop
      vertex 40.7715 -16.3789 1.5
      vertex 41.125 -21.5752 1.5
      vertex 41.125 -16.5254 1.5
    endloop
  endfacet
  facet normal 0 0 1
    outer loop
      vertex 40.7715 -16.3789 1.5
      vertex 40.7715 -21.7217 1.5
      vertex 41.125 -21.5752 1.5
    endloop
  endfacet
  facet normal -0 0 1
    outer loop
      vertex 35.5752 -16.0254 1.5
      vertex 40.7715 -16.3789 1.5
      vertex 40.625 -16.0254 1.5
    endloop
  endfacet
  facet normal 0 0 1
    outer loop
      vertex 35.4287 -16.3789 1.5
      vertex 40.7715 -16.3789 1.5
      vertex 35.5752 -16.0254 1.5
    endloop
  endfacet
  facet normal 0 0 1
    outer loop
      vertex 96.9873 -92.7246 1.5
      vertex 84.3223 -98.9219 1.5
      vertex 84.4688 -99.2754 1.5
    endloop
  endfacet
  facet normal -0 0 1
    outer loop
      vertex 83.9873 -92.7246 1.5
      vertex 84.3223 -98.9219 1.5
      vertex 96.9873 -92.7246 1.5
    endloop
  endfacet
  facet normal 0 0 1
    outer loop
      vertex 83.9873 -92.7246 1.5
      vertex 83.9688 -98.7754 1.5
      vertex 84.3223 -98.9219 1.5
    endloop
  endfacet
  facet normal 0 0 1
    outer loop
      vertex 83.6338 -92.5781 1.5
      vertex 83.9688 -98.7754 1.5
      vertex 83.9873 -92.7246 1.5
    endloop
  endfacet
  facet normal 0 0 1
    outer loop
      vertex 78.291 -92.5781 1.5
      vertex 83.6338 -92.5781 1.5
      vertex 83.4873 -92.2246 1.5
    endloop
  endfacet
  facet normal 0 0 1
    outer loop
      vertex 78.4375 -92.2246 1.5
      vertex 83.4873 -92.2246 1.5
      vertex 78.4375 -79.2246 1.5
    endloop
  endfacet
  facet normal 0 0 1
    outer loop
      vertex 78.291 -92.5781 1.5
      vertex 83.4873 -92.2246 1.5
      vertex 78.4375 -92.2246 1.5
    endloop
  endfacet
  facet normal 0 0 1
    outer loop
      vertex 83.6338 -92.5781 1.5
      vertex 78.291 -92.5781 1.5
      vertex 83.9688 -98.7754 1.5
    endloop
  endfacet
  facet normal 0 0 1
    outer loop
      vertex 78.291 -92.5781 1.5
      vertex 77.9688 -98.7754 1.5
      vertex 83.9688 -98.7754 1.5
    endloop
  endfacet
  facet normal -0 0 1
    outer loop
      vertex 77.9375 -92.7246 1.5
      vertex 77.9688 -98.7754 1.5
      vertex 78.291 -92.5781 1.5
    endloop
  endfacet
  facet normal 0 0 1
    outer loop
      vertex 77.9375 -92.7246 1.5
      vertex 77.6152 -98.9219 1.5
      vertex 77.9688 -98.7754 1.5
    endloop
  endfacet
  facet normal -0 0 1
    outer loop
      vertex 66.3848 -97.9219 1.5
      vertex 77.6152 -98.9219 1.5
      vertex 77.9375 -92.7246 1.5
    endloop
  endfacet
  facet normal 0 0 1
    outer loop
      vertex 66.5312 -111.275 1.5
      vertex 77.4688 -99.2754 1.5
      vertex 66.5312 -98.2754 1.5
    endloop
  endfacet
  facet normal -0 -0 1
    outer loop
      vertex 66.5312 -98.2754 1.5
      vertex 77.6152 -98.9219 1.5
      vertex 66.3848 -97.9219 1.5
    endloop
  endfacet
  facet normal 0 0 1
    outer loop
      vertex 77.6152 -98.9219 1.5
      vertex 66.5312 -98.2754 1.5
      vertex 77.4688 -99.2754 1.5
    endloop
  endfacet
  facet normal -0 0 1
    outer loop
      vertex 64.9375 -92.7246 1.5
      vertex 66.3848 -97.9219 1.5
      vertex 77.9375 -92.7246 1.5
    endloop
  endfacet
  facet normal 0 0 1
    outer loop
      vertex 66.3848 -97.9219 1.5
      vertex 64.9375 -92.7246 1.5
      vertex 66.0312 -97.7754 1.5
    endloop
  endfacet
  facet normal 0 0 1
    outer loop
      vertex 64.584 -92.5781 1.5
      vertex 66.0312 -97.7754 1.5
      vertex 64.9375 -92.7246 1.5
    endloop
  endfacet
  facet normal 0 0 1
    outer loop
      vertex 59.2412 -92.5781 1.5
      vertex 64.584 -92.5781 1.5
      vertex 64.4375 -92.2246 1.5
    endloop
  endfacet
  facet normal 0 0 1
    outer loop
      vertex 59.3877 -92.2246 1.5
      vertex 64.4375 -92.2246 1.5
      vertex 59.3877 -79.2246 1.5
    endloop
  endfacet
  facet normal 0 0 1
    outer loop
      vertex 59.2412 -92.5781 1.5
      vertex 64.4375 -92.2246 1.5
      vertex 59.3877 -92.2246 1.5
    endloop
  endfacet
  facet normal 0 0 1
    outer loop
      vertex 64.584 -92.5781 1.5
      vertex 59.2412 -92.5781 1.5
      vertex 66.0312 -97.7754 1.5
    endloop
  endfacet
  facet normal -0 0 1
    outer loop
      vertex 58.8877 -92.7246 1.5
      vertex 66.0312 -97.7754 1.5
      vertex 59.2412 -92.5781 1.5
    endloop
  endfacet
  facet normal 0 0 1
    outer loop
      vertex 58.8877 -92.7246 1.5
      vertex 53.0312 -97.7754 1.5
      vertex 66.0312 -97.7754 1.5
    endloop
  endfacet
  facet normal -0 0 1
    outer loop
      vertex 45.8877 -92.7246 1.5
      vertex 53.0312 -97.7754 1.5
      vertex 58.8877 -92.7246 1.5
    endloop
  endfacet
  facet normal 0 0 1
    outer loop
      vertex 42.7188 -98.2754 1.5
      vertex 52.5312 -98.2754 1.5
      vertex 45.8877 -92.7246 1.5
    endloop
  endfacet
  facet normal 0 0 1
    outer loop
      vertex 52.6777 -97.9219 1.5
      vertex 45.8877 -92.7246 1.5
      vertex 52.5312 -98.2754 1.5
    endloop
  endfacet
  facet normal 0 0 1
    outer loop
      vertex 53.0312 -97.7754 1.5
      vertex 45.8877 -92.7246 1.5
      vertex 52.6777 -97.9219 1.5
    endloop
  endfacet
  facet normal 0 0 1
    outer loop
      vertex 92.5781 -21.7217 1.5
      vertex 97.9219 -21.7217 1.5
      vertex 92.5781 -16.3789 1.5
    endloop
  endfacet
  facet normal 0 0 1
    outer loop
      vertex 97.9219 -21.7217 1.5
      vertex 92.5781 -21.7217 1.5
      vertex 92.7246 -22.0752 1.5
    endloop
  endfacet
  facet normal -0 0 1
    outer loop
      vertex 92.2246 -16.5254 1.5
      vertex 92.5781 -21.7217 1.5
      vertex 92.5781 -16.3789 1.5
    endloop
  endfacet
  facet normal 0 0 1
    outer loop
      vertex 92.2246 -16.5254 1.5
      vertex 92.2246 -21.5752 1.5
      vertex 92.5781 -21.7217 1.5
    endloop
  endfacet
  facet normal -0 0 1
    outer loop
      vertex 79.2246 -16.5254 1.5
      vertex 92.2246 -21.5752 1.5
      vertex 92.2246 -16.5254 1.5
    endloop
  endfacet
  facet normal 0 0 1
    outer loop
      vertex 79.2246 -16.5254 1.5
      vertex 79.2246 -21.5752 1.5
      vertex 92.2246 -21.5752 1.5
    endloop
  endfacet
  facet normal 0 0 1
    outer loop
      vertex 78.8711 -16.3789 1.5
      vertex 79.2246 -21.5752 1.5
      vertex 79.2246 -16.5254 1.5
    endloop
  endfacet
  facet normal 0 0 1
    outer loop
      vertex 78.8711 -16.3789 1.5
      vertex 78.8711 -21.7217 1.5
      vertex 79.2246 -21.5752 1.5
    endloop
  endfacet
  facet normal 0 0 1
    outer loop
      vertex 73.5283 -16.3789 1.5
      vertex 78.8711 -16.3789 1.5
      vertex 78.7246 -16.0254 1.5
    endloop
  endfacet
  facet normal 0 0 1
    outer loop
      vertex 78.8711 -16.3789 1.5
      vertex 73.5283 -16.3789 1.5
      vertex 78.8711 -21.7217 1.5
    endloop
  endfacet
  facet normal 0 0 1
    outer loop
      vertex 83.0537 -54.4785 1.5
      vertex 88.3965 -54.4785 1.5
      vertex 83.2002 -54.125 1.5
    endloop
  endfacet
  facet normal 0 0 1
    outer loop
      vertex 88.3965 -54.4785 1.5
      vertex 83.0537 -54.4785 1.5
      vertex 87.4629 -59.6748 1.5
    endloop
  endfacet
  facet normal -0 0 1
    outer loop
      vertex 82.7002 -54.625 1.5
      vertex 87.4629 -59.6748 1.5
      vertex 83.0537 -54.4785 1.5
    endloop
  endfacet
  facet normal 0 0 1
    outer loop
      vertex 82.7002 -54.625 1.5
      vertex 74.4629 -59.6748 1.5
      vertex 87.4629 -59.6748 1.5
    endloop
  endfacet
  facet normal -0 0 1
    outer loop
      vertex 69.7002 -54.625 1.5
      vertex 74.4629 -59.6748 1.5
      vertex 82.7002 -54.625 1.5
    endloop
  endfacet
  facet normal 0 0 1
    outer loop
      vertex 74.1094 -59.8213 1.5
      vertex 68.7656 -59.8213 1.5
      vertex 73.9629 -60.1748 1.5
    endloop
  endfacet
  facet normal 0 0 1
    outer loop
      vertex 68.7656 -59.8213 1.5
      vertex 74.1094 -59.8213 1.5
      vertex 69.7002 -54.625 1.5
    endloop
  endfacet
  facet normal 0 0 1
    outer loop
      vertex 74.4629 -59.6748 1.5
      vertex 69.7002 -54.625 1.5
      vertex 74.1094 -59.8213 1.5
    endloop
  endfacet
  facet normal 0 0 1
    outer loop
      vertex 78.8711 -21.7217 1.5
      vertex 73.5283 -21.7217 1.5
      vertex 78.7246 -22.0752 1.5
    endloop
  endfacet
  facet normal 0 0 1
    outer loop
      vertex 78.7246 -22.0752 1.5
      vertex 73.5283 -21.7217 1.5
      vertex 73.6748 -22.0752 1.5
    endloop
  endfacet
  facet normal -0 0 1
    outer loop
      vertex 73.1748 -16.5254 1.5
      vertex 73.5283 -21.7217 1.5
      vertex 73.5283 -16.3789 1.5
    endloop
  endfacet
  facet normal 0 0 1
    outer loop
      vertex 73.1748 -16.5254 1.5
      vertex 73.1748 -21.5752 1.5
      vertex 73.5283 -21.7217 1.5
    endloop
  endfacet
  facet normal -0 0 1
    outer loop
      vertex 60.1748 -16.5254 1.5
      vertex 73.1748 -21.5752 1.5
      vertex 73.1748 -16.5254 1.5
    endloop
  endfacet
  facet normal 0 0 1
    outer loop
      vertex 60.1748 -16.5254 1.5
      vertex 60.1748 -21.5752 1.5
      vertex 73.1748 -21.5752 1.5
    endloop
  endfacet
  facet normal 0 0 1
    outer loop
      vertex 59.8213 -16.3789 1.5
      vertex 60.1748 -21.5752 1.5
      vertex 60.1748 -16.5254 1.5
    endloop
  endfacet
  facet normal 0 0 1
    outer loop
      vertex 59.8213 -16.3789 1.5
      vertex 59.8213 -21.7217 1.5
      vertex 60.1748 -21.5752 1.5
    endloop
  endfacet
  facet normal -0 0 1
    outer loop
      vertex 54.625 -16.0254 1.5
      vertex 59.8213 -16.3789 1.5
      vertex 59.6748 -16.0254 1.5
    endloop
  endfacet
  facet normal 0 0 1
    outer loop
      vertex 54.4785 -16.3789 1.5
      vertex 59.8213 -16.3789 1.5
      vertex 54.625 -16.0254 1.5
    endloop
  endfacet
  facet normal 0 0 1
    outer loop
      vertex 64.0039 -54.4785 1.5
      vertex 69.3467 -54.4785 1.5
      vertex 64.1504 -54.125 1.5
    endloop
  endfacet
  facet normal 0 0 1
    outer loop
      vertex 69.3467 -54.4785 1.5
      vertex 64.0039 -54.4785 1.5
      vertex 68.4121 -59.6748 1.5
    endloop
  endfacet
  facet normal -0 0 1
    outer loop
      vertex 63.6504 -54.625 1.5
      vertex 68.4121 -59.6748 1.5
      vertex 64.0039 -54.4785 1.5
    endloop
  endfacet
  facet normal 0 0 1
    outer loop
      vertex 63.6504 -54.625 1.5
      vertex 55.4121 -59.6748 1.5
      vertex 68.4121 -59.6748 1.5
    endloop
  endfacet
  facet normal -0 0 1
    outer loop
      vertex 50.6504 -54.625 1.5
      vertex 55.4121 -59.6748 1.5
      vertex 63.6504 -54.625 1.5
    endloop
  endfacet
  facet normal 0 0 1
    outer loop
      vertex 55.0586 -59.8213 1.5
      vertex 49.7158 -59.8213 1.5
      vertex 54.9121 -60.1748 1.5
    endloop
  endfacet
  facet normal 0 0 1
    outer loop
      vertex 49.7158 -59.8213 1.5
      vertex 55.0586 -59.8213 1.5
      vertex 50.6504 -54.625 1.5
    endloop
  endfacet
  facet normal 0 0 1
    outer loop
      vertex 55.4121 -59.6748 1.5
      vertex 50.6504 -54.625 1.5
      vertex 55.0586 -59.8213 1.5
    endloop
  endfacet
  facet normal 0 0 1
    outer loop
      vertex 111.629 -21.7217 1.5
      vertex 116.972 -21.7217 1.5
      vertex 111.629 -16.3789 1.5
    endloop
  endfacet
  facet normal 0 0 1
    outer loop
      vertex 116.972 -21.7217 1.5
      vertex 111.629 -21.7217 1.5
      vertex 111.775 -22.0752 1.5
    endloop
  endfacet
  facet normal -0 0 1
    outer loop
      vertex 111.275 -16.5254 1.5
      vertex 111.629 -21.7217 1.5
      vertex 111.629 -16.3789 1.5
    endloop
  endfacet
  facet normal 0 0 1
    outer loop
      vertex 111.275 -16.5254 1.5
      vertex 111.275 -21.5752 1.5
      vertex 111.629 -21.7217 1.5
    endloop
  endfacet
  facet normal -0 0 1
    outer loop
      vertex 98.2754 -16.5254 1.5
      vertex 111.275 -21.5752 1.5
      vertex 111.275 -16.5254 1.5
    endloop
  endfacet
  facet normal 0 0 1
    outer loop
      vertex 98.2754 -16.5254 1.5
      vertex 98.2754 -21.5752 1.5
      vertex 111.275 -21.5752 1.5
    endloop
  endfacet
  facet normal 0 0 1
    outer loop
      vertex 97.9219 -16.3789 1.5
      vertex 98.2754 -21.5752 1.5
      vertex 98.2754 -16.5254 1.5
    endloop
  endfacet
  facet normal 0 0 1
    outer loop
      vertex 97.9219 -16.3789 1.5
      vertex 97.9219 -21.7217 1.5
      vertex 98.2754 -21.5752 1.5
    endloop
  endfacet
  facet normal -0 0 1
    outer loop
      vertex 92.7246 -16.0254 1.5
      vertex 97.9219 -16.3789 1.5
      vertex 97.7754 -16.0254 1.5
    endloop
  endfacet
  facet normal 0 0 1
    outer loop
      vertex 92.5781 -16.3789 1.5
      vertex 97.9219 -16.3789 1.5
      vertex 92.7246 -16.0254 1.5
    endloop
  endfacet
  facet normal 0 0 1
    outer loop
      vertex 102.104 -54.4785 1.5
      vertex 107.446 -54.4785 1.5
      vertex 102.25 -54.125 1.5
    endloop
  endfacet
  facet normal 0 0 1
    outer loop
      vertex 107.446 -54.4785 1.5
      vertex 102.104 -54.4785 1.5
      vertex 106.513 -59.6748 1.5
    endloop
  endfacet
  facet normal -0 0 1
    outer loop
      vertex 101.75 -54.625 1.5
      vertex 106.513 -59.6748 1.5
      vertex 102.104 -54.4785 1.5
    endloop
  endfacet
  facet normal 0 0 1
    outer loop
      vertex 101.75 -54.625 1.5
      vertex 93.5127 -59.6748 1.5
      vertex 106.513 -59.6748 1.5
    endloop
  endfacet
  facet normal -0 0 1
    outer loop
      vertex 88.75 -54.625 1.5
      vertex 93.5127 -59.6748 1.5
      vertex 101.75 -54.625 1.5
    endloop
  endfacet
  facet normal 0 0 1
    outer loop
      vertex 93.1592 -59.8213 1.5
      vertex 87.8164 -59.8213 1.5
      vertex 93.0127 -60.1748 1.5
    endloop
  endfacet
  facet normal 0 0 1
    outer loop
      vertex 87.8164 -59.8213 1.5
      vertex 93.1592 -59.8213 1.5
      vertex 88.75 -54.625 1.5
    endloop
  endfacet
  facet normal 0 0 1
    outer loop
      vertex 93.5127 -59.6748 1.5
      vertex 88.75 -54.625 1.5
      vertex 93.1592 -59.8213 1.5
    endloop
  endfacet
  facet normal 0 0 1
    outer loop
      vertex 121.153 -54.4785 1.5
      vertex 126.496 -54.4785 1.5
      vertex 121.3 -54.125 1.5
    endloop
  endfacet
  facet normal 0 0 1
    outer loop
      vertex 126.496 -54.4785 1.5
      vertex 121.153 -54.4785 1.5
      vertex 125.562 -59.6748 1.5
    endloop
  endfacet
  facet normal -0 0 1
    outer loop
      vertex 120.8 -54.625 1.5
      vertex 125.562 -59.6748 1.5
      vertex 121.153 -54.4785 1.5
    endloop
  endfacet
  facet normal 0 0 1
    outer loop
      vertex 120.8 -54.625 1.5
      vertex 112.562 -59.6748 1.5
      vertex 125.562 -59.6748 1.5
    endloop
  endfacet
  facet normal -0 0 1
    outer loop
      vertex 107.8 -54.625 1.5
      vertex 112.562 -59.6748 1.5
      vertex 120.8 -54.625 1.5
    endloop
  endfacet
  facet normal 0 0 1
    outer loop
      vertex 112.209 -59.8213 1.5
      vertex 106.866 -59.8213 1.5
      vertex 112.062 -60.1748 1.5
    endloop
  endfacet
  facet normal 0 0 1
    outer loop
      vertex 106.866 -59.8213 1.5
      vertex 112.209 -59.8213 1.5
      vertex 107.8 -54.625 1.5
    endloop
  endfacet
  facet normal 0 0 1
    outer loop
      vertex 112.562 -59.6748 1.5
      vertex 107.8 -54.625 1.5
      vertex 112.209 -59.8213 1.5
    endloop
  endfacet
  facet normal 0 0 1
    outer loop
      vertex 130.679 -21.7217 1.5
      vertex 136.021 -21.7217 1.5
      vertex 130.679 -16.3789 1.5
    endloop
  endfacet
  facet normal 0 0 1
    outer loop
      vertex 136.021 -21.7217 1.5
      vertex 130.679 -21.7217 1.5
      vertex 130.825 -22.0752 1.5
    endloop
  endfacet
  facet normal -0 0 1
    outer loop
      vertex 130.325 -16.5254 1.5
      vertex 130.679 -21.7217 1.5
      vertex 130.679 -16.3789 1.5
    endloop
  endfacet
  facet normal 0 0 1
    outer loop
      vertex 130.325 -16.5254 1.5
      vertex 130.325 -21.5752 1.5
      vertex 130.679 -21.7217 1.5
    endloop
  endfacet
  facet normal -0 0 1
    outer loop
      vertex 117.325 -16.5254 1.5
      vertex 130.325 -21.5752 1.5
      vertex 130.325 -16.5254 1.5
    endloop
  endfacet
  facet normal 0 0 1
    outer loop
      vertex 117.325 -16.5254 1.5
      vertex 117.325 -21.5752 1.5
      vertex 130.325 -21.5752 1.5
    endloop
  endfacet
  facet normal 0 0 1
    outer loop
      vertex 116.972 -16.3789 1.5
      vertex 117.325 -21.5752 1.5
      vertex 117.325 -16.5254 1.5
    endloop
  endfacet
  facet normal 0 0 1
    outer loop
      vertex 116.972 -16.3789 1.5
      vertex 116.972 -21.7217 1.5
      vertex 117.325 -21.5752 1.5
    endloop
  endfacet
  facet normal -0 0 1
    outer loop
      vertex 111.775 -16.0254 1.5
      vertex 116.972 -16.3789 1.5
      vertex 116.825 -16.0254 1.5
    endloop
  endfacet
  facet normal 0 0 1
    outer loop
      vertex 111.629 -16.3789 1.5
      vertex 116.972 -16.3789 1.5
      vertex 111.775 -16.0254 1.5
    endloop
  endfacet
  facet normal 0 0 1
    outer loop
      vertex 149.729 -21.7217 1.5
      vertex 155.071 -21.7217 1.5
      vertex 149.729 -16.3789 1.5
    endloop
  endfacet
  facet normal 0 0 1
    outer loop
      vertex 155.071 -21.7217 1.5
      vertex 149.729 -21.7217 1.5
      vertex 149.875 -22.0752 1.5
    endloop
  endfacet
  facet normal -0 0 1
    outer loop
      vertex 149.375 -16.5254 1.5
      vertex 149.729 -21.7217 1.5
      vertex 149.729 -16.3789 1.5
    endloop
  endfacet
  facet normal 0 0 1
    outer loop
      vertex 149.375 -16.5254 1.5
      vertex 149.375 -21.5752 1.5
      vertex 149.729 -21.7217 1.5
    endloop
  endfacet
  facet normal -0 0 1
    outer loop
      vertex 136.375 -16.5254 1.5
      vertex 149.375 -21.5752 1.5
      vertex 149.375 -16.5254 1.5
    endloop
  endfacet
  facet normal 0 0 1
    outer loop
      vertex 136.375 -16.5254 1.5
      vertex 136.375 -21.5752 1.5
      vertex 149.375 -21.5752 1.5
    endloop
  endfacet
  facet normal 0 0 1
    outer loop
      vertex 136.021 -16.3789 1.5
      vertex 136.375 -21.5752 1.5
      vertex 136.375 -16.5254 1.5
    endloop
  endfacet
  facet normal 0 0 1
    outer loop
      vertex 136.021 -16.3789 1.5
      vertex 136.021 -21.7217 1.5
      vertex 136.375 -21.5752 1.5
    endloop
  endfacet
  facet normal -0 0 1
    outer loop
      vertex 130.825 -16.0254 1.5
      vertex 136.021 -16.3789 1.5
      vertex 135.875 -16.0254 1.5
    endloop
  endfacet
  facet normal 0 0 1
    outer loop
      vertex 130.679 -16.3789 1.5
      vertex 136.021 -16.3789 1.5
      vertex 130.825 -16.0254 1.5
    endloop
  endfacet
  facet normal 0 0 1
    outer loop
      vertex 140.203 -54.4785 1.5
      vertex 145.547 -54.4785 1.5
      vertex 140.35 -54.125 1.5
    endloop
  endfacet
  facet normal 0 0 1
    outer loop
      vertex 145.547 -54.4785 1.5
      vertex 140.203 -54.4785 1.5
      vertex 144.612 -59.6748 1.5
    endloop
  endfacet
  facet normal -0 0 1
    outer loop
      vertex 139.85 -54.625 1.5
      vertex 144.612 -59.6748 1.5
      vertex 140.203 -54.4785 1.5
    endloop
  endfacet
  facet normal 0 0 1
    outer loop
      vertex 139.85 -54.625 1.5
      vertex 131.612 -59.6748 1.5
      vertex 144.612 -59.6748 1.5
    endloop
  endfacet
  facet normal -0 0 1
    outer loop
      vertex 126.85 -54.625 1.5
      vertex 131.612 -59.6748 1.5
      vertex 139.85 -54.625 1.5
    endloop
  endfacet
  facet normal 0 0 1
    outer loop
      vertex 131.259 -59.8213 1.5
      vertex 125.916 -59.8213 1.5
      vertex 131.112 -60.1748 1.5
    endloop
  endfacet
  facet normal 0 0 1
    outer loop
      vertex 125.916 -59.8213 1.5
      vertex 131.259 -59.8213 1.5
      vertex 126.85 -54.625 1.5
    endloop
  endfacet
  facet normal 0 0 1
    outer loop
      vertex 131.612 -59.6748 1.5
      vertex 126.85 -54.625 1.5
      vertex 131.259 -59.8213 1.5
    endloop
  endfacet
  facet normal 0 0 1
    outer loop
      vertex 135.441 -92.5781 1.5
      vertex 140.784 -92.5781 1.5
      vertex 135.588 -92.2246 1.5
    endloop
  endfacet
  facet normal 0 0 1
    outer loop
      vertex 140.784 -92.5781 1.5
      vertex 135.441 -92.5781 1.5
      vertex 137.469 -97.7754 1.5
    endloop
  endfacet
  facet normal -0 0 1
    outer loop
      vertex 135.088 -92.7246 1.5
      vertex 137.469 -97.7754 1.5
      vertex 135.441 -92.5781 1.5
    endloop
  endfacet
  facet normal 0 0 1
    outer loop
      vertex 135.088 -92.7246 1.5
      vertex 124.469 -97.7754 1.5
      vertex 137.469 -97.7754 1.5
    endloop
  endfacet
  facet normal -0 0 1
    outer loop
      vertex 122.088 -92.7246 1.5
      vertex 124.469 -97.7754 1.5
      vertex 135.088 -92.7246 1.5
    endloop
  endfacet
  facet normal 0 0 1
    outer loop
      vertex 124.115 -97.9219 1.5
      vertex 121.734 -92.5781 1.5
      vertex 123.969 -98.2754 1.5
    endloop
  endfacet
  facet normal 0 0 1
    outer loop
      vertex 121.734 -92.5781 1.5
      vertex 124.115 -97.9219 1.5
      vertex 122.088 -92.7246 1.5
    endloop
  endfacet
  facet normal 0 0 1
    outer loop
      vertex 124.469 -97.7754 1.5
      vertex 122.088 -92.7246 1.5
      vertex 124.115 -97.9219 1.5
    endloop
  endfacet
  facet normal 0 0 1
    outer loop
      vertex 168.778 -21.7217 1.5
      vertex 174.121 -21.7217 1.5
      vertex 168.778 -16.3789 1.5
    endloop
  endfacet
  facet normal 0 0 1
    outer loop
      vertex 174.121 -21.7217 1.5
      vertex 168.778 -21.7217 1.5
      vertex 168.925 -22.0752 1.5
    endloop
  endfacet
  facet normal -0 0 1
    outer loop
      vertex 168.425 -16.5254 1.5
      vertex 168.778 -21.7217 1.5
      vertex 168.778 -16.3789 1.5
    endloop
  endfacet
  facet normal 0 0 1
    outer loop
      vertex 168.425 -16.5254 1.5
      vertex 168.425 -21.5752 1.5
      vertex 168.778 -21.7217 1.5
    endloop
  endfacet
  facet normal -0 0 1
    outer loop
      vertex 155.425 -16.5254 1.5
      vertex 168.425 -21.5752 1.5
      vertex 168.425 -16.5254 1.5
    endloop
  endfacet
  facet normal 0 0 1
    outer loop
      vertex 155.425 -16.5254 1.5
      vertex 155.425 -21.5752 1.5
      vertex 168.425 -21.5752 1.5
    endloop
  endfacet
  facet normal 0 0 1
    outer loop
      vertex 155.071 -16.3789 1.5
      vertex 155.425 -21.5752 1.5
      vertex 155.425 -16.5254 1.5
    endloop
  endfacet
  facet normal 0 0 1
    outer loop
      vertex 155.071 -16.3789 1.5
      vertex 155.071 -21.7217 1.5
      vertex 155.425 -21.5752 1.5
    endloop
  endfacet
  facet normal -0 0 1
    outer loop
      vertex 149.875 -16.0254 1.5
      vertex 155.071 -16.3789 1.5
      vertex 154.925 -16.0254 1.5
    endloop
  endfacet
  facet normal 0 0 1
    outer loop
      vertex 149.729 -16.3789 1.5
      vertex 155.071 -16.3789 1.5
      vertex 149.875 -16.0254 1.5
    endloop
  endfacet
  facet normal 0 0 1
    outer loop
      vertex 159.254 -54.4785 1.5
      vertex 164.597 -54.4785 1.5
      vertex 159.4 -54.125 1.5
    endloop
  endfacet
  facet normal 0 0 1
    outer loop
      vertex 164.597 -54.4785 1.5
      vertex 159.254 -54.4785 1.5
      vertex 163.662 -59.6748 1.5
    endloop
  endfacet
  facet normal -0 0 1
    outer loop
      vertex 158.9 -54.625 1.5
      vertex 163.662 -59.6748 1.5
      vertex 159.254 -54.4785 1.5
    endloop
  endfacet
  facet normal 0 0 1
    outer loop
      vertex 158.9 -54.625 1.5
      vertex 150.662 -59.6748 1.5
      vertex 163.662 -59.6748 1.5
    endloop
  endfacet
  facet normal -0 0 1
    outer loop
      vertex 145.9 -54.625 1.5
      vertex 150.662 -59.6748 1.5
      vertex 158.9 -54.625 1.5
    endloop
  endfacet
  facet normal 0 0 1
    outer loop
      vertex 150.309 -59.8213 1.5
      vertex 144.966 -59.8213 1.5
      vertex 150.162 -60.1748 1.5
    endloop
  endfacet
  facet normal 0 0 1
    outer loop
      vertex 144.966 -59.8213 1.5
      vertex 150.309 -59.8213 1.5
      vertex 145.9 -54.625 1.5
    endloop
  endfacet
  facet normal 0 0 1
    outer loop
      vertex 150.662 -59.6748 1.5
      vertex 145.9 -54.625 1.5
      vertex 150.309 -59.8213 1.5
    endloop
  endfacet
  facet normal 0 0 1
    outer loop
      vertex 193.025 -98.2754 1.5
      vertex 184.322 -98.9219 1.5
      vertex 184.469 -99.2754 1.5
    endloop
  endfacet
  facet normal 0 0 1
    outer loop
      vertex 192.237 -92.7246 1.5
      vertex 183.969 -98.7754 1.5
      vertex 184.322 -98.9219 1.5
    endloop
  endfacet
  facet normal -0 0 1
    outer loop
      vertex 179.237 -92.7246 1.5
      vertex 183.969 -98.7754 1.5
      vertex 192.237 -92.7246 1.5
    endloop
  endfacet
  facet normal 0 0 1
    outer loop
      vertex 177.969 -98.7754 1.5
      vertex 179.237 -92.7246 1.5
      vertex 178.884 -92.5781 1.5
    endloop
  endfacet
  facet normal 0 0 1
    outer loop
      vertex 179.237 -92.7246 1.5
      vertex 177.969 -98.7754 1.5
      vertex 183.969 -98.7754 1.5
    endloop
  endfacet
  facet normal 0 0 1
    outer loop
      vertex 173.541 -92.5781 1.5
      vertex 178.884 -92.5781 1.5
      vertex 178.737 -92.2246 1.5
    endloop
  endfacet
  facet normal 0 0 1
    outer loop
      vertex 187.828 -21.7217 1.5
      vertex 193.172 -21.7217 1.5
      vertex 187.828 -16.3789 1.5
    endloop
  endfacet
  facet normal 0 0 1
    outer loop
      vertex 193.172 -21.7217 1.5
      vertex 187.828 -21.7217 1.5
      vertex 187.975 -22.0752 1.5
    endloop
  endfacet
  facet normal -0 0 1
    outer loop
      vertex 187.475 -16.5254 1.5
      vertex 187.828 -21.7217 1.5
      vertex 187.828 -16.3789 1.5
    endloop
  endfacet
  facet normal 0 0 1
    outer loop
      vertex 187.475 -16.5254 1.5
      vertex 187.475 -21.5752 1.5
      vertex 187.828 -21.7217 1.5
    endloop
  endfacet
  facet normal -0 0 1
    outer loop
      vertex 174.475 -16.5254 1.5
      vertex 187.475 -21.5752 1.5
      vertex 187.475 -16.5254 1.5
    endloop
  endfacet
  facet normal 0 0 1
    outer loop
      vertex 174.475 -16.5254 1.5
      vertex 174.475 -21.5752 1.5
      vertex 187.475 -21.5752 1.5
    endloop
  endfacet
  facet normal 0 0 1
    outer loop
      vertex 174.121 -16.3789 1.5
      vertex 174.475 -21.5752 1.5
      vertex 174.475 -16.5254 1.5
    endloop
  endfacet
  facet normal 0 0 1
    outer loop
      vertex 174.121 -16.3789 1.5
      vertex 174.121 -21.7217 1.5
      vertex 174.475 -21.5752 1.5
    endloop
  endfacet
  facet normal -0 0 1
    outer loop
      vertex 168.925 -16.0254 1.5
      vertex 174.121 -16.3789 1.5
      vertex 173.975 -16.0254 1.5
    endloop
  endfacet
  facet normal 0 0 1
    outer loop
      vertex 168.778 -16.3789 1.5
      vertex 174.121 -16.3789 1.5
      vertex 168.925 -16.0254 1.5
    endloop
  endfacet
  facet normal 0 0 1
    outer loop
      vertex 178.304 -54.4785 1.5
      vertex 183.646 -54.4785 1.5
      vertex 178.45 -54.125 1.5
    endloop
  endfacet
  facet normal 0 0 1
    outer loop
      vertex 183.646 -54.4785 1.5
      vertex 178.304 -54.4785 1.5
      vertex 182.713 -59.6748 1.5
    endloop
  endfacet
  facet normal -0 0 1
    outer loop
      vertex 177.95 -54.625 1.5
      vertex 182.713 -59.6748 1.5
      vertex 178.304 -54.4785 1.5
    endloop
  endfacet
  facet normal 0 0 1
    outer loop
      vertex 177.95 -54.625 1.5
      vertex 169.713 -59.6748 1.5
      vertex 182.713 -59.6748 1.5
    endloop
  endfacet
  facet normal -0 0 1
    outer loop
      vertex 164.95 -54.625 1.5
      vertex 169.713 -59.6748 1.5
      vertex 177.95 -54.625 1.5
    endloop
  endfacet
  facet normal 0 0 1
    outer loop
      vertex 169.359 -59.8213 1.5
      vertex 164.016 -59.8213 1.5
      vertex 169.213 -60.1748 1.5
    endloop
  endfacet
  facet normal 0 0 1
    outer loop
      vertex 164.016 -59.8213 1.5
      vertex 169.359 -59.8213 1.5
      vertex 164.95 -54.625 1.5
    endloop
  endfacet
  facet normal 0 0 1
    outer loop
      vertex 169.713 -59.6748 1.5
      vertex 164.95 -54.625 1.5
      vertex 169.359 -59.8213 1.5
    endloop
  endfacet
  facet normal 0 0 1
    outer loop
      vertex 212.222 -97.9219 1.5
      vertex 206.879 -97.9219 1.5
      vertex 207.025 -98.2754 1.5
    endloop
  endfacet
  facet normal 0 0 1
    outer loop
      vertex 211.287 -92.7246 1.5
      vertex 206.525 -97.7754 1.5
      vertex 206.879 -97.9219 1.5
    endloop
  endfacet
  facet normal -0 0 1
    outer loop
      vertex 198.287 -92.7246 1.5
      vertex 206.525 -97.7754 1.5
      vertex 211.287 -92.7246 1.5
    endloop
  endfacet
  facet normal 0 0 1
    outer loop
      vertex 193.525 -97.7754 1.5
      vertex 198.287 -92.7246 1.5
      vertex 197.934 -92.5781 1.5
    endloop
  endfacet
  facet normal 0 0 1
    outer loop
      vertex 198.287 -92.7246 1.5
      vertex 193.525 -97.7754 1.5
      vertex 206.525 -97.7754 1.5
    endloop
  endfacet
  facet normal 0 0 1
    outer loop
      vertex 192.591 -92.5781 1.5
      vertex 197.934 -92.5781 1.5
      vertex 197.787 -92.2246 1.5
    endloop
  endfacet
  facet normal 0 0 1
    outer loop
      vertex 206.879 -21.7217 1.5
      vertex 212.222 -21.7217 1.5
      vertex 206.879 -16.3789 1.5
    endloop
  endfacet
  facet normal 0 0 1
    outer loop
      vertex 212.222 -21.7217 1.5
      vertex 206.879 -21.7217 1.5
      vertex 207.025 -22.0752 1.5
    endloop
  endfacet
  facet normal -0 0 1
    outer loop
      vertex 206.525 -16.5254 1.5
      vertex 206.879 -21.7217 1.5
      vertex 206.879 -16.3789 1.5
    endloop
  endfacet
  facet normal 0 0 1
    outer loop
      vertex 206.525 -16.5254 1.5
      vertex 206.525 -21.5752 1.5
      vertex 206.879 -21.7217 1.5
    endloop
  endfacet
  facet normal -0 0 1
    outer loop
      vertex 193.525 -16.5254 1.5
      vertex 206.525 -21.5752 1.5
      vertex 206.525 -16.5254 1.5
    endloop
  endfacet
  facet normal 0 0 1
    outer loop
      vertex 193.525 -16.5254 1.5
      vertex 193.525 -21.5752 1.5
      vertex 206.525 -21.5752 1.5
    endloop
  endfacet
  facet normal 0 0 1
    outer loop
      vertex 193.172 -16.3789 1.5
      vertex 193.525 -21.5752 1.5
      vertex 193.525 -16.5254 1.5
    endloop
  endfacet
  facet normal 0 0 1
    outer loop
      vertex 193.172 -16.3789 1.5
      vertex 193.172 -21.7217 1.5
      vertex 193.525 -21.5752 1.5
    endloop
  endfacet
  facet normal -0 0 1
    outer loop
      vertex 187.975 -16.0254 1.5
      vertex 193.172 -16.3789 1.5
      vertex 193.025 -16.0254 1.5
    endloop
  endfacet
  facet normal 0 0 1
    outer loop
      vertex 187.828 -16.3789 1.5
      vertex 193.172 -16.3789 1.5
      vertex 187.975 -16.0254 1.5
    endloop
  endfacet
  facet normal 0 0 1
    outer loop
      vertex 197.354 -54.4785 1.5
      vertex 202.696 -54.4785 1.5
      vertex 197.5 -54.125 1.5
    endloop
  endfacet
  facet normal 0 0 1
    outer loop
      vertex 202.696 -54.4785 1.5
      vertex 197.354 -54.4785 1.5
      vertex 201.763 -59.6748 1.5
    endloop
  endfacet
  facet normal -0 0 1
    outer loop
      vertex 197 -54.625 1.5
      vertex 201.763 -59.6748 1.5
      vertex 197.354 -54.4785 1.5
    endloop
  endfacet
  facet normal 0 0 1
    outer loop
      vertex 197 -54.625 1.5
      vertex 188.763 -59.6748 1.5
      vertex 201.763 -59.6748 1.5
    endloop
  endfacet
  facet normal -0 0 1
    outer loop
      vertex 184 -54.625 1.5
      vertex 188.763 -59.6748 1.5
      vertex 197 -54.625 1.5
    endloop
  endfacet
  facet normal 0 0 1
    outer loop
      vertex 188.409 -59.8213 1.5
      vertex 183.066 -59.8213 1.5
      vertex 188.263 -60.1748 1.5
    endloop
  endfacet
  facet normal 0 0 1
    outer loop
      vertex 183.066 -59.8213 1.5
      vertex 188.409 -59.8213 1.5
      vertex 184 -54.625 1.5
    endloop
  endfacet
  facet normal 0 0 1
    outer loop
      vertex 188.763 -59.6748 1.5
      vertex 184 -54.625 1.5
      vertex 188.409 -59.8213 1.5
    endloop
  endfacet
  facet normal 0 0 1
    outer loop
      vertex 231.271 -97.9219 1.5
      vertex 225.929 -97.9219 1.5
      vertex 226.075 -98.2754 1.5
    endloop
  endfacet
  facet normal 0 0 1
    outer loop
      vertex 230.338 -92.7246 1.5
      vertex 225.575 -97.7754 1.5
      vertex 225.929 -97.9219 1.5
    endloop
  endfacet
  facet normal -0 0 1
    outer loop
      vertex 217.338 -92.7246 1.5
      vertex 225.575 -97.7754 1.5
      vertex 230.338 -92.7246 1.5
    endloop
  endfacet
  facet normal 0 0 1
    outer loop
      vertex 212.575 -97.7754 1.5
      vertex 217.338 -92.7246 1.5
      vertex 216.984 -92.5781 1.5
    endloop
  endfacet
  facet normal 0 0 1
    outer loop
      vertex 217.338 -92.7246 1.5
      vertex 212.575 -97.7754 1.5
      vertex 225.575 -97.7754 1.5
    endloop
  endfacet
  facet normal 0 0 1
    outer loop
      vertex 211.641 -92.5781 1.5
      vertex 216.984 -92.5781 1.5
      vertex 216.838 -92.2246 1.5
    endloop
  endfacet
  facet normal 0 0 1
    outer loop
      vertex 225.929 -21.7217 1.5
      vertex 231.271 -21.7217 1.5
      vertex 225.929 -16.3789 1.5
    endloop
  endfacet
  facet normal 0 0 1
    outer loop
      vertex 231.271 -21.7217 1.5
      vertex 225.929 -21.7217 1.5
      vertex 226.075 -22.0752 1.5
    endloop
  endfacet
  facet normal -0 0 1
    outer loop
      vertex 225.575 -16.5254 1.5
      vertex 225.929 -21.7217 1.5
      vertex 225.929 -16.3789 1.5
    endloop
  endfacet
  facet normal 0 0 1
    outer loop
      vertex 225.575 -16.5254 1.5
      vertex 225.575 -21.5752 1.5
      vertex 225.929 -21.7217 1.5
    endloop
  endfacet
  facet normal -0 0 1
    outer loop
      vertex 212.575 -16.5254 1.5
      vertex 225.575 -21.5752 1.5
      vertex 225.575 -16.5254 1.5
    endloop
  endfacet
  facet normal 0 0 1
    outer loop
      vertex 212.575 -16.5254 1.5
      vertex 212.575 -21.5752 1.5
      vertex 225.575 -21.5752 1.5
    endloop
  endfacet
  facet normal 0 0 1
    outer loop
      vertex 212.222 -16.3789 1.5
      vertex 212.575 -21.5752 1.5
      vertex 212.575 -16.5254 1.5
    endloop
  endfacet
  facet normal 0 0 1
    outer loop
      vertex 212.222 -16.3789 1.5
      vertex 212.222 -21.7217 1.5
      vertex 212.575 -21.5752 1.5
    endloop
  endfacet
  facet normal -0 0 1
    outer loop
      vertex 207.025 -16.0254 1.5
      vertex 212.222 -16.3789 1.5
      vertex 212.075 -16.0254 1.5
    endloop
  endfacet
  facet normal 0 0 1
    outer loop
      vertex 206.879 -16.3789 1.5
      vertex 212.222 -16.3789 1.5
      vertex 207.025 -16.0254 1.5
    endloop
  endfacet
  facet normal 0 0 1
    outer loop
      vertex 216.403 -54.4785 1.5
      vertex 221.746 -54.4785 1.5
      vertex 216.55 -54.125 1.5
    endloop
  endfacet
  facet normal 0 0 1
    outer loop
      vertex 221.746 -54.4785 1.5
      vertex 216.403 -54.4785 1.5
      vertex 220.812 -59.6748 1.5
    endloop
  endfacet
  facet normal -0 0 1
    outer loop
      vertex 216.05 -54.625 1.5
      vertex 220.812 -59.6748 1.5
      vertex 216.403 -54.4785 1.5
    endloop
  endfacet
  facet normal 0 0 1
    outer loop
      vertex 216.05 -54.625 1.5
      vertex 207.812 -59.6748 1.5
      vertex 220.812 -59.6748 1.5
    endloop
  endfacet
  facet normal -0 0 1
    outer loop
      vertex 203.05 -54.625 1.5
      vertex 207.812 -59.6748 1.5
      vertex 216.05 -54.625 1.5
    endloop
  endfacet
  facet normal 0 0 1
    outer loop
      vertex 207.459 -59.8213 1.5
      vertex 202.116 -59.8213 1.5
      vertex 207.312 -60.1748 1.5
    endloop
  endfacet
  facet normal 0 0 1
    outer loop
      vertex 202.116 -59.8213 1.5
      vertex 207.459 -59.8213 1.5
      vertex 203.05 -54.625 1.5
    endloop
  endfacet
  facet normal 0 0 1
    outer loop
      vertex 207.812 -59.6748 1.5
      vertex 203.05 -54.625 1.5
      vertex 207.459 -59.8213 1.5
    endloop
  endfacet
  facet normal 0 0 1
    outer loop
      vertex 235.453 -54.4785 1.5
      vertex 240.797 -54.4785 1.5
      vertex 235.6 -54.125 1.5
    endloop
  endfacet
  facet normal 0 0 1
    outer loop
      vertex 240.797 -54.4785 1.5
      vertex 235.453 -54.4785 1.5
      vertex 239.862 -59.6748 1.5
    endloop
  endfacet
  facet normal -0 0 1
    outer loop
      vertex 235.1 -54.625 1.5
      vertex 239.862 -59.6748 1.5
      vertex 235.453 -54.4785 1.5
    endloop
  endfacet
  facet normal 0 0 1
    outer loop
      vertex 235.1 -54.625 1.5
      vertex 226.862 -59.6748 1.5
      vertex 239.862 -59.6748 1.5
    endloop
  endfacet
  facet normal -0 0 1
    outer loop
      vertex 222.1 -54.625 1.5
      vertex 226.862 -59.6748 1.5
      vertex 235.1 -54.625 1.5
    endloop
  endfacet
  facet normal 0 0 1
    outer loop
      vertex 226.509 -59.8213 1.5
      vertex 221.166 -59.8213 1.5
      vertex 226.362 -60.1748 1.5
    endloop
  endfacet
  facet normal 0 0 1
    outer loop
      vertex 221.166 -59.8213 1.5
      vertex 226.509 -59.8213 1.5
      vertex 222.1 -54.625 1.5
    endloop
  endfacet
  facet normal 0 0 1
    outer loop
      vertex 226.862 -59.6748 1.5
      vertex 222.1 -54.625 1.5
      vertex 226.509 -59.8213 1.5
    endloop
  endfacet
  facet normal 0 0 1
    outer loop
      vertex 244.979 -21.7217 1.5
      vertex 250.321 -16.3789 1.5
      vertex 244.979 -16.3789 1.5
    endloop
  endfacet
  facet normal 0 0 1
    outer loop
      vertex 250.321 -16.3789 1.5
      vertex 244.979 -21.7217 1.5
      vertex 245.125 -22.0752 1.5
    endloop
  endfacet
  facet normal -0 0 1
    outer loop
      vertex 244.625 -16.5254 1.5
      vertex 244.979 -21.7217 1.5
      vertex 244.979 -16.3789 1.5
    endloop
  endfacet
  facet normal 0 0 1
    outer loop
      vertex 244.625 -16.5254 1.5
      vertex 244.625 -21.5752 1.5
      vertex 244.979 -21.7217 1.5
    endloop
  endfacet
  facet normal -0 0 1
    outer loop
      vertex 231.625 -16.5254 1.5
      vertex 244.625 -21.5752 1.5
      vertex 244.625 -16.5254 1.5
    endloop
  endfacet
  facet normal 0 0 1
    outer loop
      vertex 231.625 -16.5254 1.5
      vertex 231.625 -21.5752 1.5
      vertex 244.625 -21.5752 1.5
    endloop
  endfacet
  facet normal 0 0 1
    outer loop
      vertex 231.271 -16.3789 1.5
      vertex 231.625 -21.5752 1.5
      vertex 231.625 -16.5254 1.5
    endloop
  endfacet
  facet normal 0 0 1
    outer loop
      vertex 231.271 -16.3789 1.5
      vertex 231.271 -21.7217 1.5
      vertex 231.625 -21.5752 1.5
    endloop
  endfacet
  facet normal -0 0 1
    outer loop
      vertex 226.075 -16.0254 1.5
      vertex 231.271 -16.3789 1.5
      vertex 231.125 -16.0254 1.5
    endloop
  endfacet
  facet normal 0 0 1
    outer loop
      vertex 225.929 -16.3789 1.5
      vertex 231.271 -16.3789 1.5
      vertex 226.075 -16.0254 1.5
    endloop
  endfacet
  facet normal 0 0 1
    outer loop
      vertex 288.275 -54.125 1.5
      vertex 279.61 -60.8213 1.5
      vertex 279.757 -61.1748 1.5
    endloop
  endfacet
  facet normal 0 0 1
    outer loop
      vertex 278.316 -54.4785 1.5
      vertex 288.275 -54.125 1.5
      vertex 278.463 -54.125 1.5
    endloop
  endfacet
  facet normal 0 0 1
    outer loop
      vertex 288.275 -54.125 1.5
      vertex 278.463 -41.125 1.5
      vertex 278.463 -54.125 1.5
    endloop
  endfacet
  facet normal 0 0 1
    outer loop
      vertex 281.638 -37.5752 1.5
      vertex 278.316 -40.7715 1.5
      vertex 278.463 -41.125 1.5
    endloop
  endfacet
  facet normal 0 0 1
    outer loop
      vertex 281.638 -37.5752 1.5
      vertex 277.963 -40.625 1.5
      vertex 278.316 -40.7715 1.5
    endloop
  endfacet
  facet normal -0 0 1
    outer loop
      vertex 275.638 -37.5752 1.5
      vertex 277.963 -40.625 1.5
      vertex 281.638 -37.5752 1.5
    endloop
  endfacet
  facet normal 0 0 1
    outer loop
      vertex 275.284 -37.4287 1.5
      vertex 277.963 -40.625 1.5
      vertex 275.638 -37.5752 1.5
    endloop
  endfacet
  facet normal 0 0 1
    outer loop
      vertex 275.138 -23.0752 1.5
      vertex 273.7 -35.0752 1.5
      vertex 275.138 -37.0752 1.5
    endloop
  endfacet
  facet normal -0 0 1
    outer loop
      vertex 273.554 -35.4287 1.5
      vertex 275.138 -37.0752 1.5
      vertex 273.7 -35.0752 1.5
    endloop
  endfacet
  facet normal -0 0 1
    outer loop
      vertex 273.2 -35.5752 1.5
      vertex 275.138 -37.0752 1.5
      vertex 273.554 -35.4287 1.5
    endloop
  endfacet
  facet normal 0 0 1
    outer loop
      vertex 275.138 -37.0752 1.5
      vertex 273.2 -35.5752 1.5
      vertex 275.284 -37.4287 1.5
    endloop
  endfacet
  facet normal 0 0 1
    outer loop
      vertex 264.963 -40.625 1.5
      vertex 275.284 -37.4287 1.5
      vertex 273.2 -35.5752 1.5
    endloop
  endfacet
  facet normal 0 0 1
    outer loop
      vertex 275.284 -37.4287 1.5
      vertex 264.963 -40.625 1.5
      vertex 277.963 -40.625 1.5
    endloop
  endfacet
  facet normal -0 0 1
    outer loop
      vertex 260.2 -35.5752 1.5
      vertex 264.963 -40.625 1.5
      vertex 273.2 -35.5752 1.5
    endloop
  endfacet
  facet normal 0 0 1
    outer loop
      vertex 264.609 -40.7715 1.5
      vertex 258.115 -37.4287 1.5
      vertex 264.463 -41.125 1.5
    endloop
  endfacet
  facet normal -0 0 1
    outer loop
      vertex 258.115 -37.4287 1.5
      vertex 264.609 -40.7715 1.5
      vertex 260.2 -35.5752 1.5
    endloop
  endfacet
  facet normal 0 0 1
    outer loop
      vertex 264.963 -40.625 1.5
      vertex 260.2 -35.5752 1.5
      vertex 264.609 -40.7715 1.5
    endloop
  endfacet
  facet normal 0 0 1
    outer loop
      vertex 288.422 -97.9219 1.5
      vertex 283.225 -98.2754 1.5
      vertex 288.275 -98.2754 1.5
    endloop
  endfacet
  facet normal 0 0 1
    outer loop
      vertex 288.422 -97.9219 1.5
      vertex 283.078 -97.9219 1.5
      vertex 283.225 -98.2754 1.5
    endloop
  endfacet
  facet normal -0 0 1
    outer loop
      vertex 282.725 -92.7246 1.5
      vertex 283.078 -97.9219 1.5
      vertex 283.078 -92.5781 1.5
    endloop
  endfacet
  facet normal 0 0 1
    outer loop
      vertex 282.725 -92.7246 1.5
      vertex 282.725 -97.7754 1.5
      vertex 283.078 -97.9219 1.5
    endloop
  endfacet
  facet normal -0 0 1
    outer loop
      vertex 269.725 -92.7246 1.5
      vertex 282.725 -97.7754 1.5
      vertex 282.725 -92.7246 1.5
    endloop
  endfacet
  facet normal 0 0 1
    outer loop
      vertex 269.725 -92.7246 1.5
      vertex 269.725 -97.7754 1.5
      vertex 282.725 -97.7754 1.5
    endloop
  endfacet
  facet normal 0 0 1
    outer loop
      vertex 269.371 -92.5781 1.5
      vertex 269.725 -97.7754 1.5
      vertex 269.725 -92.7246 1.5
    endloop
  endfacet
  facet normal 0 0 1
    outer loop
      vertex 269.371 -92.5781 1.5
      vertex 269.371 -97.9219 1.5
      vertex 269.725 -97.7754 1.5
    endloop
  endfacet
  facet normal 0 0 1
    outer loop
      vertex 264.028 -97.9219 1.5
      vertex 269.371 -92.5781 1.5
      vertex 269.225 -92.2246 1.5
    endloop
  endfacet
  facet normal 0 0 1
    outer loop
      vertex 269.371 -92.5781 1.5
      vertex 264.028 -97.9219 1.5
      vertex 269.371 -97.9219 1.5
    endloop
  endfacet
  facet normal -0 0 1
    outer loop
      vertex 281.991 -37.4287 1.5
      vertex 288.422 -40.7715 1.5
      vertex 282.138 -37.0752 1.5
    endloop
  endfacet
  facet normal -0 0 1
    outer loop
      vertex 281.638 -37.5752 1.5
      vertex 288.275 -41.125 1.5
      vertex 281.991 -37.4287 1.5
    endloop
  endfacet
  facet normal 0 0 1
    outer loop
      vertex 281.991 -22.7217 1.5
      vertex 283.078 -16.3789 1.5
      vertex 282.725 -16.5254 1.5
    endloop
  endfacet
  facet normal 0 -0 1
    outer loop
      vertex 283.078 -78.8711 1.5
      vertex 288.275 -54.125 1.5
      vertex 279.757 -61.1748 1.5
    endloop
  endfacet
  facet normal 0 0 1
    outer loop
      vertex 288.422 -40.7715 1.5
      vertex 281.991 -37.4287 1.5
      vertex 288.275 -41.125 1.5
    endloop
  endfacet
  facet normal 0 0 1
    outer loop
      vertex 283.078 -16.3789 1.5
      vertex 281.991 -22.7217 1.5
      vertex 282.138 -23.0752 1.5
    endloop
  endfacet
  facet normal 0 0 1
    outer loop
      vertex 282.725 -16.5254 1.5
      vertex 281.638 -22.5752 1.5
      vertex 281.991 -22.7217 1.5
    endloop
  endfacet
  facet normal 0 0 1
    outer loop
      vertex 282.725 -16.5254 1.5
      vertex 275.638 -22.5752 1.5
      vertex 281.638 -22.5752 1.5
    endloop
  endfacet
  facet normal -0 0 1
    outer loop
      vertex 273.554 -21.7217 1.5
      vertex 275.638 -22.5752 1.5
      vertex 282.725 -16.5254 1.5
    endloop
  endfacet
  facet normal 0 0 1
    outer loop
      vertex 273.7 -35.0752 1.5
      vertex 275.138 -23.0752 1.5
      vertex 273.7 -22.0752 1.5
    endloop
  endfacet
  facet normal 0 0 1
    outer loop
      vertex 275.284 -22.7217 1.5
      vertex 273.7 -22.0752 1.5
      vertex 275.138 -23.0752 1.5
    endloop
  endfacet
  facet normal 0 0 1
    outer loop
      vertex 275.638 -22.5752 1.5
      vertex 273.554 -21.7217 1.5
      vertex 275.284 -22.7217 1.5
    endloop
  endfacet
  facet normal 0 0 1
    outer loop
      vertex 275.284 -22.7217 1.5
      vertex 273.554 -21.7217 1.5
      vertex 273.7 -22.0752 1.5
    endloop
  endfacet
  facet normal -0 0 1
    outer loop
      vertex 269.725 -16.5254 1.5
      vertex 273.554 -21.7217 1.5
      vertex 282.725 -16.5254 1.5
    endloop
  endfacet
  facet normal 0 0 1
    outer loop
      vertex 273.554 -21.7217 1.5
      vertex 269.725 -16.5254 1.5
      vertex 273.2 -21.5752 1.5
    endloop
  endfacet
  facet normal 0 0 1
    outer loop
      vertex 269.371 -16.3789 1.5
      vertex 273.2 -21.5752 1.5
      vertex 269.725 -16.5254 1.5
    endloop
  endfacet
  facet normal 0 0 1
    outer loop
      vertex 264.175 -16.0254 1.5
      vertex 269.225 -16.0254 1.5
      vertex 264.175 -3.02539 1.5
    endloop
  endfacet
  facet normal -0 0 1
    outer loop
      vertex 264.175 -16.0254 1.5
      vertex 269.371 -16.3789 1.5
      vertex 269.225 -16.0254 1.5
    endloop
  endfacet
  facet normal 0 0 1
    outer loop
      vertex 264.028 -16.3789 1.5
      vertex 269.371 -16.3789 1.5
      vertex 264.175 -16.0254 1.5
    endloop
  endfacet
  facet normal 0 0 1
    outer loop
      vertex 269.371 -16.3789 1.5
      vertex 264.028 -16.3789 1.5
      vertex 273.2 -21.5752 1.5
    endloop
  endfacet
  facet normal 0 0 1
    outer loop
      vertex 260.2 -21.5752 1.5
      vertex 264.028 -16.3789 1.5
      vertex 263.675 -16.5254 1.5
    endloop
  endfacet
  facet normal 0 0 1
    outer loop
      vertex 264.028 -16.3789 1.5
      vertex 260.2 -21.5752 1.5
      vertex 273.2 -21.5752 1.5
    endloop
  endfacet
  facet normal 0 0 1
    outer loop
      vertex 263.675 -16.5254 1.5
      vertex 259.847 -21.7217 1.5
      vertex 260.2 -21.5752 1.5
    endloop
  endfacet
  facet normal 0 0 1
    outer loop
      vertex 259.7 -22.0752 1.5
      vertex 258.262 -23.0752 1.5
      vertex 259.7 -35.0752 1.5
    endloop
  endfacet
  facet normal 0 0 1
    outer loop
      vertex 258.115 -22.7217 1.5
      vertex 259.7 -22.0752 1.5
      vertex 259.847 -21.7217 1.5
    endloop
  endfacet
  facet normal -0 0 1
    outer loop
      vertex 250.675 -16.5254 1.5
      vertex 259.847 -21.7217 1.5
      vertex 263.675 -16.5254 1.5
    endloop
  endfacet
  facet normal 0 0 1
    outer loop
      vertex 259.7 -22.0752 1.5
      vertex 258.115 -22.7217 1.5
      vertex 258.262 -23.0752 1.5
    endloop
  endfacet
  facet normal 0 0 1
    outer loop
      vertex 259.847 -21.7217 1.5
      vertex 257.762 -22.5752 1.5
      vertex 258.115 -22.7217 1.5
    endloop
  endfacet
  facet normal 0 0 1
    outer loop
      vertex 259.847 -21.7217 1.5
      vertex 250.675 -16.5254 1.5
      vertex 257.762 -22.5752 1.5
    endloop
  endfacet
  facet normal 0 0 1
    outer loop
      vertex 257.762 -22.5752 1.5
      vertex 250.675 -16.5254 1.5
      vertex 251.762 -22.5752 1.5
    endloop
  endfacet
  facet normal -0 0 1
    outer loop
      vertex 245.125 -22.0752 1.5
      vertex 251.408 -22.7217 1.5
      vertex 250.321 -16.3789 1.5
    endloop
  endfacet
  facet normal 0 0 1
    outer loop
      vertex 250.321 -16.3789 1.5
      vertex 251.408 -22.7217 1.5
      vertex 250.675 -16.5254 1.5
    endloop
  endfacet
  facet normal 0 0 1
    outer loop
      vertex 251.762 -22.5752 1.5
      vertex 250.675 -16.5254 1.5
      vertex 251.408 -22.7217 1.5
    endloop
  endfacet
  facet normal 0 0 1
    outer loop
      vertex 306.274 0.765017 1.5
      vertex 302.129 -2.67188 1.5
      vertex 302.275 -3.02539 1.5
    endloop
  endfacet
  facet normal 0 0 1
    outer loop
      vertex 305.099 1.6187 1.5
      vertex 301.775 -2.52539 1.5
      vertex 302.129 -2.67188 1.5
    endloop
  endfacet
  facet normal 0 0 1
    outer loop
      vertex 304.975 2 1.5
      vertex 288.775 -2.52539 1.5
      vertex 301.775 -2.52539 1.5
    endloop
  endfacet
  facet normal 0 0 1
    outer loop
      vertex 283.225 -16.0254 1.5
      vertex 288.275 -16.0254 1.5
      vertex 288.275 -3.02539 1.5
    endloop
  endfacet
  facet normal 0 0 1
    outer loop
      vertex 283.078 -16.3789 1.5
      vertex 288.275 -16.0254 1.5
      vertex 283.225 -16.0254 1.5
    endloop
  endfacet
  facet normal 0 0 1
    outer loop
      vertex 282.138 -23.0752 1.5
      vertex 288.422 -21.7217 1.5
      vertex 283.078 -16.3789 1.5
    endloop
  endfacet
  facet normal 0 0 1
    outer loop
      vertex 288.422 -21.7217 1.5
      vertex 282.138 -23.0752 1.5
      vertex 288.275 -22.0752 1.5
    endloop
  endfacet
  facet normal 0 0 1
    outer loop
      vertex 288.275 -22.0752 1.5
      vertex 282.138 -23.0752 1.5
      vertex 288.275 -35.0752 1.5
    endloop
  endfacet
  facet normal 0 0 1
    outer loop
      vertex 282.138 -37.0752 1.5
      vertex 288.275 -35.0752 1.5
      vertex 282.138 -23.0752 1.5
    endloop
  endfacet
  facet normal 0 0 1
    outer loop
      vertex 288.275 -54.125 1.5
      vertex 283.225 -79.2246 1.5
      vertex 288.275 -60.1748 1.5
    endloop
  endfacet
  facet normal 0 0 1
    outer loop
      vertex 288.275 -60.1748 1.5
      vertex 283.225 -79.2246 1.5
      vertex 288.275 -73.1748 1.5
    endloop
  endfacet
  facet normal 0 0 1
    outer loop
      vertex 288.275 -79.2246 1.5
      vertex 283.225 -79.2246 1.5
      vertex 288.275 -92.2246 1.5
    endloop
  endfacet
  facet normal 0 0 1
    outer loop
      vertex 283.225 -92.2246 1.5
      vertex 288.275 -92.2246 1.5
      vertex 283.225 -79.2246 1.5
    endloop
  endfacet
  facet normal 0 0 1
    outer loop
      vertex 283.225 -16.0254 1.5
      vertex 288.275 -3.02539 1.5
      vertex 283.225 -3.02539 1.5
    endloop
  endfacet
  facet normal 0 0 1
    outer loop
      vertex 288.422 -2.67188 1.5
      vertex 283.225 -3.02539 1.5
      vertex 288.275 -3.02539 1.5
    endloop
  endfacet
  facet normal 0 0 1
    outer loop
      vertex 283.078 -2.67188 1.5
      vertex 288.422 -2.67188 1.5
      vertex 288.775 -2.52539 1.5
    endloop
  endfacet
  facet normal 0 0 1
    outer loop
      vertex 282.725 -2.52539 1.5
      vertex 288.775 -2.52539 1.5
      vertex 304.975 2 1.5
    endloop
  endfacet
  facet normal 0 0 1
    outer loop
      vertex 288.422 -2.67188 1.5
      vertex 283.078 -2.67188 1.5
      vertex 283.225 -3.02539 1.5
    endloop
  endfacet
  facet normal 0 0 1
    outer loop
      vertex 288.775 -2.52539 1.5
      vertex 282.725 -2.52539 1.5
      vertex 283.078 -2.67188 1.5
    endloop
  endfacet
  facet normal 0 0 1
    outer loop
      vertex 304.975 2 1.5
      vertex 269.725 -2.52539 1.5
      vertex 282.725 -2.52539 1.5
    endloop
  endfacet
  facet normal 0 0 1
    outer loop
      vertex 269.225 -3.02539 1.5
      vertex 264.175 -3.02539 1.5
      vertex 269.225 -16.0254 1.5
    endloop
  endfacet
  facet normal 0 0 1
    outer loop
      vertex 269.371 -2.67188 1.5
      vertex 264.175 -3.02539 1.5
      vertex 269.225 -3.02539 1.5
    endloop
  endfacet
  facet normal 0 0 1
    outer loop
      vertex 264.028 -2.67188 1.5
      vertex 269.371 -2.67188 1.5
      vertex 269.725 -2.52539 1.5
    endloop
  endfacet
  facet normal 0 0 1
    outer loop
      vertex 263.675 -2.52539 1.5
      vertex 269.725 -2.52539 1.5
      vertex 304.975 2 1.5
    endloop
  endfacet
  facet normal 0 0 1
    outer loop
      vertex 269.371 -2.67188 1.5
      vertex 264.028 -2.67188 1.5
      vertex 264.175 -3.02539 1.5
    endloop
  endfacet
  facet normal 0 0 1
    outer loop
      vertex 269.725 -2.52539 1.5
      vertex 263.675 -2.52539 1.5
      vertex 264.028 -2.67188 1.5
    endloop
  endfacet
  facet normal 0 0 1
    outer loop
      vertex 304.975 2 1.5
      vertex 250.675 -2.52539 1.5
      vertex 263.675 -2.52539 1.5
    endloop
  endfacet
  facet normal 0 0 1
    outer loop
      vertex 250.175 -3.02539 1.5
      vertex 245.125 -3.02539 1.5
      vertex 250.175 -16.0254 1.5
    endloop
  endfacet
  facet normal 0 0 1
    outer loop
      vertex 250.321 -2.67188 1.5
      vertex 245.125 -3.02539 1.5
      vertex 250.175 -3.02539 1.5
    endloop
  endfacet
  facet normal 0 0 1
    outer loop
      vertex 244.979 -2.67188 1.5
      vertex 250.321 -2.67188 1.5
      vertex 250.675 -2.52539 1.5
    endloop
  endfacet
  facet normal 0 0 1
    outer loop
      vertex 250.321 -2.67188 1.5
      vertex 244.979 -2.67188 1.5
      vertex 245.125 -3.02539 1.5
    endloop
  endfacet
  facet normal 0 0 1
    outer loop
      vertex 244.625 -2.52539 1.5
      vertex 250.675 -2.52539 1.5
      vertex 304.975 2 1.5
    endloop
  endfacet
  facet normal 0 0 1
    outer loop
      vertex 250.675 -2.52539 1.5
      vertex 244.625 -2.52539 1.5
      vertex 244.979 -2.67188 1.5
    endloop
  endfacet
  facet normal 0 0 1
    outer loop
      vertex 304.975 2 1.5
      vertex 231.625 -2.52539 1.5
      vertex 244.625 -2.52539 1.5
    endloop
  endfacet
  facet normal 0 0 1
    outer loop
      vertex 226.075 -16.0254 1.5
      vertex 231.125 -16.0254 1.5
      vertex 231.125 -3.02539 1.5
    endloop
  endfacet
  facet normal 0 0 1
    outer loop
      vertex 231.271 -16.3789 1.5
      vertex 225.929 -16.3789 1.5
      vertex 231.271 -21.7217 1.5
    endloop
  endfacet
  facet normal 0 0 1
    outer loop
      vertex 226.075 -16.0254 1.5
      vertex 231.125 -3.02539 1.5
      vertex 226.075 -3.02539 1.5
    endloop
  endfacet
  facet normal 0 0 1
    outer loop
      vertex 231.271 -2.67188 1.5
      vertex 226.075 -3.02539 1.5
      vertex 231.125 -3.02539 1.5
    endloop
  endfacet
  facet normal 0 0 1
    outer loop
      vertex 225.929 -2.67188 1.5
      vertex 231.271 -2.67188 1.5
      vertex 231.625 -2.52539 1.5
    endloop
  endfacet
  facet normal 0 0 1
    outer loop
      vertex 231.271 -2.67188 1.5
      vertex 225.929 -2.67188 1.5
      vertex 226.075 -3.02539 1.5
    endloop
  endfacet
  facet normal 0 0 1
    outer loop
      vertex 225.575 -2.52539 1.5
      vertex 231.625 -2.52539 1.5
      vertex 304.975 2 1.5
    endloop
  endfacet
  facet normal 0 0 1
    outer loop
      vertex 231.625 -2.52539 1.5
      vertex 225.575 -2.52539 1.5
      vertex 225.929 -2.67188 1.5
    endloop
  endfacet
  facet normal 0 0 1
    outer loop
      vertex 304.975 2 1.5
      vertex 212.575 -2.52539 1.5
      vertex 225.575 -2.52539 1.5
    endloop
  endfacet
  facet normal 0 0 1
    outer loop
      vertex 207.025 -16.0254 1.5
      vertex 212.075 -16.0254 1.5
      vertex 212.075 -3.02539 1.5
    endloop
  endfacet
  facet normal 0 0 1
    outer loop
      vertex 212.222 -16.3789 1.5
      vertex 206.879 -16.3789 1.5
      vertex 212.222 -21.7217 1.5
    endloop
  endfacet
  facet normal 0 0 1
    outer loop
      vertex 207.025 -16.0254 1.5
      vertex 212.075 -3.02539 1.5
      vertex 207.025 -3.02539 1.5
    endloop
  endfacet
  facet normal 0 0 1
    outer loop
      vertex 212.222 -2.67188 1.5
      vertex 207.025 -3.02539 1.5
      vertex 212.075 -3.02539 1.5
    endloop
  endfacet
  facet normal 0 0 1
    outer loop
      vertex 206.879 -2.67188 1.5
      vertex 212.222 -2.67188 1.5
      vertex 212.575 -2.52539 1.5
    endloop
  endfacet
  facet normal 0 0 1
    outer loop
      vertex 212.222 -2.67188 1.5
      vertex 206.879 -2.67188 1.5
      vertex 207.025 -3.02539 1.5
    endloop
  endfacet
  facet normal 0 0 1
    outer loop
      vertex 206.525 -2.52539 1.5
      vertex 212.575 -2.52539 1.5
      vertex 304.975 2 1.5
    endloop
  endfacet
  facet normal 0 0 1
    outer loop
      vertex 212.575 -2.52539 1.5
      vertex 206.525 -2.52539 1.5
      vertex 206.879 -2.67188 1.5
    endloop
  endfacet
  facet normal 0 0 1
    outer loop
      vertex 304.975 2 1.5
      vertex 193.525 -2.52539 1.5
      vertex 206.525 -2.52539 1.5
    endloop
  endfacet
  facet normal 0 0 1
    outer loop
      vertex 187.975 -16.0254 1.5
      vertex 193.025 -16.0254 1.5
      vertex 193.025 -3.02539 1.5
    endloop
  endfacet
  facet normal 0 0 1
    outer loop
      vertex 193.172 -16.3789 1.5
      vertex 187.828 -16.3789 1.5
      vertex 193.172 -21.7217 1.5
    endloop
  endfacet
  facet normal 0 0 1
    outer loop
      vertex 187.975 -16.0254 1.5
      vertex 193.025 -3.02539 1.5
      vertex 187.975 -3.02539 1.5
    endloop
  endfacet
  facet normal 0 0 1
    outer loop
      vertex 193.172 -2.67188 1.5
      vertex 187.975 -3.02539 1.5
      vertex 193.025 -3.02539 1.5
    endloop
  endfacet
  facet normal 0 0 1
    outer loop
      vertex 187.828 -2.67188 1.5
      vertex 193.172 -2.67188 1.5
      vertex 193.525 -2.52539 1.5
    endloop
  endfacet
  facet normal 0 0 1
    outer loop
      vertex 193.172 -2.67188 1.5
      vertex 187.828 -2.67188 1.5
      vertex 187.975 -3.02539 1.5
    endloop
  endfacet
  facet normal 0 0 1
    outer loop
      vertex 187.475 -2.52539 1.5
      vertex 193.525 -2.52539 1.5
      vertex 304.975 2 1.5
    endloop
  endfacet
  facet normal 0 0 1
    outer loop
      vertex 193.525 -2.52539 1.5
      vertex 187.475 -2.52539 1.5
      vertex 187.828 -2.67188 1.5
    endloop
  endfacet
  facet normal 0 0 1
    outer loop
      vertex 304.975 2 1.5
      vertex 174.475 -2.52539 1.5
      vertex 187.475 -2.52539 1.5
    endloop
  endfacet
  facet normal 0 0 1
    outer loop
      vertex 168.925 -16.0254 1.5
      vertex 173.975 -16.0254 1.5
      vertex 173.975 -3.02539 1.5
    endloop
  endfacet
  facet normal 0 0 1
    outer loop
      vertex 174.121 -16.3789 1.5
      vertex 168.778 -16.3789 1.5
      vertex 174.121 -21.7217 1.5
    endloop
  endfacet
  facet normal 0 0 1
    outer loop
      vertex 168.925 -16.0254 1.5
      vertex 173.975 -3.02539 1.5
      vertex 168.925 -3.02539 1.5
    endloop
  endfacet
  facet normal 0 0 1
    outer loop
      vertex 174.121 -2.67188 1.5
      vertex 168.925 -3.02539 1.5
      vertex 173.975 -3.02539 1.5
    endloop
  endfacet
  facet normal 0 0 1
    outer loop
      vertex 168.778 -2.67188 1.5
      vertex 174.121 -2.67188 1.5
      vertex 174.475 -2.52539 1.5
    endloop
  endfacet
  facet normal 0 0 1
    outer loop
      vertex 174.121 -2.67188 1.5
      vertex 168.778 -2.67188 1.5
      vertex 168.925 -3.02539 1.5
    endloop
  endfacet
  facet normal 0 0 1
    outer loop
      vertex 168.425 -2.52539 1.5
      vertex 174.475 -2.52539 1.5
      vertex 304.975 2 1.5
    endloop
  endfacet
  facet normal 0 0 1
    outer loop
      vertex 174.475 -2.52539 1.5
      vertex 168.425 -2.52539 1.5
      vertex 168.778 -2.67188 1.5
    endloop
  endfacet
  facet normal 0 0 1
    outer loop
      vertex 304.975 2 1.5
      vertex 155.425 -2.52539 1.5
      vertex 168.425 -2.52539 1.5
    endloop
  endfacet
  facet normal 0 0 1
    outer loop
      vertex 149.875 -16.0254 1.5
      vertex 154.925 -16.0254 1.5
      vertex 154.925 -3.02539 1.5
    endloop
  endfacet
  facet normal 0 0 1
    outer loop
      vertex 155.071 -16.3789 1.5
      vertex 149.729 -16.3789 1.5
      vertex 155.071 -21.7217 1.5
    endloop
  endfacet
  facet normal 0 0 1
    outer loop
      vertex 149.875 -16.0254 1.5
      vertex 154.925 -3.02539 1.5
      vertex 149.875 -3.02539 1.5
    endloop
  endfacet
  facet normal 0 0 1
    outer loop
      vertex 155.071 -2.67188 1.5
      vertex 149.875 -3.02539 1.5
      vertex 154.925 -3.02539 1.5
    endloop
  endfacet
  facet normal 0 0 1
    outer loop
      vertex 149.729 -2.67188 1.5
      vertex 155.071 -2.67188 1.5
      vertex 155.425 -2.52539 1.5
    endloop
  endfacet
  facet normal 0 0 1
    outer loop
      vertex 155.071 -2.67188 1.5
      vertex 149.729 -2.67188 1.5
      vertex 149.875 -3.02539 1.5
    endloop
  endfacet
  facet normal 0 0 1
    outer loop
      vertex 149.375 -2.52539 1.5
      vertex 155.425 -2.52539 1.5
      vertex 304.975 2 1.5
    endloop
  endfacet
  facet normal 0 0 1
    outer loop
      vertex 155.425 -2.52539 1.5
      vertex 149.375 -2.52539 1.5
      vertex 149.729 -2.67188 1.5
    endloop
  endfacet
  facet normal 0 0 1
    outer loop
      vertex 304.975 2 1.5
      vertex 136.375 -2.52539 1.5
      vertex 149.375 -2.52539 1.5
    endloop
  endfacet
  facet normal 0 0 1
    outer loop
      vertex 130.825 -16.0254 1.5
      vertex 135.875 -16.0254 1.5
      vertex 135.875 -3.02539 1.5
    endloop
  endfacet
  facet normal 0 0 1
    outer loop
      vertex 136.021 -16.3789 1.5
      vertex 130.679 -16.3789 1.5
      vertex 136.021 -21.7217 1.5
    endloop
  endfacet
  facet normal 0 0 1
    outer loop
      vertex 130.825 -16.0254 1.5
      vertex 135.875 -3.02539 1.5
      vertex 130.825 -3.02539 1.5
    endloop
  endfacet
  facet normal 0 0 1
    outer loop
      vertex 136.021 -2.67188 1.5
      vertex 130.825 -3.02539 1.5
      vertex 135.875 -3.02539 1.5
    endloop
  endfacet
  facet normal 0 0 1
    outer loop
      vertex 130.679 -2.67188 1.5
      vertex 136.021 -2.67188 1.5
      vertex 136.375 -2.52539 1.5
    endloop
  endfacet
  facet normal 0 0 1
    outer loop
      vertex 136.021 -2.67188 1.5
      vertex 130.679 -2.67188 1.5
      vertex 130.825 -3.02539 1.5
    endloop
  endfacet
  facet normal 0 0 1
    outer loop
      vertex 130.325 -2.52539 1.5
      vertex 136.375 -2.52539 1.5
      vertex 304.975 2 1.5
    endloop
  endfacet
  facet normal 0 0 1
    outer loop
      vertex 136.375 -2.52539 1.5
      vertex 130.325 -2.52539 1.5
      vertex 130.679 -2.67188 1.5
    endloop
  endfacet
  facet normal -0 0 1
    outer loop
      vertex -0.974919 2 1.5
      vertex 130.325 -2.52539 1.5
      vertex 304.975 2 1.5
    endloop
  endfacet
  facet normal 0 0 1
    outer loop
      vertex 111.775 -16.0254 1.5
      vertex 116.825 -16.0254 1.5
      vertex 116.825 -3.02539 1.5
    endloop
  endfacet
  facet normal 0 0 1
    outer loop
      vertex 116.972 -16.3789 1.5
      vertex 111.629 -16.3789 1.5
      vertex 116.972 -21.7217 1.5
    endloop
  endfacet
  facet normal 0 0 1
    outer loop
      vertex 111.775 -16.0254 1.5
      vertex 116.825 -3.02539 1.5
      vertex 111.775 -3.02539 1.5
    endloop
  endfacet
  facet normal 0 0 1
    outer loop
      vertex 116.972 -2.67188 1.5
      vertex 111.775 -3.02539 1.5
      vertex 116.825 -3.02539 1.5
    endloop
  endfacet
  facet normal 0 0 1
    outer loop
      vertex 111.629 -2.67188 1.5
      vertex 116.972 -2.67188 1.5
      vertex 117.325 -2.52539 1.5
    endloop
  endfacet
  facet normal 0 0 1
    outer loop
      vertex 116.972 -2.67188 1.5
      vertex 111.629 -2.67188 1.5
      vertex 111.775 -3.02539 1.5
    endloop
  endfacet
  facet normal 0 0 1
    outer loop
      vertex 117.325 -2.52539 1.5
      vertex 111.275 -2.52539 1.5
      vertex 111.629 -2.67188 1.5
    endloop
  endfacet
  facet normal 0 0 1
    outer loop
      vertex 130.325 -2.52539 1.5
      vertex -0.974919 2 1.5
      vertex 117.325 -2.52539 1.5
    endloop
  endfacet
  facet normal 0 0 1
    outer loop
      vertex 117.325 -2.52539 1.5
      vertex -0.974919 2 1.5
      vertex 111.275 -2.52539 1.5
    endloop
  endfacet
  facet normal 0 0 1
    outer loop
      vertex 92.7246 -16.0254 1.5
      vertex 97.7754 -16.0254 1.5
      vertex 97.7754 -3.02539 1.5
    endloop
  endfacet
  facet normal 0 0 1
    outer loop
      vertex 97.9219 -16.3789 1.5
      vertex 92.5781 -16.3789 1.5
      vertex 97.9219 -21.7217 1.5
    endloop
  endfacet
  facet normal 0 0 1
    outer loop
      vertex 92.7246 -16.0254 1.5
      vertex 97.7754 -3.02539 1.5
      vertex 92.7246 -3.02539 1.5
    endloop
  endfacet
  facet normal 0 0 1
    outer loop
      vertex 97.9219 -2.67188 1.5
      vertex 92.7246 -3.02539 1.5
      vertex 97.7754 -3.02539 1.5
    endloop
  endfacet
  facet normal 0 0 1
    outer loop
      vertex 92.5781 -2.67188 1.5
      vertex 97.9219 -2.67188 1.5
      vertex 98.2754 -2.52539 1.5
    endloop
  endfacet
  facet normal 0 0 1
    outer loop
      vertex 97.9219 -2.67188 1.5
      vertex 92.5781 -2.67188 1.5
      vertex 92.7246 -3.02539 1.5
    endloop
  endfacet
  facet normal 0 0 1
    outer loop
      vertex 98.2754 -2.52539 1.5
      vertex 92.2246 -2.52539 1.5
      vertex 92.5781 -2.67188 1.5
    endloop
  endfacet
  facet normal 0 0 1
    outer loop
      vertex 111.275 -2.52539 1.5
      vertex -0.974919 2 1.5
      vertex 98.2754 -2.52539 1.5
    endloop
  endfacet
  facet normal 0 0 1
    outer loop
      vertex 98.2754 -2.52539 1.5
      vertex -0.974919 2 1.5
      vertex 92.2246 -2.52539 1.5
    endloop
  endfacet
  facet normal 0 0 1
    outer loop
      vertex 73.6748 -16.0254 1.5
      vertex 78.7246 -16.0254 1.5
      vertex 78.7246 -3.02539 1.5
    endloop
  endfacet
  facet normal 0 0 1
    outer loop
      vertex 73.5283 -16.3789 1.5
      vertex 78.7246 -16.0254 1.5
      vertex 73.6748 -16.0254 1.5
    endloop
  endfacet
  facet normal 0 0 1
    outer loop
      vertex 73.6748 -16.0254 1.5
      vertex 78.7246 -3.02539 1.5
      vertex 73.6748 -3.02539 1.5
    endloop
  endfacet
  facet normal 0 0 1
    outer loop
      vertex 78.8711 -2.67188 1.5
      vertex 73.6748 -3.02539 1.5
      vertex 78.7246 -3.02539 1.5
    endloop
  endfacet
  facet normal 0 0 1
    outer loop
      vertex 73.5283 -2.67188 1.5
      vertex 78.8711 -2.67188 1.5
      vertex 79.2246 -2.52539 1.5
    endloop
  endfacet
  facet normal 0 0 1
    outer loop
      vertex 78.8711 -2.67188 1.5
      vertex 73.5283 -2.67188 1.5
      vertex 73.6748 -3.02539 1.5
    endloop
  endfacet
  facet normal 0 0 1
    outer loop
      vertex 79.2246 -2.52539 1.5
      vertex 73.1748 -2.52539 1.5
      vertex 73.5283 -2.67188 1.5
    endloop
  endfacet
  facet normal 0 0 1
    outer loop
      vertex 92.2246 -2.52539 1.5
      vertex -0.974919 2 1.5
      vertex 79.2246 -2.52539 1.5
    endloop
  endfacet
  facet normal 0 0 1
    outer loop
      vertex 79.2246 -2.52539 1.5
      vertex -0.974919 2 1.5
      vertex 73.1748 -2.52539 1.5
    endloop
  endfacet
  facet normal 0 0 1
    outer loop
      vertex 54.625 -16.0254 1.5
      vertex 59.6748 -16.0254 1.5
      vertex 59.6748 -3.02539 1.5
    endloop
  endfacet
  facet normal 0 0 1
    outer loop
      vertex 59.8213 -16.3789 1.5
      vertex 54.4785 -16.3789 1.5
      vertex 59.8213 -21.7217 1.5
    endloop
  endfacet
  facet normal 0 0 1
    outer loop
      vertex 54.625 -16.0254 1.5
      vertex 59.6748 -3.02539 1.5
      vertex 54.625 -3.02539 1.5
    endloop
  endfacet
  facet normal 0 0 1
    outer loop
      vertex 59.8213 -2.67188 1.5
      vertex 54.625 -3.02539 1.5
      vertex 59.6748 -3.02539 1.5
    endloop
  endfacet
  facet normal 0 0 1
    outer loop
      vertex 54.4785 -2.67188 1.5
      vertex 59.8213 -2.67188 1.5
      vertex 60.1748 -2.52539 1.5
    endloop
  endfacet
  facet normal 0 0 1
    outer loop
      vertex 59.8213 -2.67188 1.5
      vertex 54.4785 -2.67188 1.5
      vertex 54.625 -3.02539 1.5
    endloop
  endfacet
  facet normal 0 0 1
    outer loop
      vertex 60.1748 -2.52539 1.5
      vertex 54.125 -2.52539 1.5
      vertex 54.4785 -2.67188 1.5
    endloop
  endfacet
  facet normal 0 0 1
    outer loop
      vertex 73.1748 -2.52539 1.5
      vertex -0.974919 2 1.5
      vertex 60.1748 -2.52539 1.5
    endloop
  endfacet
  facet normal 0 0 1
    outer loop
      vertex 60.1748 -2.52539 1.5
      vertex -0.974919 2 1.5
      vertex 54.125 -2.52539 1.5
    endloop
  endfacet
  facet normal 0 0 1
    outer loop
      vertex 35.5752 -16.0254 1.5
      vertex 40.625 -16.0254 1.5
      vertex 40.625 -3.02539 1.5
    endloop
  endfacet
  facet normal 0 0 1
    outer loop
      vertex 40.7715 -16.3789 1.5
      vertex 35.4287 -16.3789 1.5
      vertex 40.7715 -21.7217 1.5
    endloop
  endfacet
  facet normal 0 0 1
    outer loop
      vertex 35.5752 -16.0254 1.5
      vertex 40.625 -3.02539 1.5
      vertex 35.5752 -3.02539 1.5
    endloop
  endfacet
  facet normal 0 0 1
    outer loop
      vertex 40.7715 -2.67188 1.5
      vertex 35.5752 -3.02539 1.5
      vertex 40.625 -3.02539 1.5
    endloop
  endfacet
  facet normal 0 0 1
    outer loop
      vertex 35.4287 -2.67188 1.5
      vertex 40.7715 -2.67188 1.5
      vertex 41.125 -2.52539 1.5
    endloop
  endfacet
  facet normal 0 0 1
    outer loop
      vertex 40.7715 -2.67188 1.5
      vertex 35.4287 -2.67188 1.5
      vertex 35.5752 -3.02539 1.5
    endloop
  endfacet
  facet normal 0 0 1
    outer loop
      vertex 41.125 -2.52539 1.5
      vertex 35.0752 -2.52539 1.5
      vertex 35.4287 -2.67188 1.5
    endloop
  endfacet
  facet normal 0 0 1
    outer loop
      vertex 54.125 -2.52539 1.5
      vertex -0.974919 2 1.5
      vertex 41.125 -2.52539 1.5
    endloop
  endfacet
  facet normal 0 0 1
    outer loop
      vertex 41.125 -2.52539 1.5
      vertex -0.974919 2 1.5
      vertex 35.0752 -2.52539 1.5
    endloop
  endfacet
  facet normal -0 0 1
    outer loop
      vertex 16.5254 -3.02539 1.5
      vertex 21.5752 -16.0254 1.5
      vertex 21.5752 -3.02539 1.5
    endloop
  endfacet
  facet normal 0 0 1
    outer loop
      vertex 16.5254 -16.0254 1.5
      vertex 21.5752 -16.0254 1.5
      vertex 16.5254 -3.02539 1.5
    endloop
  endfacet
  facet normal 0 0 1
    outer loop
      vertex 21.7217 -16.3789 1.5
      vertex 16.3789 -16.3789 1.5
      vertex 21.7217 -21.7217 1.5
    endloop
  endfacet
  facet normal 0 0 1
    outer loop
      vertex 21.5752 -35.0752 1.5
      vertex 21.1406 -40.7715 1.5
      vertex 21.2871 -41.125 1.5
    endloop
  endfacet
  facet normal 0 0 1
    outer loop
      vertex 21.5752 -35.0752 1.5
      vertex 20.7871 -40.625 1.5
      vertex 21.1406 -40.7715 1.5
    endloop
  endfacet
  facet normal 0 0 1
    outer loop
      vertex 21.7217 -21.7217 1.5
      vertex 16.5254 -22.0752 1.5
      vertex 21.5752 -22.0752 1.5
    endloop
  endfacet
  facet normal 0 0 1
    outer loop
      vertex 21.7217 -2.67188 1.5
      vertex 16.5254 -3.02539 1.5
      vertex 21.5752 -3.02539 1.5
    endloop
  endfacet
  facet normal 0 0 1
    outer loop
      vertex 16.3789 -2.67188 1.5
      vertex 21.7217 -2.67188 1.5
      vertex 22.0752 -2.52539 1.5
    endloop
  endfacet
  facet normal 0 0 1
    outer loop
      vertex 21.7217 -2.67188 1.5
      vertex 16.3789 -2.67188 1.5
      vertex 16.5254 -3.02539 1.5
    endloop
  endfacet
  facet normal 0 0 1
    outer loop
      vertex 22.0752 -2.52539 1.5
      vertex 16.0254 -2.52539 1.5
      vertex 16.3789 -2.67188 1.5
    endloop
  endfacet
  facet normal 0 0 1
    outer loop
      vertex 35.0752 -2.52539 1.5
      vertex -0.974919 2 1.5
      vertex 22.0752 -2.52539 1.5
    endloop
  endfacet
  facet normal 0 0 1
    outer loop
      vertex 22.0752 -2.52539 1.5
      vertex -0.974919 2 1.5
      vertex 16.0254 -2.52539 1.5
    endloop
  endfacet
  facet normal 0 0 1
    outer loop
      vertex -2 0.963951 1.5
      vertex 2.52539 -16.0254 1.5
      vertex 2.52539 -3.02539 1.5
    endloop
  endfacet
  facet normal 0 0 1
    outer loop
      vertex 2.52539 -16.0254 1.5
      vertex -2 0.963951 1.5
      vertex 2.52539 -22.0752 1.5
    endloop
  endfacet
  facet normal -0 0 1
    outer loop
      vertex -2 0.963951 1.5
      vertex 2.67188 -2.67188 1.5
      vertex -1.09881 1.6187 1.5
    endloop
  endfacet
  facet normal 0 0 1
    outer loop
      vertex 3.02539 -2.52539 1.5
      vertex -1.09881 1.6187 1.5
      vertex 2.67188 -2.67188 1.5
    endloop
  endfacet
  facet normal -0 0 1
    outer loop
      vertex -1.09881 1.6187 1.5
      vertex 3.02539 -2.52539 1.5
      vertex -0.974919 2 1.5
    endloop
  endfacet
  facet normal 0 0 1
    outer loop
      vertex 16.0254 -2.52539 1.5
      vertex -0.974919 2 1.5
      vertex 3.02539 -2.52539 1.5
    endloop
  endfacet
  facet normal -0 0 1
    outer loop
      vertex 306.274 0.765017 1.5
      vertex 306.798 -3.96 1.5
      vertex 306.798 0.765017 1.5
    endloop
  endfacet
  facet normal 0 0 1
    outer loop
      vertex 302.129 -2.67188 1.5
      vertex 306.274 0.765017 1.5
      vertex 305.099 1.6187 1.5
    endloop
  endfacet
  facet normal 0 0 1
    outer loop
      vertex 301.775 -2.52539 1.5
      vertex 305.099 1.6187 1.5
      vertex 304.975 2 1.5
    endloop
  endfacet
  facet normal 0 0 1
    outer loop
      vertex 306.274 0.765017 1.5
      vertex 302.275 -3.02539 1.5
      vertex 306.798 -3.96 1.5
    endloop
  endfacet
  facet normal 0 0 1
    outer loop
      vertex 306.798 -3.96 1.5
      vertex 302.275 -3.02539 1.5
      vertex 302.275 -3.96 1.5
    endloop
  endfacet
  facet normal -0 0 1
    outer loop
      vertex 302.129 -92.5781 1.5
      vertex 302.275 -98.2754 1.5
      vertex 302.275 -92.2246 1.5
    endloop
  endfacet
  facet normal 0 0 1
    outer loop
      vertex 302.129 -92.5781 1.5
      vertex 302.129 -97.9219 1.5
      vertex 302.275 -98.2754 1.5
    endloop
  endfacet
  facet normal -0 0 1
    outer loop
      vertex 301.775 -92.7246 1.5
      vertex 302.129 -97.9219 1.5
      vertex 302.129 -92.5781 1.5
    endloop
  endfacet
  facet normal 0 0 1
    outer loop
      vertex 301.775 -92.7246 1.5
      vertex 301.775 -97.7754 1.5
      vertex 302.129 -97.9219 1.5
    endloop
  endfacet
  facet normal -0 0 1
    outer loop
      vertex 288.775 -92.7246 1.5
      vertex 301.775 -97.7754 1.5
      vertex 301.775 -92.7246 1.5
    endloop
  endfacet
  facet normal 0 0 1
    outer loop
      vertex 288.775 -92.7246 1.5
      vertex 288.775 -97.7754 1.5
      vertex 301.775 -97.7754 1.5
    endloop
  endfacet
  facet normal 0 0 1
    outer loop
      vertex 288.422 -92.5781 1.5
      vertex 288.775 -97.7754 1.5
      vertex 288.775 -92.7246 1.5
    endloop
  endfacet
  facet normal 0 0 1
    outer loop
      vertex 288.422 -92.5781 1.5
      vertex 288.422 -97.9219 1.5
      vertex 288.775 -97.7754 1.5
    endloop
  endfacet
  facet normal 0 0 1
    outer loop
      vertex 283.078 -92.5781 1.5
      vertex 288.422 -92.5781 1.5
      vertex 288.275 -92.2246 1.5
    endloop
  endfacet
  facet normal 0 0 1
    outer loop
      vertex 288.422 -92.5781 1.5
      vertex 283.078 -92.5781 1.5
      vertex 288.422 -97.9219 1.5
    endloop
  endfacet
  facet normal -0 0 1
    outer loop
      vertex 302.129 -73.5283 1.5
      vertex 302.275 -79.2246 1.5
      vertex 302.275 -73.1748 1.5
    endloop
  endfacet
  facet normal 0 0 1
    outer loop
      vertex 302.129 -73.5283 1.5
      vertex 302.129 -78.8711 1.5
      vertex 302.275 -79.2246 1.5
    endloop
  endfacet
  facet normal -0 0 1
    outer loop
      vertex 301.775 -73.6748 1.5
      vertex 302.129 -78.8711 1.5
      vertex 302.129 -73.5283 1.5
    endloop
  endfacet
  facet normal 0 0 1
    outer loop
      vertex 301.775 -73.6748 1.5
      vertex 301.775 -78.7246 1.5
      vertex 302.129 -78.8711 1.5
    endloop
  endfacet
  facet normal -0 0 1
    outer loop
      vertex 288.775 -73.6748 1.5
      vertex 301.775 -78.7246 1.5
      vertex 301.775 -73.6748 1.5
    endloop
  endfacet
  facet normal 0 0 1
    outer loop
      vertex 288.775 -73.6748 1.5
      vertex 288.775 -78.7246 1.5
      vertex 301.775 -78.7246 1.5
    endloop
  endfacet
  facet normal 0 0 1
    outer loop
      vertex 288.422 -73.5283 1.5
      vertex 288.775 -78.7246 1.5
      vertex 288.775 -73.6748 1.5
    endloop
  endfacet
  facet normal 0 0 1
    outer loop
      vertex 288.422 -73.5283 1.5
      vertex 288.422 -78.8711 1.5
      vertex 288.775 -78.7246 1.5
    endloop
  endfacet
  facet normal 0 0 1
    outer loop
      vertex 288.275 -73.1748 1.5
      vertex 288.422 -78.8711 1.5
      vertex 288.422 -73.5283 1.5
    endloop
  endfacet
  facet normal 0 0 1
    outer loop
      vertex 288.422 -78.8711 1.5
      vertex 288.275 -73.1748 1.5
      vertex 288.275 -79.2246 1.5
    endloop
  endfacet
  facet normal -0 0 1
    outer loop
      vertex 302.129 -54.4785 1.5
      vertex 302.275 -60.1748 1.5
      vertex 302.275 -54.125 1.5
    endloop
  endfacet
  facet normal 0 0 1
    outer loop
      vertex 302.129 -54.4785 1.5
      vertex 302.129 -59.8213 1.5
      vertex 302.275 -60.1748 1.5
    endloop
  endfacet
  facet normal -0 0 1
    outer loop
      vertex 301.775 -54.625 1.5
      vertex 302.129 -59.8213 1.5
      vertex 302.129 -54.4785 1.5
    endloop
  endfacet
  facet normal 0 0 1
    outer loop
      vertex 301.775 -54.625 1.5
      vertex 301.775 -59.6748 1.5
      vertex 302.129 -59.8213 1.5
    endloop
  endfacet
  facet normal -0 0 1
    outer loop
      vertex 288.775 -54.625 1.5
      vertex 301.775 -59.6748 1.5
      vertex 301.775 -54.625 1.5
    endloop
  endfacet
  facet normal 0 0 1
    outer loop
      vertex 288.775 -54.625 1.5
      vertex 288.775 -59.6748 1.5
      vertex 301.775 -59.6748 1.5
    endloop
  endfacet
  facet normal 0 0 1
    outer loop
      vertex 288.422 -54.4785 1.5
      vertex 288.775 -59.6748 1.5
      vertex 288.775 -54.625 1.5
    endloop
  endfacet
  facet normal 0 0 1
    outer loop
      vertex 288.422 -54.4785 1.5
      vertex 288.422 -59.8213 1.5
      vertex 288.775 -59.6748 1.5
    endloop
  endfacet
  facet normal 0 0 1
    outer loop
      vertex 288.275 -54.125 1.5
      vertex 288.422 -59.8213 1.5
      vertex 288.422 -54.4785 1.5
    endloop
  endfacet
  facet normal 0 0 1
    outer loop
      vertex 288.422 -59.8213 1.5
      vertex 288.275 -54.125 1.5
      vertex 288.275 -60.1748 1.5
    endloop
  endfacet
  facet normal -0 0 1
    outer loop
      vertex 302.129 -35.4287 1.5
      vertex 302.275 -41.125 1.5
      vertex 302.275 -35.0752 1.5
    endloop
  endfacet
  facet normal 0 0 1
    outer loop
      vertex 302.129 -35.4287 1.5
      vertex 302.129 -40.7715 1.5
      vertex 302.275 -41.125 1.5
    endloop
  endfacet
  facet normal -0 0 1
    outer loop
      vertex 301.775 -35.5752 1.5
      vertex 302.129 -40.7715 1.5
      vertex 302.129 -35.4287 1.5
    endloop
  endfacet
  facet normal 0 0 1
    outer loop
      vertex 301.775 -35.5752 1.5
      vertex 301.775 -40.625 1.5
      vertex 302.129 -40.7715 1.5
    endloop
  endfacet
  facet normal -0 0 1
    outer loop
      vertex 288.775 -35.5752 1.5
      vertex 301.775 -40.625 1.5
      vertex 301.775 -35.5752 1.5
    endloop
  endfacet
  facet normal 0 0 1
    outer loop
      vertex 288.775 -35.5752 1.5
      vertex 288.775 -40.625 1.5
      vertex 301.775 -40.625 1.5
    endloop
  endfacet
  facet normal 0 0 1
    outer loop
      vertex 288.422 -35.4287 1.5
      vertex 288.775 -40.625 1.5
      vertex 288.775 -35.5752 1.5
    endloop
  endfacet
  facet normal 0 0 1
    outer loop
      vertex 288.422 -35.4287 1.5
      vertex 288.422 -40.7715 1.5
      vertex 288.775 -40.625 1.5
    endloop
  endfacet
  facet normal 0 0 1
    outer loop
      vertex 282.138 -37.0752 1.5
      vertex 288.422 -35.4287 1.5
      vertex 288.275 -35.0752 1.5
    endloop
  endfacet
  facet normal 0 0 1
    outer loop
      vertex 288.422 -35.4287 1.5
      vertex 282.138 -37.0752 1.5
      vertex 288.422 -40.7715 1.5
    endloop
  endfacet
  facet normal 0 0 1
    outer loop
      vertex 302.129 -21.7217 1.5
      vertex 306.798 -15.86 1.5
      vertex 302.129 -16.3789 1.5
    endloop
  endfacet
  facet normal 0 0 1
    outer loop
      vertex 306.798 -15.86 1.5
      vertex 302.129 -21.7217 1.5
      vertex 302.275 -22.0752 1.5
    endloop
  endfacet
  facet normal -0 0 1
    outer loop
      vertex 301.775 -16.5254 1.5
      vertex 302.129 -21.7217 1.5
      vertex 302.129 -16.3789 1.5
    endloop
  endfacet
  facet normal 0 0 1
    outer loop
      vertex 301.775 -16.5254 1.5
      vertex 301.775 -21.5752 1.5
      vertex 302.129 -21.7217 1.5
    endloop
  endfacet
  facet normal -0 0 1
    outer loop
      vertex 288.775 -16.5254 1.5
      vertex 301.775 -21.5752 1.5
      vertex 301.775 -16.5254 1.5
    endloop
  endfacet
  facet normal 0 0 1
    outer loop
      vertex 288.775 -16.5254 1.5
      vertex 288.775 -21.5752 1.5
      vertex 301.775 -21.5752 1.5
    endloop
  endfacet
  facet normal 0 0 1
    outer loop
      vertex 288.422 -16.3789 1.5
      vertex 288.775 -21.5752 1.5
      vertex 288.775 -16.5254 1.5
    endloop
  endfacet
  facet normal 0 0 1
    outer loop
      vertex 288.422 -16.3789 1.5
      vertex 288.422 -21.7217 1.5
      vertex 288.775 -21.5752 1.5
    endloop
  endfacet
  facet normal 0 0 1
    outer loop
      vertex 283.078 -16.3789 1.5
      vertex 288.422 -16.3789 1.5
      vertex 288.275 -16.0254 1.5
    endloop
  endfacet
  facet normal 0 0 1
    outer loop
      vertex 288.422 -16.3789 1.5
      vertex 283.078 -16.3789 1.5
      vertex 288.422 -21.7217 1.5
    endloop
  endfacet
  facet normal -0 0 1
    outer loop
      vertex 302.275 -73.1748 1.5
      vertex 306.798 -115.065 1.5
      vertex 306.798 -15.86 1.5
    endloop
  endfacet
  facet normal -0 0 1
    outer loop
      vertex 302.275 -79.2246 1.5
      vertex 306.798 -115.065 1.5
      vertex 302.275 -73.1748 1.5
    endloop
  endfacet
  facet normal -0 0 1
    outer loop
      vertex 302.275 -92.2246 1.5
      vertex 306.798 -115.065 1.5
      vertex 302.275 -79.2246 1.5
    endloop
  endfacet
  facet normal 0 0 1
    outer loop
      vertex 302.275 -16.0254 1.5
      vertex 306.798 -15.86 1.5
      vertex 302.275 -15.86 1.5
    endloop
  endfacet
  facet normal 0 0 1
    outer loop
      vertex 302.129 -16.3789 1.5
      vertex 306.798 -15.86 1.5
      vertex 302.275 -16.0254 1.5
    endloop
  endfacet
  facet normal 0 0 1
    outer loop
      vertex 302.275 -35.0752 1.5
      vertex 306.798 -15.86 1.5
      vertex 302.275 -22.0752 1.5
    endloop
  endfacet
  facet normal 0 0 1
    outer loop
      vertex 302.275 -41.125 1.5
      vertex 306.798 -15.86 1.5
      vertex 302.275 -35.0752 1.5
    endloop
  endfacet
  facet normal 0 0 1
    outer loop
      vertex 302.275 -54.125 1.5
      vertex 306.798 -15.86 1.5
      vertex 302.275 -41.125 1.5
    endloop
  endfacet
  facet normal 0 0 1
    outer loop
      vertex 302.275 -60.1748 1.5
      vertex 306.798 -15.86 1.5
      vertex 302.275 -54.125 1.5
    endloop
  endfacet
  facet normal 0 0 1
    outer loop
      vertex 302.275 -73.1748 1.5
      vertex 306.798 -15.86 1.5
      vertex 302.275 -60.1748 1.5
    endloop
  endfacet
  facet normal -0 0 1
    outer loop
      vertex 302.275 -98.2754 1.5
      vertex 306.798 -115.065 1.5
      vertex 302.275 -92.2246 1.5
    endloop
  endfacet
  facet normal -0 0 1
    outer loop
      vertex 302.275 -111.275 1.5
      vertex 306.798 -115.065 1.5
      vertex 302.275 -98.2754 1.5
    endloop
  endfacet
  facet normal 0 0 1
    outer loop
      vertex 306.798 -115.065 1.5
      vertex 302.275 -111.275 1.5
      vertex 306.274 -115.065 1.5
    endloop
  endfacet
  facet normal -0 0 1
    outer loop
      vertex 302.129 -111.629 1.5
      vertex 306.274 -115.065 1.5
      vertex 302.275 -111.275 1.5
    endloop
  endfacet
  facet normal 0 0 1
    outer loop
      vertex 306.274 -115.065 1.5
      vertex 302.129 -111.629 1.5
      vertex 305.099 -115.919 1.5
    endloop
  endfacet
  facet normal -0 0 1
    outer loop
      vertex 301.775 -111.775 1.5
      vertex 305.099 -115.919 1.5
      vertex 302.129 -111.629 1.5
    endloop
  endfacet
  facet normal 0 0 1
    outer loop
      vertex 305.099 -115.919 1.5
      vertex 301.775 -111.775 1.5
      vertex 304.975 -116.3 1.5
    endloop
  endfacet
  facet normal -0 0 1
    outer loop
      vertex 288.775 -111.775 1.5
      vertex 304.975 -116.3 1.5
      vertex 301.775 -111.775 1.5
    endloop
  endfacet
  facet normal 0 0 1
    outer loop
      vertex 288.275 -73.1748 1.5
      vertex 283.225 -79.2246 1.5
      vertex 288.275 -79.2246 1.5
    endloop
  endfacet
  facet normal 0 0 1
    outer loop
      vertex 283.078 -92.5781 1.5
      vertex 288.275 -92.2246 1.5
      vertex 283.225 -92.2246 1.5
    endloop
  endfacet
  facet normal 0 0 1
    outer loop
      vertex 283.078 -97.9219 1.5
      vertex 288.422 -97.9219 1.5
      vertex 283.078 -92.5781 1.5
    endloop
  endfacet
  facet normal 0 0 1
    outer loop
      vertex 288.275 -98.2754 1.5
      vertex 283.225 -98.2754 1.5
      vertex 288.275 -111.275 1.5
    endloop
  endfacet
  facet normal 0 0 1
    outer loop
      vertex 283.225 -111.275 1.5
      vertex 288.275 -111.275 1.5
      vertex 283.225 -98.2754 1.5
    endloop
  endfacet
  facet normal -0 0 1
    outer loop
      vertex 283.225 -111.275 1.5
      vertex 288.422 -111.629 1.5
      vertex 288.275 -111.275 1.5
    endloop
  endfacet
  facet normal 0 0 1
    outer loop
      vertex 283.078 -111.629 1.5
      vertex 288.422 -111.629 1.5
      vertex 283.225 -111.275 1.5
    endloop
  endfacet
  facet normal 0 0 1
    outer loop
      vertex 288.422 -111.629 1.5
      vertex 283.078 -111.629 1.5
      vertex 288.775 -111.775 1.5
    endloop
  endfacet
  facet normal 0 0 1
    outer loop
      vertex 282.725 -111.775 1.5
      vertex 288.775 -111.775 1.5
      vertex 283.078 -111.629 1.5
    endloop
  endfacet
  facet normal 0 0 1
    outer loop
      vertex 288.775 -111.775 1.5
      vertex 282.725 -111.775 1.5
      vertex 304.975 -116.3 1.5
    endloop
  endfacet
  facet normal -0 0 1
    outer loop
      vertex 269.725 -111.775 1.5
      vertex 304.975 -116.3 1.5
      vertex 282.725 -111.775 1.5
    endloop
  endfacet
  facet normal 0 0 1
    outer loop
      vertex 264.175 -111.275 1.5
      vertex 269.225 -111.275 1.5
      vertex 264.175 -98.2754 1.5
    endloop
  endfacet
  facet normal -0 0 1
    outer loop
      vertex 264.175 -111.275 1.5
      vertex 269.371 -111.629 1.5
      vertex 269.225 -111.275 1.5
    endloop
  endfacet
  facet normal 0 0 1
    outer loop
      vertex 264.028 -111.629 1.5
      vertex 269.371 -111.629 1.5
      vertex 264.175 -111.275 1.5
    endloop
  endfacet
  facet normal 0 0 1
    outer loop
      vertex 269.371 -111.629 1.5
      vertex 264.028 -111.629 1.5
      vertex 269.725 -111.775 1.5
    endloop
  endfacet
  facet normal 0 0 1
    outer loop
      vertex 263.675 -111.775 1.5
      vertex 269.725 -111.775 1.5
      vertex 264.028 -111.629 1.5
    endloop
  endfacet
  facet normal 0 0 1
    outer loop
      vertex 269.725 -111.775 1.5
      vertex 263.675 -111.775 1.5
      vertex 304.975 -116.3 1.5
    endloop
  endfacet
  facet normal -0 0 1
    outer loop
      vertex 250.675 -111.775 1.5
      vertex 304.975 -116.3 1.5
      vertex 263.675 -111.775 1.5
    endloop
  endfacet
  facet normal 0 0 1
    outer loop
      vertex 245.125 -111.275 1.5
      vertex 250.175 -111.275 1.5
      vertex 245.125 -98.2754 1.5
    endloop
  endfacet
  facet normal -0 0 1
    outer loop
      vertex 245.125 -111.275 1.5
      vertex 250.321 -111.629 1.5
      vertex 250.175 -111.275 1.5
    endloop
  endfacet
  facet normal 0 0 1
    outer loop
      vertex 244.979 -111.629 1.5
      vertex 250.321 -111.629 1.5
      vertex 245.125 -111.275 1.5
    endloop
  endfacet
  facet normal 0 0 1
    outer loop
      vertex 250.321 -111.629 1.5
      vertex 244.979 -111.629 1.5
      vertex 250.675 -111.775 1.5
    endloop
  endfacet
  facet normal 0 0 1
    outer loop
      vertex 244.625 -111.775 1.5
      vertex 250.675 -111.775 1.5
      vertex 244.979 -111.629 1.5
    endloop
  endfacet
  facet normal 0 0 1
    outer loop
      vertex 250.675 -111.775 1.5
      vertex 244.625 -111.775 1.5
      vertex 304.975 -116.3 1.5
    endloop
  endfacet
  facet normal -0 0 1
    outer loop
      vertex 231.625 -111.775 1.5
      vertex 304.975 -116.3 1.5
      vertex 244.625 -111.775 1.5
    endloop
  endfacet
  facet normal 0 0 1
    outer loop
      vertex 231.625 -97.7754 1.5
      vertex 230.338 -92.7246 1.5
      vertex 231.271 -97.9219 1.5
    endloop
  endfacet
  facet normal 0 0 1
    outer loop
      vertex 225.929 -97.9219 1.5
      vertex 231.271 -97.9219 1.5
      vertex 230.338 -92.7246 1.5
    endloop
  endfacet
  facet normal 0 0 1
    outer loop
      vertex 231.271 -97.9219 1.5
      vertex 226.075 -98.2754 1.5
      vertex 231.125 -98.2754 1.5
    endloop
  endfacet
  facet normal 0 0 1
    outer loop
      vertex 231.125 -98.2754 1.5
      vertex 226.075 -98.2754 1.5
      vertex 231.125 -111.275 1.5
    endloop
  endfacet
  facet normal 0 0 1
    outer loop
      vertex 226.075 -111.275 1.5
      vertex 231.125 -111.275 1.5
      vertex 226.075 -98.2754 1.5
    endloop
  endfacet
  facet normal -0 0 1
    outer loop
      vertex 226.075 -111.275 1.5
      vertex 231.271 -111.629 1.5
      vertex 231.125 -111.275 1.5
    endloop
  endfacet
  facet normal 0 0 1
    outer loop
      vertex 225.929 -111.629 1.5
      vertex 231.271 -111.629 1.5
      vertex 226.075 -111.275 1.5
    endloop
  endfacet
  facet normal 0 0 1
    outer loop
      vertex 231.271 -111.629 1.5
      vertex 225.929 -111.629 1.5
      vertex 231.625 -111.775 1.5
    endloop
  endfacet
  facet normal 0 0 1
    outer loop
      vertex 225.575 -111.775 1.5
      vertex 231.625 -111.775 1.5
      vertex 225.929 -111.629 1.5
    endloop
  endfacet
  facet normal 0 0 1
    outer loop
      vertex 231.625 -111.775 1.5
      vertex 225.575 -111.775 1.5
      vertex 304.975 -116.3 1.5
    endloop
  endfacet
  facet normal 0 0 1
    outer loop
      vertex 183.969 -113.775 1.5
      vertex 225.575 -111.775 1.5
      vertex 212.575 -111.775 1.5
    endloop
  endfacet
  facet normal 0 0 1
    outer loop
      vertex 212.575 -97.7754 1.5
      vertex 211.287 -92.7246 1.5
      vertex 212.222 -97.9219 1.5
    endloop
  endfacet
  facet normal 0 0 1
    outer loop
      vertex 206.879 -97.9219 1.5
      vertex 212.222 -97.9219 1.5
      vertex 211.287 -92.7246 1.5
    endloop
  endfacet
  facet normal 0 0 1
    outer loop
      vertex 212.222 -97.9219 1.5
      vertex 207.025 -98.2754 1.5
      vertex 212.075 -98.2754 1.5
    endloop
  endfacet
  facet normal 0 0 1
    outer loop
      vertex 212.075 -98.2754 1.5
      vertex 207.025 -98.2754 1.5
      vertex 212.075 -111.275 1.5
    endloop
  endfacet
  facet normal 0 0 1
    outer loop
      vertex 207.025 -111.275 1.5
      vertex 212.075 -111.275 1.5
      vertex 207.025 -98.2754 1.5
    endloop
  endfacet
  facet normal -0 0 1
    outer loop
      vertex 207.025 -111.275 1.5
      vertex 212.222 -111.629 1.5
      vertex 212.075 -111.275 1.5
    endloop
  endfacet
  facet normal 0 0 1
    outer loop
      vertex 206.879 -111.629 1.5
      vertex 212.222 -111.629 1.5
      vertex 207.025 -111.275 1.5
    endloop
  endfacet
  facet normal 0 0 1
    outer loop
      vertex 212.222 -111.629 1.5
      vertex 206.879 -111.629 1.5
      vertex 212.575 -111.775 1.5
    endloop
  endfacet
  facet normal 0 0 1
    outer loop
      vertex 206.525 -111.775 1.5
      vertex 212.575 -111.775 1.5
      vertex 206.879 -111.629 1.5
    endloop
  endfacet
  facet normal 0 0 1
    outer loop
      vertex 183.969 -113.775 1.5
      vertex 212.575 -111.775 1.5
      vertex 206.525 -111.775 1.5
    endloop
  endfacet
  facet normal 0 0 1
    outer loop
      vertex 183.969 -113.775 1.5
      vertex 206.525 -111.775 1.5
      vertex 193.525 -111.775 1.5
    endloop
  endfacet
  facet normal 0 0 1
    outer loop
      vertex 193.525 -97.7754 1.5
      vertex 192.237 -92.7246 1.5
      vertex 193.172 -97.9219 1.5
    endloop
  endfacet
  facet normal 0 0 1
    outer loop
      vertex 184.322 -98.9219 1.5
      vertex 193.172 -97.9219 1.5
      vertex 192.237 -92.7246 1.5
    endloop
  endfacet
  facet normal 0 0 1
    outer loop
      vertex 184.322 -98.9219 1.5
      vertex 193.025 -98.2754 1.5
      vertex 193.172 -97.9219 1.5
    endloop
  endfacet
  facet normal 0 0 1
    outer loop
      vertex 193.025 -98.2754 1.5
      vertex 184.469 -99.2754 1.5
      vertex 193.025 -111.275 1.5
    endloop
  endfacet
  facet normal 0 0 1
    outer loop
      vertex 184.469 -113.275 1.5
      vertex 193.025 -111.275 1.5
      vertex 184.469 -99.2754 1.5
    endloop
  endfacet
  facet normal 0 0 1
    outer loop
      vertex 193.025 -111.275 1.5
      vertex 184.469 -113.275 1.5
      vertex 193.172 -111.629 1.5
    endloop
  endfacet
  facet normal 0 0 1
    outer loop
      vertex 184.322 -113.629 1.5
      vertex 193.172 -111.629 1.5
      vertex 184.469 -113.275 1.5
    endloop
  endfacet
  facet normal 0 0 1
    outer loop
      vertex 193.172 -111.629 1.5
      vertex 184.322 -113.629 1.5
      vertex 193.525 -111.775 1.5
    endloop
  endfacet
  facet normal 0 0 1
    outer loop
      vertex 183.969 -113.775 1.5
      vertex 193.525 -111.775 1.5
      vertex 184.322 -113.629 1.5
    endloop
  endfacet
  facet normal 0 0 1
    outer loop
      vertex 225.575 -111.775 1.5
      vertex 183.969 -113.775 1.5
      vertex 304.975 -116.3 1.5
    endloop
  endfacet
  facet normal -0 0 1
    outer loop
      vertex 177.969 -113.775 1.5
      vertex 304.975 -116.3 1.5
      vertex 183.969 -113.775 1.5
    endloop
  endfacet
  facet normal -0 0 1
    outer loop
      vertex 173.188 -92.7246 1.5
      vertex 177.615 -98.9219 1.5
      vertex 173.541 -92.5781 1.5
    endloop
  endfacet
  facet normal 0 0 1
    outer loop
      vertex 177.615 -98.9219 1.5
      vertex 173.188 -92.7246 1.5
      vertex 177.469 -99.2754 1.5
    endloop
  endfacet
  facet normal -0 0 1
    outer loop
      vertex 160.188 -92.7246 1.5
      vertex 177.469 -99.2754 1.5
      vertex 173.188 -92.7246 1.5
    endloop
  endfacet
  facet normal 0 0 1
    outer loop
      vertex 177.469 -99.2754 1.5
      vertex 160.188 -92.7246 1.5
      vertex 177.469 -113.275 1.5
    endloop
  endfacet
  facet normal -0 0 1
    outer loop
      vertex 137.969 -111.275 1.5
      vertex 177.469 -113.275 1.5
      vertex 160.188 -92.7246 1.5
    endloop
  endfacet
  facet normal 0 0 1
    outer loop
      vertex 154.138 -92.7246 1.5
      vertex 160.188 -92.7246 1.5
      vertex 159.834 -92.5781 1.5
    endloop
  endfacet
  facet normal 0 0 1
    outer loop
      vertex 154.638 -92.2246 1.5
      vertex 159.688 -92.2246 1.5
      vertex 154.638 -79.2246 1.5
    endloop
  endfacet
  facet normal -0 0 1
    outer loop
      vertex 154.638 -92.2246 1.5
      vertex 159.834 -92.5781 1.5
      vertex 159.688 -92.2246 1.5
    endloop
  endfacet
  facet normal 0 0 1
    outer loop
      vertex 154.491 -92.5781 1.5
      vertex 159.834 -92.5781 1.5
      vertex 154.638 -92.2246 1.5
    endloop
  endfacet
  facet normal 0 0 1
    outer loop
      vertex 154.138 -92.7246 1.5
      vertex 159.834 -92.5781 1.5
      vertex 154.491 -92.5781 1.5
    endloop
  endfacet
  facet normal 0 0 1
    outer loop
      vertex 160.188 -92.7246 1.5
      vertex 154.138 -92.7246 1.5
      vertex 137.969 -111.275 1.5
    endloop
  endfacet
  facet normal 0 0 1
    outer loop
      vertex 137.969 -98.2754 1.5
      vertex 154.138 -92.7246 1.5
      vertex 141.138 -92.7246 1.5
    endloop
  endfacet
  facet normal 0 0 1
    outer loop
      vertex 137.822 -97.9219 1.5
      vertex 141.138 -92.7246 1.5
      vertex 140.784 -92.5781 1.5
    endloop
  endfacet
  facet normal -0 0 1
    outer loop
      vertex 135.588 -92.2246 1.5
      vertex 140.784 -92.5781 1.5
      vertex 140.638 -92.2246 1.5
    endloop
  endfacet
  facet normal 0 0 1
    outer loop
      vertex 154.138 -92.7246 1.5
      vertex 137.969 -98.2754 1.5
      vertex 137.969 -111.275 1.5
    endloop
  endfacet
  facet normal -0 0 1
    outer loop
      vertex 137.822 -111.629 1.5
      vertex 177.469 -113.275 1.5
      vertex 137.969 -111.275 1.5
    endloop
  endfacet
  facet normal 0 0 1
    outer loop
      vertex 177.469 -113.275 1.5
      vertex 137.822 -111.629 1.5
      vertex 177.615 -113.629 1.5
    endloop
  endfacet
  facet normal -0 0 1
    outer loop
      vertex 137.469 -111.775 1.5
      vertex 177.615 -113.629 1.5
      vertex 137.822 -111.629 1.5
    endloop
  endfacet
  facet normal 0 0 1
    outer loop
      vertex 177.615 -113.629 1.5
      vertex 137.469 -111.775 1.5
      vertex 177.969 -113.775 1.5
    endloop
  endfacet
  facet normal -0 0 1
    outer loop
      vertex 124.469 -111.775 1.5
      vertex 177.969 -113.775 1.5
      vertex 137.469 -111.775 1.5
    endloop
  endfacet
  facet normal -0 0 1
    outer loop
      vertex 116.391 -92.5781 1.5
      vertex 123.969 -98.2754 1.5
      vertex 121.734 -92.5781 1.5
    endloop
  endfacet
  facet normal 0 0 1
    outer loop
      vertex 116.391 -92.5781 1.5
      vertex 121.734 -92.5781 1.5
      vertex 121.588 -92.2246 1.5
    endloop
  endfacet
  facet normal 0 0 1
    outer loop
      vertex 116.537 -92.2246 1.5
      vertex 121.588 -92.2246 1.5
      vertex 116.537 -79.2246 1.5
    endloop
  endfacet
  facet normal 0 0 1
    outer loop
      vertex 116.391 -92.5781 1.5
      vertex 121.588 -92.2246 1.5
      vertex 116.537 -92.2246 1.5
    endloop
  endfacet
  facet normal 0 0 1
    outer loop
      vertex 123.969 -98.2754 1.5
      vertex 116.391 -92.5781 1.5
      vertex 116.037 -92.7246 1.5
    endloop
  endfacet
  facet normal 0 0 1
    outer loop
      vertex 123.969 -98.2754 1.5
      vertex 116.037 -92.7246 1.5
      vertex 123.969 -111.275 1.5
    endloop
  endfacet
  facet normal -0 0 1
    outer loop
      vertex 103.037 -92.7246 1.5
      vertex 123.969 -111.275 1.5
      vertex 116.037 -92.7246 1.5
    endloop
  endfacet
  facet normal 0 0 1
    outer loop
      vertex 84.4688 -113.275 1.5
      vertex 123.969 -111.275 1.5
      vertex 103.037 -92.7246 1.5
    endloop
  endfacet
  facet normal 0 0 1
    outer loop
      vertex 96.9873 -92.7246 1.5
      vertex 103.037 -92.7246 1.5
      vertex 102.684 -92.5781 1.5
    endloop
  endfacet
  facet normal 0 0 1
    outer loop
      vertex 97.4873 -92.2246 1.5
      vertex 102.537 -92.2246 1.5
      vertex 97.4873 -79.2246 1.5
    endloop
  endfacet
  facet normal -0 0 1
    outer loop
      vertex 97.4873 -92.2246 1.5
      vertex 102.684 -92.5781 1.5
      vertex 102.537 -92.2246 1.5
    endloop
  endfacet
  facet normal 0 0 1
    outer loop
      vertex 97.3408 -92.5781 1.5
      vertex 102.684 -92.5781 1.5
      vertex 97.4873 -92.2246 1.5
    endloop
  endfacet
  facet normal 0 0 1
    outer loop
      vertex 96.9873 -92.7246 1.5
      vertex 102.684 -92.5781 1.5
      vertex 97.3408 -92.5781 1.5
    endloop
  endfacet
  facet normal 0 0 1
    outer loop
      vertex 103.037 -92.7246 1.5
      vertex 96.9873 -92.7246 1.5
      vertex 84.4688 -113.275 1.5
    endloop
  endfacet
  facet normal 0 0 1
    outer loop
      vertex 84.4688 -113.275 1.5
      vertex 96.9873 -92.7246 1.5
      vertex 84.4688 -99.2754 1.5
    endloop
  endfacet
  facet normal 0 0 1
    outer loop
      vertex 123.969 -111.275 1.5
      vertex 84.4688 -113.275 1.5
      vertex 124.115 -111.629 1.5
    endloop
  endfacet
  facet normal 0 0 1
    outer loop
      vertex 84.3223 -113.629 1.5
      vertex 124.115 -111.629 1.5
      vertex 84.4688 -113.275 1.5
    endloop
  endfacet
  facet normal 0 0 1
    outer loop
      vertex 124.115 -111.629 1.5
      vertex 84.3223 -113.629 1.5
      vertex 124.469 -111.775 1.5
    endloop
  endfacet
  facet normal 0 0 1
    outer loop
      vertex 83.9688 -113.775 1.5
      vertex 124.469 -111.775 1.5
      vertex 84.3223 -113.629 1.5
    endloop
  endfacet
  facet normal 0 0 1
    outer loop
      vertex 124.469 -111.775 1.5
      vertex 83.9688 -113.775 1.5
      vertex 177.969 -113.775 1.5
    endloop
  endfacet
  facet normal 0 0 1
    outer loop
      vertex 177.969 -113.775 1.5
      vertex 83.9688 -113.775 1.5
      vertex 304.975 -116.3 1.5
    endloop
  endfacet
  facet normal 0 0 1
    outer loop
      vertex -0.974919 -116.3 1.5
      vertex 83.9688 -113.775 1.5
      vertex 77.9688 -113.775 1.5
    endloop
  endfacet
  facet normal 0 0 1
    outer loop
      vertex 77.4688 -99.2754 1.5
      vertex 66.5312 -111.275 1.5
      vertex 77.4688 -113.275 1.5
    endloop
  endfacet
  facet normal -0 0 1
    outer loop
      vertex 66.3848 -111.629 1.5
      vertex 77.4688 -113.275 1.5
      vertex 66.5312 -111.275 1.5
    endloop
  endfacet
  facet normal 0 0 1
    outer loop
      vertex 77.4688 -113.275 1.5
      vertex 66.3848 -111.629 1.5
      vertex 77.6152 -113.629 1.5
    endloop
  endfacet
  facet normal -0 0 1
    outer loop
      vertex 66.0312 -111.775 1.5
      vertex 77.6152 -113.629 1.5
      vertex 66.3848 -111.629 1.5
    endloop
  endfacet
  facet normal 0 0 1
    outer loop
      vertex 77.6152 -113.629 1.5
      vertex 66.0312 -111.775 1.5
      vertex 77.9688 -113.775 1.5
    endloop
  endfacet
  facet normal -0 0 1
    outer loop
      vertex 53.0312 -111.775 1.5
      vertex 77.9688 -113.775 1.5
      vertex 66.0312 -111.775 1.5
    endloop
  endfacet
  facet normal 0 0 1
    outer loop
      vertex 42.5723 -97.9219 1.5
      vertex 45.8877 -92.7246 1.5
      vertex 45.5342 -92.5781 1.5
    endloop
  endfacet
  facet normal 0 0 1
    outer loop
      vertex 42.2188 -97.7754 1.5
      vertex 45.5342 -92.5781 1.5
      vertex 45.3877 -92.2246 1.5
    endloop
  endfacet
  facet normal 0 0 1
    outer loop
      vertex 52.5312 -98.2754 1.5
      vertex 42.7188 -98.2754 1.5
      vertex 52.5312 -111.275 1.5
    endloop
  endfacet
  facet normal 0 0 1
    outer loop
      vertex 42.7188 -111.275 1.5
      vertex 52.5312 -111.275 1.5
      vertex 42.7188 -98.2754 1.5
    endloop
  endfacet
  facet normal 0 0 1
    outer loop
      vertex 52.5312 -111.275 1.5
      vertex 42.7188 -111.275 1.5
      vertex 52.6777 -111.629 1.5
    endloop
  endfacet
  facet normal 0 0 1
    outer loop
      vertex 42.5723 -111.629 1.5
      vertex 52.6777 -111.629 1.5
      vertex 42.7188 -111.275 1.5
    endloop
  endfacet
  facet normal 0 0 1
    outer loop
      vertex 52.6777 -111.629 1.5
      vertex 42.5723 -111.629 1.5
      vertex 53.0312 -111.775 1.5
    endloop
  endfacet
  facet normal 0 0 1
    outer loop
      vertex 42.2188 -111.775 1.5
      vertex 53.0312 -111.775 1.5
      vertex 42.5723 -111.629 1.5
    endloop
  endfacet
  facet normal 0 0 1
    outer loop
      vertex 53.0312 -111.775 1.5
      vertex 42.2188 -111.775 1.5
      vertex 77.9688 -113.775 1.5
    endloop
  endfacet
  facet normal 0 0 1
    outer loop
      vertex -0.974919 -116.3 1.5
      vertex 42.2188 -111.775 1.5
      vertex 29.2188 -111.775 1.5
    endloop
  endfacet
  facet normal 0 0 1
    outer loop
      vertex 30.0156 -94.5781 1.5
      vertex 27.9316 -92.7246 1.5
      vertex 28.8652 -97.9219 1.5
    endloop
  endfacet
  facet normal 0 0 1
    outer loop
      vertex 28.8652 -97.9219 1.5
      vertex 27.9316 -92.7246 1.5
      vertex 28.7188 -98.2754 1.5
    endloop
  endfacet
  facet normal 0 0 1
    outer loop
      vertex 18.9062 -98.2754 1.5
      vertex 28.7188 -98.2754 1.5
      vertex 27.9316 -92.7246 1.5
    endloop
  endfacet
  facet normal 0 0 1
    outer loop
      vertex 28.7188 -98.2754 1.5
      vertex 18.9062 -98.2754 1.5
      vertex 28.7188 -111.275 1.5
    endloop
  endfacet
  facet normal 0 0 1
    outer loop
      vertex 18.9062 -111.275 1.5
      vertex 28.7188 -111.275 1.5
      vertex 18.9062 -98.2754 1.5
    endloop
  endfacet
  facet normal 0 0 1
    outer loop
      vertex 28.7188 -111.275 1.5
      vertex 18.9062 -111.275 1.5
      vertex 28.8652 -111.629 1.5
    endloop
  endfacet
  facet normal 0 0 1
    outer loop
      vertex 18.7598 -111.629 1.5
      vertex 28.8652 -111.629 1.5
      vertex 18.9062 -111.275 1.5
    endloop
  endfacet
  facet normal 0 0 1
    outer loop
      vertex 28.8652 -111.629 1.5
      vertex 18.7598 -111.629 1.5
      vertex 29.2188 -111.775 1.5
    endloop
  endfacet
  facet normal 0 0 1
    outer loop
      vertex 18.4062 -111.775 1.5
      vertex 29.2188 -111.775 1.5
      vertex 18.7598 -111.629 1.5
    endloop
  endfacet
  facet normal 0 0 1
    outer loop
      vertex -0.974919 -116.3 1.5
      vertex 29.2188 -111.775 1.5
      vertex 18.4062 -111.775 1.5
    endloop
  endfacet
  facet normal 0 0 1
    outer loop
      vertex -0.974919 -116.3 1.5
      vertex 18.4062 -111.775 1.5
      vertex 5.40625 -111.775 1.5
    endloop
  endfacet
  facet normal 0 0 1
    outer loop
      vertex -2 -115.264 1.5
      vertex 5.99316 -80.2246 1.5
      vertex 2.52539 -35.0752 1.5
    endloop
  endfacet
  facet normal 0 0 1
    outer loop
      vertex 5.99316 -80.2246 1.5
      vertex -2 -115.264 1.5
      vertex 4.90625 -98.2754 1.5
    endloop
  endfacet
  facet normal 0 0 1
    outer loop
      vertex 2.67188 -2.67188 1.5
      vertex -2 0.963951 1.5
      vertex 2.52539 -3.02539 1.5
    endloop
  endfacet
  facet normal 0 0 1
    outer loop
      vertex 83.9688 -113.775 1.5
      vertex -0.974919 -116.3 1.5
      vertex 304.975 -116.3 1.5
    endloop
  endfacet
  facet normal 0 0 1
    outer loop
      vertex 42.2188 -111.775 1.5
      vertex -0.974919 -116.3 1.5
      vertex 77.9688 -113.775 1.5
    endloop
  endfacet
  facet normal 0 0 1
    outer loop
      vertex 5.05273 -111.629 1.5
      vertex -0.974919 -116.3 1.5
      vertex 5.40625 -111.775 1.5
    endloop
  endfacet
  facet normal 0 0 1
    outer loop
      vertex -1.09881 -115.919 1.5
      vertex 5.05273 -111.629 1.5
      vertex 4.90625 -111.275 1.5
    endloop
  endfacet
  facet normal 0 0 1
    outer loop
      vertex 2.52539 -22.0752 1.5
      vertex -2 0.963951 1.5
      vertex 2.52539 -35.0752 1.5
    endloop
  endfacet
  facet normal 0 0 1
    outer loop
      vertex -2 -115.264 1.5
      vertex 2.52539 -35.0752 1.5
      vertex -2 0.963951 1.5
    endloop
  endfacet
  facet normal 0 0 1
    outer loop
      vertex 5.05273 -111.629 1.5
      vertex -1.09881 -115.919 1.5
      vertex -0.974919 -116.3 1.5
    endloop
  endfacet
  facet normal 0 0 1
    outer loop
      vertex 4.90625 -98.2754 1.5
      vertex -2 -115.264 1.5
      vertex 4.90625 -111.275 1.5
    endloop
  endfacet
  facet normal 0 0 1
    outer loop
      vertex 4.90625 -111.275 1.5
      vertex -2 -115.264 1.5
      vertex -1.09881 -115.919 1.5
    endloop
  endfacet
  facet normal 0 0 1
    outer loop
      vertex 288.275 -54.125 1.5
      vertex 283.078 -78.8711 1.5
      vertex 283.225 -79.2246 1.5
    endloop
  endfacet
  facet normal 0 0 1
    outer loop
      vertex 278.463 -41.125 1.5
      vertex 288.275 -41.125 1.5
      vertex 281.638 -37.5752 1.5
    endloop
  endfacet
  facet normal 0 0 1
    outer loop
      vertex 288.275 -41.125 1.5
      vertex 278.463 -41.125 1.5
      vertex 288.275 -54.125 1.5
    endloop
  endfacet
  facet normal -0 0 1
    outer loop
      vertex 279.757 -75.1748 1.5
      vertex 283.078 -78.8711 1.5
      vertex 279.757 -61.1748 1.5
    endloop
  endfacet
  facet normal 0 0 1
    outer loop
      vertex 283.078 -78.8711 1.5
      vertex 279.757 -75.1748 1.5
      vertex 282.725 -78.7246 1.5
    endloop
  endfacet
  facet normal -0 0 1
    outer loop
      vertex 279.61 -75.5283 1.5
      vertex 282.725 -78.7246 1.5
      vertex 279.757 -75.1748 1.5
    endloop
  endfacet
  facet normal -0 0 1
    outer loop
      vertex 279.257 -75.6748 1.5
      vertex 282.725 -78.7246 1.5
      vertex 279.61 -75.5283 1.5
    endloop
  endfacet
  facet normal -0 0 1
    outer loop
      vertex 273.257 -75.6748 1.5
      vertex 282.725 -78.7246 1.5
      vertex 279.257 -75.6748 1.5
    endloop
  endfacet
  facet normal 0 0 1
    outer loop
      vertex 272.757 -61.1748 1.5
      vertex 271.318 -73.1748 1.5
      vertex 272.757 -75.1748 1.5
    endloop
  endfacet
  facet normal -0 0 1
    outer loop
      vertex 271.172 -73.5283 1.5
      vertex 272.757 -75.1748 1.5
      vertex 271.318 -73.1748 1.5
    endloop
  endfacet
  facet normal -0 0 1
    outer loop
      vertex 270.818 -73.6748 1.5
      vertex 272.757 -75.1748 1.5
      vertex 271.172 -73.5283 1.5
    endloop
  endfacet
  facet normal 0 0 1
    outer loop
      vertex 269.725 -78.7246 1.5
      vertex 272.757 -75.1748 1.5
      vertex 270.818 -73.6748 1.5
    endloop
  endfacet
  facet normal 0 0 1
    outer loop
      vertex 273.257 -75.6748 1.5
      vertex 269.725 -78.7246 1.5
      vertex 282.725 -78.7246 1.5
    endloop
  endfacet
  facet normal 0 0 1
    outer loop
      vertex 272.903 -75.5283 1.5
      vertex 269.725 -78.7246 1.5
      vertex 273.257 -75.6748 1.5
    endloop
  endfacet
  facet normal 0 0 1
    outer loop
      vertex 272.757 -75.1748 1.5
      vertex 269.725 -78.7246 1.5
      vertex 272.903 -75.5283 1.5
    endloop
  endfacet
  facet normal 0 0 1
    outer loop
      vertex 270.818 -73.6748 1.5
      vertex 269.371 -78.8711 1.5
      vertex 269.725 -78.7246 1.5
    endloop
  endfacet
  facet normal -0 0 1
    outer loop
      vertex 257.818 -73.6748 1.5
      vertex 269.371 -78.8711 1.5
      vertex 270.818 -73.6748 1.5
    endloop
  endfacet
  facet normal 0 0 1
    outer loop
      vertex 257.031 -92.2246 1.5
      vertex 269.225 -92.2246 1.5
      vertex 269.225 -79.2246 1.5
    endloop
  endfacet
  facet normal 0 -0 1
    outer loop
      vertex 264.028 -97.9219 1.5
      vertex 269.225 -92.2246 1.5
      vertex 263.675 -97.7754 1.5
    endloop
  endfacet
  facet normal 0 0 1
    outer loop
      vertex 269.225 -98.2754 1.5
      vertex 264.175 -98.2754 1.5
      vertex 269.225 -111.275 1.5
    endloop
  endfacet
  facet normal 0 0 1
    outer loop
      vertex 269.225 -98.2754 1.5
      vertex 264.028 -97.9219 1.5
      vertex 264.175 -98.2754 1.5
    endloop
  endfacet
  facet normal 0 0 1
    outer loop
      vertex 269.371 -97.9219 1.5
      vertex 264.028 -97.9219 1.5
      vertex 269.225 -98.2754 1.5
    endloop
  endfacet
  facet normal 0 0 1
    outer loop
      vertex 269.371 -78.8711 1.5
      vertex 257.818 -73.6748 1.5
      vertex 269.225 -79.2246 1.5
    endloop
  endfacet
  facet normal 0 0 1
    outer loop
      vertex 269.225 -79.2246 1.5
      vertex 257.818 -73.6748 1.5
      vertex 257.031 -79.2246 1.5
    endloop
  endfacet
  facet normal 0 0 1
    outer loop
      vertex 255.881 -75.1748 1.5
      vertex 257.818 -73.6748 1.5
      vertex 257.465 -73.5283 1.5
    endloop
  endfacet
  facet normal 0 0 1
    outer loop
      vertex 255.881 -75.1748 1.5
      vertex 257.465 -73.5283 1.5
      vertex 257.318 -73.1748 1.5
    endloop
  endfacet
  facet normal 0 0 1
    outer loop
      vertex 269.225 -79.2246 1.5
      vertex 257.031 -79.2246 1.5
      vertex 257.031 -92.2246 1.5
    endloop
  endfacet
  facet normal 0 0 1
    outer loop
      vertex 269.225 -92.2246 1.5
      vertex 257.031 -92.2246 1.5
      vertex 263.675 -97.7754 1.5
    endloop
  endfacet
  facet normal -0 0 1
    outer loop
      vertex 256.885 -92.5781 1.5
      vertex 263.675 -97.7754 1.5
      vertex 257.031 -92.2246 1.5
    endloop
  endfacet
  facet normal -0 0 1
    outer loop
      vertex 256.531 -92.7246 1.5
      vertex 263.675 -97.7754 1.5
      vertex 256.885 -92.5781 1.5
    endloop
  endfacet
  facet normal 0 0 1
    outer loop
      vertex 256.531 -92.7246 1.5
      vertex 250.675 -97.7754 1.5
      vertex 263.675 -97.7754 1.5
    endloop
  endfacet
  facet normal -0 0 1
    outer loop
      vertex 243.531 -92.7246 1.5
      vertex 250.675 -97.7754 1.5
      vertex 256.531 -92.7246 1.5
    endloop
  endfacet
  facet normal 0 0 1
    outer loop
      vertex 250.175 -98.2754 1.5
      vertex 245.125 -98.2754 1.5
      vertex 250.175 -111.275 1.5
    endloop
  endfacet
  facet normal 0 0 1
    outer loop
      vertex 250.321 -97.9219 1.5
      vertex 245.125 -98.2754 1.5
      vertex 250.175 -98.2754 1.5
    endloop
  endfacet
  facet normal 0 0 1
    outer loop
      vertex 250.675 -97.7754 1.5
      vertex 243.531 -92.7246 1.5
      vertex 250.321 -97.9219 1.5
    endloop
  endfacet
  facet normal 0 0 1
    outer loop
      vertex 250.321 -97.9219 1.5
      vertex 244.979 -97.9219 1.5
      vertex 245.125 -98.2754 1.5
    endloop
  endfacet
  facet normal 0 0 1
    outer loop
      vertex 250.321 -97.9219 1.5
      vertex 243.531 -92.7246 1.5
      vertex 244.979 -97.9219 1.5
    endloop
  endfacet
  facet normal 0 0 1
    outer loop
      vertex 244.979 -97.9219 1.5
      vertex 243.531 -92.7246 1.5
      vertex 244.625 -97.7754 1.5
    endloop
  endfacet
  facet normal 0 0 1
    outer loop
      vertex 243.178 -92.5781 1.5
      vertex 244.625 -97.7754 1.5
      vertex 243.531 -92.7246 1.5
    endloop
  endfacet
  facet normal 0 0 1
    outer loop
      vertex 231.625 -97.7754 1.5
      vertex 243.178 -92.5781 1.5
      vertex 243.031 -92.2246 1.5
    endloop
  endfacet
  facet normal -0 0 1
    outer loop
      vertex 240.216 -73.5283 1.5
      vertex 243.531 -78.7246 1.5
      vertex 240.362 -73.1748 1.5
    endloop
  endfacet
  facet normal -0 0 1
    outer loop
      vertex 235.6 -54.125 1.5
      vertex 240.797 -54.4785 1.5
      vertex 240.65 -54.125 1.5
    endloop
  endfacet
  facet normal 0 0 1
    outer loop
      vertex 243.531 -78.7246 1.5
      vertex 240.216 -73.5283 1.5
      vertex 243.178 -78.8711 1.5
    endloop
  endfacet
  facet normal -0 0 1
    outer loop
      vertex 239.862 -73.6748 1.5
      vertex 243.178 -78.8711 1.5
      vertex 240.216 -73.5283 1.5
    endloop
  endfacet
  facet normal 0 0 1
    outer loop
      vertex 243.178 -78.8711 1.5
      vertex 239.862 -73.6748 1.5
      vertex 243.031 -79.2246 1.5
    endloop
  endfacet
  facet normal 0 0 1
    outer loop
      vertex 230.838 -79.2246 1.5
      vertex 243.031 -79.2246 1.5
      vertex 239.862 -73.6748 1.5
    endloop
  endfacet
  facet normal 0 0 1
    outer loop
      vertex 243.178 -92.5781 1.5
      vertex 231.625 -97.7754 1.5
      vertex 244.625 -97.7754 1.5
    endloop
  endfacet
  facet normal 0 0 1
    outer loop
      vertex 243.031 -79.2246 1.5
      vertex 230.838 -79.2246 1.5
      vertex 243.031 -92.2246 1.5
    endloop
  endfacet
  facet normal 0 0 1
    outer loop
      vertex 230.838 -92.2246 1.5
      vertex 243.031 -92.2246 1.5
      vertex 230.838 -79.2246 1.5
    endloop
  endfacet
  facet normal 0 0 1
    outer loop
      vertex 243.031 -92.2246 1.5
      vertex 230.838 -92.2246 1.5
      vertex 231.625 -97.7754 1.5
    endloop
  endfacet
  facet normal -0 0 1
    outer loop
      vertex 230.338 -92.7246 1.5
      vertex 231.625 -97.7754 1.5
      vertex 230.691 -92.5781 1.5
    endloop
  endfacet
  facet normal -0 0 1
    outer loop
      vertex 230.691 -92.5781 1.5
      vertex 231.625 -97.7754 1.5
      vertex 230.838 -92.2246 1.5
    endloop
  endfacet
  facet normal 0 0 1
    outer loop
      vertex 239.862 -73.6748 1.5
      vertex 230.691 -78.8711 1.5
      vertex 230.838 -79.2246 1.5
    endloop
  endfacet
  facet normal -0 0 1
    outer loop
      vertex 226.862 -73.6748 1.5
      vertex 230.691 -78.8711 1.5
      vertex 239.862 -73.6748 1.5
    endloop
  endfacet
  facet normal 0 0 1
    outer loop
      vertex 230.691 -78.8711 1.5
      vertex 226.862 -73.6748 1.5
      vertex 230.338 -78.7246 1.5
    endloop
  endfacet
  facet normal 0 0 1
    outer loop
      vertex 226.509 -73.5283 1.5
      vertex 230.338 -78.7246 1.5
      vertex 226.862 -73.6748 1.5
    endloop
  endfacet
  facet normal 0 0 1
    outer loop
      vertex 220.812 -59.6748 1.5
      vertex 222.1 -54.625 1.5
      vertex 221.746 -54.4785 1.5
    endloop
  endfacet
  facet normal -0 0 1
    outer loop
      vertex 216.55 -54.125 1.5
      vertex 221.746 -54.4785 1.5
      vertex 221.6 -54.125 1.5
    endloop
  endfacet
  facet normal 0 0 1
    outer loop
      vertex 226.362 -60.1748 1.5
      vertex 221.312 -60.1748 1.5
      vertex 226.362 -73.1748 1.5
    endloop
  endfacet
  facet normal 0 0 1
    outer loop
      vertex 221.312 -73.1748 1.5
      vertex 226.362 -73.1748 1.5
      vertex 221.312 -60.1748 1.5
    endloop
  endfacet
  facet normal -0 0 1
    outer loop
      vertex 221.312 -73.1748 1.5
      vertex 226.509 -73.5283 1.5
      vertex 226.362 -73.1748 1.5
    endloop
  endfacet
  facet normal 0 0 1
    outer loop
      vertex 221.166 -73.5283 1.5
      vertex 226.509 -73.5283 1.5
      vertex 221.312 -73.1748 1.5
    endloop
  endfacet
  facet normal 0 0 1
    outer loop
      vertex 226.509 -73.5283 1.5
      vertex 221.166 -73.5283 1.5
      vertex 230.338 -78.7246 1.5
    endloop
  endfacet
  facet normal 0 0 1
    outer loop
      vertex 217.338 -78.7246 1.5
      vertex 221.166 -73.5283 1.5
      vertex 220.812 -73.6748 1.5
    endloop
  endfacet
  facet normal 0 0 1
    outer loop
      vertex 221.166 -73.5283 1.5
      vertex 217.338 -78.7246 1.5
      vertex 230.338 -78.7246 1.5
    endloop
  endfacet
  facet normal 0 0 1
    outer loop
      vertex 220.812 -73.6748 1.5
      vertex 216.984 -78.8711 1.5
      vertex 217.338 -78.7246 1.5
    endloop
  endfacet
  facet normal -0 0 1
    outer loop
      vertex 211.787 -79.2246 1.5
      vertex 216.838 -92.2246 1.5
      vertex 216.838 -79.2246 1.5
    endloop
  endfacet
  facet normal 0 0 1
    outer loop
      vertex 211.787 -92.2246 1.5
      vertex 216.838 -92.2246 1.5
      vertex 211.787 -79.2246 1.5
    endloop
  endfacet
  facet normal 0 0 1
    outer loop
      vertex 211.641 -92.5781 1.5
      vertex 216.838 -92.2246 1.5
      vertex 211.787 -92.2246 1.5
    endloop
  endfacet
  facet normal -0 0 1
    outer loop
      vertex 211.287 -92.7246 1.5
      vertex 212.575 -97.7754 1.5
      vertex 211.641 -92.5781 1.5
    endloop
  endfacet
  facet normal 0 0 1
    outer loop
      vertex 216.984 -92.5781 1.5
      vertex 211.641 -92.5781 1.5
      vertex 212.575 -97.7754 1.5
    endloop
  endfacet
  facet normal 0 0 1
    outer loop
      vertex 216.984 -78.8711 1.5
      vertex 211.787 -79.2246 1.5
      vertex 216.838 -79.2246 1.5
    endloop
  endfacet
  facet normal 0 0 1
    outer loop
      vertex 211.641 -78.8711 1.5
      vertex 216.984 -78.8711 1.5
      vertex 220.812 -73.6748 1.5
    endloop
  endfacet
  facet normal 0 0 1
    outer loop
      vertex 216.984 -78.8711 1.5
      vertex 211.641 -78.8711 1.5
      vertex 211.787 -79.2246 1.5
    endloop
  endfacet
  facet normal -0 0 1
    outer loop
      vertex 207.812 -73.6748 1.5
      vertex 211.641 -78.8711 1.5
      vertex 220.812 -73.6748 1.5
    endloop
  endfacet
  facet normal 0 0 1
    outer loop
      vertex 211.641 -78.8711 1.5
      vertex 207.812 -73.6748 1.5
      vertex 211.287 -78.7246 1.5
    endloop
  endfacet
  facet normal 0 0 1
    outer loop
      vertex 207.459 -73.5283 1.5
      vertex 211.287 -78.7246 1.5
      vertex 207.812 -73.6748 1.5
    endloop
  endfacet
  facet normal 0 0 1
    outer loop
      vertex 201.763 -59.6748 1.5
      vertex 203.05 -54.625 1.5
      vertex 202.696 -54.4785 1.5
    endloop
  endfacet
  facet normal -0 0 1
    outer loop
      vertex 197.5 -54.125 1.5
      vertex 202.696 -54.4785 1.5
      vertex 202.55 -54.125 1.5
    endloop
  endfacet
  facet normal 0 0 1
    outer loop
      vertex 207.312 -60.1748 1.5
      vertex 202.263 -60.1748 1.5
      vertex 207.312 -73.1748 1.5
    endloop
  endfacet
  facet normal 0 0 1
    outer loop
      vertex 202.263 -73.1748 1.5
      vertex 207.312 -73.1748 1.5
      vertex 202.263 -60.1748 1.5
    endloop
  endfacet
  facet normal -0 0 1
    outer loop
      vertex 202.263 -73.1748 1.5
      vertex 207.459 -73.5283 1.5
      vertex 207.312 -73.1748 1.5
    endloop
  endfacet
  facet normal 0 0 1
    outer loop
      vertex 202.116 -73.5283 1.5
      vertex 207.459 -73.5283 1.5
      vertex 202.263 -73.1748 1.5
    endloop
  endfacet
  facet normal 0 0 1
    outer loop
      vertex 207.459 -73.5283 1.5
      vertex 202.116 -73.5283 1.5
      vertex 211.287 -78.7246 1.5
    endloop
  endfacet
  facet normal 0 0 1
    outer loop
      vertex 198.287 -78.7246 1.5
      vertex 202.116 -73.5283 1.5
      vertex 201.763 -73.6748 1.5
    endloop
  endfacet
  facet normal 0 0 1
    outer loop
      vertex 202.116 -73.5283 1.5
      vertex 198.287 -78.7246 1.5
      vertex 211.287 -78.7246 1.5
    endloop
  endfacet
  facet normal 0 0 1
    outer loop
      vertex 201.763 -73.6748 1.5
      vertex 197.934 -78.8711 1.5
      vertex 198.287 -78.7246 1.5
    endloop
  endfacet
  facet normal -0 0 1
    outer loop
      vertex 192.737 -79.2246 1.5
      vertex 197.787 -92.2246 1.5
      vertex 197.787 -79.2246 1.5
    endloop
  endfacet
  facet normal 0 0 1
    outer loop
      vertex 192.737 -92.2246 1.5
      vertex 197.787 -92.2246 1.5
      vertex 192.737 -79.2246 1.5
    endloop
  endfacet
  facet normal 0 0 1
    outer loop
      vertex 192.591 -92.5781 1.5
      vertex 197.787 -92.2246 1.5
      vertex 192.737 -92.2246 1.5
    endloop
  endfacet
  facet normal -0 0 1
    outer loop
      vertex 192.237 -92.7246 1.5
      vertex 193.525 -97.7754 1.5
      vertex 192.591 -92.5781 1.5
    endloop
  endfacet
  facet normal 0 0 1
    outer loop
      vertex 197.934 -92.5781 1.5
      vertex 192.591 -92.5781 1.5
      vertex 193.525 -97.7754 1.5
    endloop
  endfacet
  facet normal 0 0 1
    outer loop
      vertex 197.934 -78.8711 1.5
      vertex 192.737 -79.2246 1.5
      vertex 197.787 -79.2246 1.5
    endloop
  endfacet
  facet normal 0 0 1
    outer loop
      vertex 192.591 -78.8711 1.5
      vertex 197.934 -78.8711 1.5
      vertex 201.763 -73.6748 1.5
    endloop
  endfacet
  facet normal 0 0 1
    outer loop
      vertex 197.934 -78.8711 1.5
      vertex 192.591 -78.8711 1.5
      vertex 192.737 -79.2246 1.5
    endloop
  endfacet
  facet normal -0 0 1
    outer loop
      vertex 188.763 -73.6748 1.5
      vertex 192.591 -78.8711 1.5
      vertex 201.763 -73.6748 1.5
    endloop
  endfacet
  facet normal 0 0 1
    outer loop
      vertex 192.591 -78.8711 1.5
      vertex 188.763 -73.6748 1.5
      vertex 192.237 -78.7246 1.5
    endloop
  endfacet
  facet normal 0 0 1
    outer loop
      vertex 188.409 -73.5283 1.5
      vertex 192.237 -78.7246 1.5
      vertex 188.763 -73.6748 1.5
    endloop
  endfacet
  facet normal 0 0 1
    outer loop
      vertex 182.713 -59.6748 1.5
      vertex 184 -54.625 1.5
      vertex 183.646 -54.4785 1.5
    endloop
  endfacet
  facet normal -0 0 1
    outer loop
      vertex 178.45 -54.125 1.5
      vertex 183.646 -54.4785 1.5
      vertex 183.5 -54.125 1.5
    endloop
  endfacet
  facet normal 0 0 1
    outer loop
      vertex 188.263 -60.1748 1.5
      vertex 183.213 -60.1748 1.5
      vertex 188.263 -73.1748 1.5
    endloop
  endfacet
  facet normal 0 0 1
    outer loop
      vertex 183.213 -73.1748 1.5
      vertex 188.263 -73.1748 1.5
      vertex 183.213 -60.1748 1.5
    endloop
  endfacet
  facet normal -0 0 1
    outer loop
      vertex 183.213 -73.1748 1.5
      vertex 188.409 -73.5283 1.5
      vertex 188.263 -73.1748 1.5
    endloop
  endfacet
  facet normal 0 0 1
    outer loop
      vertex 183.066 -73.5283 1.5
      vertex 188.409 -73.5283 1.5
      vertex 183.213 -73.1748 1.5
    endloop
  endfacet
  facet normal 0 0 1
    outer loop
      vertex 188.409 -73.5283 1.5
      vertex 183.066 -73.5283 1.5
      vertex 192.237 -78.7246 1.5
    endloop
  endfacet
  facet normal 0 0 1
    outer loop
      vertex 179.237 -78.7246 1.5
      vertex 183.066 -73.5283 1.5
      vertex 182.713 -73.6748 1.5
    endloop
  endfacet
  facet normal 0 0 1
    outer loop
      vertex 183.066 -73.5283 1.5
      vertex 179.237 -78.7246 1.5
      vertex 192.237 -78.7246 1.5
    endloop
  endfacet
  facet normal 0 0 1
    outer loop
      vertex 182.713 -73.6748 1.5
      vertex 178.884 -78.8711 1.5
      vertex 179.237 -78.7246 1.5
    endloop
  endfacet
  facet normal -0 0 1
    outer loop
      vertex 173.688 -79.2246 1.5
      vertex 178.737 -92.2246 1.5
      vertex 178.737 -79.2246 1.5
    endloop
  endfacet
  facet normal 0 0 1
    outer loop
      vertex 173.688 -92.2246 1.5
      vertex 178.737 -92.2246 1.5
      vertex 173.688 -79.2246 1.5
    endloop
  endfacet
  facet normal 0 0 1
    outer loop
      vertex 178.884 -92.5781 1.5
      vertex 177.615 -98.9219 1.5
      vertex 177.969 -98.7754 1.5
    endloop
  endfacet
  facet normal 0 0 1
    outer loop
      vertex 178.884 -92.5781 1.5
      vertex 173.541 -92.5781 1.5
      vertex 177.615 -98.9219 1.5
    endloop
  endfacet
  facet normal 0 0 1
    outer loop
      vertex 173.541 -92.5781 1.5
      vertex 178.737 -92.2246 1.5
      vertex 173.688 -92.2246 1.5
    endloop
  endfacet
  facet normal 0 0 1
    outer loop
      vertex 178.884 -78.8711 1.5
      vertex 173.688 -79.2246 1.5
      vertex 178.737 -79.2246 1.5
    endloop
  endfacet
  facet normal 0 0 1
    outer loop
      vertex 173.541 -78.8711 1.5
      vertex 178.884 -78.8711 1.5
      vertex 182.713 -73.6748 1.5
    endloop
  endfacet
  facet normal 0 0 1
    outer loop
      vertex 178.884 -78.8711 1.5
      vertex 173.541 -78.8711 1.5
      vertex 173.688 -79.2246 1.5
    endloop
  endfacet
  facet normal -0 0 1
    outer loop
      vertex 169.713 -73.6748 1.5
      vertex 173.541 -78.8711 1.5
      vertex 182.713 -73.6748 1.5
    endloop
  endfacet
  facet normal 0 0 1
    outer loop
      vertex 173.541 -78.8711 1.5
      vertex 169.713 -73.6748 1.5
      vertex 173.188 -78.7246 1.5
    endloop
  endfacet
  facet normal 0 0 1
    outer loop
      vertex 169.359 -73.5283 1.5
      vertex 173.188 -78.7246 1.5
      vertex 169.713 -73.6748 1.5
    endloop
  endfacet
  facet normal 0 0 1
    outer loop
      vertex 163.662 -59.6748 1.5
      vertex 164.95 -54.625 1.5
      vertex 164.597 -54.4785 1.5
    endloop
  endfacet
  facet normal -0 0 1
    outer loop
      vertex 159.4 -54.125 1.5
      vertex 164.597 -54.4785 1.5
      vertex 164.45 -54.125 1.5
    endloop
  endfacet
  facet normal 0 0 1
    outer loop
      vertex 169.213 -60.1748 1.5
      vertex 164.162 -60.1748 1.5
      vertex 169.213 -73.1748 1.5
    endloop
  endfacet
  facet normal 0 0 1
    outer loop
      vertex 164.162 -73.1748 1.5
      vertex 169.213 -73.1748 1.5
      vertex 164.162 -60.1748 1.5
    endloop
  endfacet
  facet normal -0 0 1
    outer loop
      vertex 164.162 -73.1748 1.5
      vertex 169.359 -73.5283 1.5
      vertex 169.213 -73.1748 1.5
    endloop
  endfacet
  facet normal 0 0 1
    outer loop
      vertex 164.016 -73.5283 1.5
      vertex 169.359 -73.5283 1.5
      vertex 164.162 -73.1748 1.5
    endloop
  endfacet
  facet normal 0 0 1
    outer loop
      vertex 169.359 -73.5283 1.5
      vertex 164.016 -73.5283 1.5
      vertex 173.188 -78.7246 1.5
    endloop
  endfacet
  facet normal 0 0 1
    outer loop
      vertex 160.188 -78.7246 1.5
      vertex 164.016 -73.5283 1.5
      vertex 163.662 -73.6748 1.5
    endloop
  endfacet
  facet normal 0 0 1
    outer loop
      vertex 164.016 -73.5283 1.5
      vertex 160.188 -78.7246 1.5
      vertex 173.188 -78.7246 1.5
    endloop
  endfacet
  facet normal 0 0 1
    outer loop
      vertex 163.662 -73.6748 1.5
      vertex 159.834 -78.8711 1.5
      vertex 160.188 -78.7246 1.5
    endloop
  endfacet
  facet normal 0 0 1
    outer loop
      vertex 159.688 -79.2246 1.5
      vertex 154.638 -79.2246 1.5
      vertex 159.688 -92.2246 1.5
    endloop
  endfacet
  facet normal 0 0 1
    outer loop
      vertex 159.834 -78.8711 1.5
      vertex 154.638 -79.2246 1.5
      vertex 159.688 -79.2246 1.5
    endloop
  endfacet
  facet normal 0 0 1
    outer loop
      vertex 154.491 -78.8711 1.5
      vertex 159.834 -78.8711 1.5
      vertex 163.662 -73.6748 1.5
    endloop
  endfacet
  facet normal 0 0 1
    outer loop
      vertex 159.834 -78.8711 1.5
      vertex 154.491 -78.8711 1.5
      vertex 154.638 -79.2246 1.5
    endloop
  endfacet
  facet normal -0 0 1
    outer loop
      vertex 150.662 -73.6748 1.5
      vertex 154.491 -78.8711 1.5
      vertex 163.662 -73.6748 1.5
    endloop
  endfacet
  facet normal 0 0 1
    outer loop
      vertex 154.491 -78.8711 1.5
      vertex 150.662 -73.6748 1.5
      vertex 154.138 -78.7246 1.5
    endloop
  endfacet
  facet normal 0 0 1
    outer loop
      vertex 150.309 -73.5283 1.5
      vertex 154.138 -78.7246 1.5
      vertex 150.662 -73.6748 1.5
    endloop
  endfacet
  facet normal 0 0 1
    outer loop
      vertex 144.612 -59.6748 1.5
      vertex 145.9 -54.625 1.5
      vertex 145.547 -54.4785 1.5
    endloop
  endfacet
  facet normal -0 0 1
    outer loop
      vertex 140.35 -54.125 1.5
      vertex 145.547 -54.4785 1.5
      vertex 145.4 -54.125 1.5
    endloop
  endfacet
  facet normal 0 0 1
    outer loop
      vertex 150.162 -60.1748 1.5
      vertex 145.112 -60.1748 1.5
      vertex 150.162 -73.1748 1.5
    endloop
  endfacet
  facet normal 0 0 1
    outer loop
      vertex 145.112 -73.1748 1.5
      vertex 150.162 -73.1748 1.5
      vertex 145.112 -60.1748 1.5
    endloop
  endfacet
  facet normal -0 0 1
    outer loop
      vertex 145.112 -73.1748 1.5
      vertex 150.309 -73.5283 1.5
      vertex 150.162 -73.1748 1.5
    endloop
  endfacet
  facet normal 0 0 1
    outer loop
      vertex 144.966 -73.5283 1.5
      vertex 150.309 -73.5283 1.5
      vertex 145.112 -73.1748 1.5
    endloop
  endfacet
  facet normal 0 0 1
    outer loop
      vertex 150.309 -73.5283 1.5
      vertex 144.966 -73.5283 1.5
      vertex 154.138 -78.7246 1.5
    endloop
  endfacet
  facet normal 0 0 1
    outer loop
      vertex 141.138 -78.7246 1.5
      vertex 144.966 -73.5283 1.5
      vertex 144.612 -73.6748 1.5
    endloop
  endfacet
  facet normal 0 0 1
    outer loop
      vertex 144.966 -73.5283 1.5
      vertex 141.138 -78.7246 1.5
      vertex 154.138 -78.7246 1.5
    endloop
  endfacet
  facet normal 0 0 1
    outer loop
      vertex 144.612 -73.6748 1.5
      vertex 140.784 -78.8711 1.5
      vertex 141.138 -78.7246 1.5
    endloop
  endfacet
  facet normal -0 0 1
    outer loop
      vertex 135.588 -79.2246 1.5
      vertex 140.638 -92.2246 1.5
      vertex 140.638 -79.2246 1.5
    endloop
  endfacet
  facet normal 0 0 1
    outer loop
      vertex 141.138 -92.7246 1.5
      vertex 137.822 -97.9219 1.5
      vertex 137.969 -98.2754 1.5
    endloop
  endfacet
  facet normal 0 0 1
    outer loop
      vertex 140.784 -92.5781 1.5
      vertex 137.469 -97.7754 1.5
      vertex 137.822 -97.9219 1.5
    endloop
  endfacet
  facet normal 0 0 1
    outer loop
      vertex 135.588 -92.2246 1.5
      vertex 140.638 -92.2246 1.5
      vertex 135.588 -79.2246 1.5
    endloop
  endfacet
  facet normal 0 0 1
    outer loop
      vertex 140.784 -78.8711 1.5
      vertex 135.588 -79.2246 1.5
      vertex 140.638 -79.2246 1.5
    endloop
  endfacet
  facet normal 0 0 1
    outer loop
      vertex 135.441 -78.8711 1.5
      vertex 140.784 -78.8711 1.5
      vertex 144.612 -73.6748 1.5
    endloop
  endfacet
  facet normal 0 0 1
    outer loop
      vertex 140.784 -78.8711 1.5
      vertex 135.441 -78.8711 1.5
      vertex 135.588 -79.2246 1.5
    endloop
  endfacet
  facet normal -0 0 1
    outer loop
      vertex 131.612 -73.6748 1.5
      vertex 135.441 -78.8711 1.5
      vertex 144.612 -73.6748 1.5
    endloop
  endfacet
  facet normal 0 0 1
    outer loop
      vertex 135.441 -78.8711 1.5
      vertex 131.612 -73.6748 1.5
      vertex 135.088 -78.7246 1.5
    endloop
  endfacet
  facet normal 0 0 1
    outer loop
      vertex 131.259 -73.5283 1.5
      vertex 135.088 -78.7246 1.5
      vertex 131.612 -73.6748 1.5
    endloop
  endfacet
  facet normal 0 0 1
    outer loop
      vertex 125.562 -59.6748 1.5
      vertex 126.85 -54.625 1.5
      vertex 126.496 -54.4785 1.5
    endloop
  endfacet
  facet normal -0 0 1
    outer loop
      vertex 121.3 -54.125 1.5
      vertex 126.496 -54.4785 1.5
      vertex 126.35 -54.125 1.5
    endloop
  endfacet
  facet normal 0 0 1
    outer loop
      vertex 131.112 -60.1748 1.5
      vertex 126.062 -60.1748 1.5
      vertex 131.112 -73.1748 1.5
    endloop
  endfacet
  facet normal 0 0 1
    outer loop
      vertex 126.062 -73.1748 1.5
      vertex 131.112 -73.1748 1.5
      vertex 126.062 -60.1748 1.5
    endloop
  endfacet
  facet normal -0 0 1
    outer loop
      vertex 126.062 -73.1748 1.5
      vertex 131.259 -73.5283 1.5
      vertex 131.112 -73.1748 1.5
    endloop
  endfacet
  facet normal 0 0 1
    outer loop
      vertex 125.916 -73.5283 1.5
      vertex 131.259 -73.5283 1.5
      vertex 126.062 -73.1748 1.5
    endloop
  endfacet
  facet normal 0 0 1
    outer loop
      vertex 131.259 -73.5283 1.5
      vertex 125.916 -73.5283 1.5
      vertex 135.088 -78.7246 1.5
    endloop
  endfacet
  facet normal 0 0 1
    outer loop
      vertex 122.088 -78.7246 1.5
      vertex 125.916 -73.5283 1.5
      vertex 125.562 -73.6748 1.5
    endloop
  endfacet
  facet normal 0 0 1
    outer loop
      vertex 125.916 -73.5283 1.5
      vertex 122.088 -78.7246 1.5
      vertex 135.088 -78.7246 1.5
    endloop
  endfacet
  facet normal 0 0 1
    outer loop
      vertex 125.562 -73.6748 1.5
      vertex 121.734 -78.8711 1.5
      vertex 122.088 -78.7246 1.5
    endloop
  endfacet
  facet normal 0 0 1
    outer loop
      vertex 121.588 -79.2246 1.5
      vertex 116.537 -79.2246 1.5
      vertex 121.588 -92.2246 1.5
    endloop
  endfacet
  facet normal 0 0 1
    outer loop
      vertex 121.734 -78.8711 1.5
      vertex 116.537 -79.2246 1.5
      vertex 121.588 -79.2246 1.5
    endloop
  endfacet
  facet normal 0 0 1
    outer loop
      vertex 116.391 -78.8711 1.5
      vertex 121.734 -78.8711 1.5
      vertex 125.562 -73.6748 1.5
    endloop
  endfacet
  facet normal 0 0 1
    outer loop
      vertex 121.734 -78.8711 1.5
      vertex 116.391 -78.8711 1.5
      vertex 116.537 -79.2246 1.5
    endloop
  endfacet
  facet normal -0 0 1
    outer loop
      vertex 112.562 -73.6748 1.5
      vertex 116.391 -78.8711 1.5
      vertex 125.562 -73.6748 1.5
    endloop
  endfacet
  facet normal 0 0 1
    outer loop
      vertex 116.391 -78.8711 1.5
      vertex 112.562 -73.6748 1.5
      vertex 116.037 -78.7246 1.5
    endloop
  endfacet
  facet normal 0 0 1
    outer loop
      vertex 112.209 -73.5283 1.5
      vertex 116.037 -78.7246 1.5
      vertex 112.562 -73.6748 1.5
    endloop
  endfacet
  facet normal 0 0 1
    outer loop
      vertex 106.513 -59.6748 1.5
      vertex 107.8 -54.625 1.5
      vertex 107.446 -54.4785 1.5
    endloop
  endfacet
  facet normal -0 0 1
    outer loop
      vertex 102.25 -54.125 1.5
      vertex 107.446 -54.4785 1.5
      vertex 107.3 -54.125 1.5
    endloop
  endfacet
  facet normal 0 0 1
    outer loop
      vertex 112.062 -60.1748 1.5
      vertex 107.013 -60.1748 1.5
      vertex 112.062 -73.1748 1.5
    endloop
  endfacet
  facet normal 0 0 1
    outer loop
      vertex 107.013 -73.1748 1.5
      vertex 112.062 -73.1748 1.5
      vertex 107.013 -60.1748 1.5
    endloop
  endfacet
  facet normal -0 0 1
    outer loop
      vertex 107.013 -73.1748 1.5
      vertex 112.209 -73.5283 1.5
      vertex 112.062 -73.1748 1.5
    endloop
  endfacet
  facet normal 0 0 1
    outer loop
      vertex 106.866 -73.5283 1.5
      vertex 112.209 -73.5283 1.5
      vertex 107.013 -73.1748 1.5
    endloop
  endfacet
  facet normal 0 0 1
    outer loop
      vertex 112.209 -73.5283 1.5
      vertex 106.866 -73.5283 1.5
      vertex 116.037 -78.7246 1.5
    endloop
  endfacet
  facet normal 0 0 1
    outer loop
      vertex 103.037 -78.7246 1.5
      vertex 106.866 -73.5283 1.5
      vertex 106.513 -73.6748 1.5
    endloop
  endfacet
  facet normal 0 0 1
    outer loop
      vertex 106.866 -73.5283 1.5
      vertex 103.037 -78.7246 1.5
      vertex 116.037 -78.7246 1.5
    endloop
  endfacet
  facet normal 0 0 1
    outer loop
      vertex 106.513 -73.6748 1.5
      vertex 102.684 -78.8711 1.5
      vertex 103.037 -78.7246 1.5
    endloop
  endfacet
  facet normal 0 0 1
    outer loop
      vertex 102.537 -79.2246 1.5
      vertex 97.4873 -79.2246 1.5
      vertex 102.537 -92.2246 1.5
    endloop
  endfacet
  facet normal 0 0 1
    outer loop
      vertex 102.684 -78.8711 1.5
      vertex 97.4873 -79.2246 1.5
      vertex 102.537 -79.2246 1.5
    endloop
  endfacet
  facet normal 0 0 1
    outer loop
      vertex 97.3408 -78.8711 1.5
      vertex 102.684 -78.8711 1.5
      vertex 106.513 -73.6748 1.5
    endloop
  endfacet
  facet normal 0 0 1
    outer loop
      vertex 102.684 -78.8711 1.5
      vertex 97.3408 -78.8711 1.5
      vertex 97.4873 -79.2246 1.5
    endloop
  endfacet
  facet normal -0 0 1
    outer loop
      vertex 93.5127 -73.6748 1.5
      vertex 97.3408 -78.8711 1.5
      vertex 106.513 -73.6748 1.5
    endloop
  endfacet
  facet normal 0 0 1
    outer loop
      vertex 97.3408 -78.8711 1.5
      vertex 93.5127 -73.6748 1.5
      vertex 96.9873 -78.7246 1.5
    endloop
  endfacet
  facet normal 0 0 1
    outer loop
      vertex 93.1592 -73.5283 1.5
      vertex 96.9873 -78.7246 1.5
      vertex 93.5127 -73.6748 1.5
    endloop
  endfacet
  facet normal 0 0 1
    outer loop
      vertex 87.4629 -59.6748 1.5
      vertex 88.75 -54.625 1.5
      vertex 88.3965 -54.4785 1.5
    endloop
  endfacet
  facet normal -0 0 1
    outer loop
      vertex 83.2002 -54.125 1.5
      vertex 88.3965 -54.4785 1.5
      vertex 88.25 -54.125 1.5
    endloop
  endfacet
  facet normal 0 0 1
    outer loop
      vertex 93.0127 -60.1748 1.5
      vertex 87.9629 -60.1748 1.5
      vertex 93.0127 -73.1748 1.5
    endloop
  endfacet
  facet normal 0 0 1
    outer loop
      vertex 87.9629 -73.1748 1.5
      vertex 93.0127 -73.1748 1.5
      vertex 87.9629 -60.1748 1.5
    endloop
  endfacet
  facet normal -0 0 1
    outer loop
      vertex 87.9629 -73.1748 1.5
      vertex 93.1592 -73.5283 1.5
      vertex 93.0127 -73.1748 1.5
    endloop
  endfacet
  facet normal 0 0 1
    outer loop
      vertex 87.8164 -73.5283 1.5
      vertex 93.1592 -73.5283 1.5
      vertex 87.9629 -73.1748 1.5
    endloop
  endfacet
  facet normal 0 0 1
    outer loop
      vertex 93.1592 -73.5283 1.5
      vertex 87.8164 -73.5283 1.5
      vertex 96.9873 -78.7246 1.5
    endloop
  endfacet
  facet normal 0 0 1
    outer loop
      vertex 83.9873 -78.7246 1.5
      vertex 87.8164 -73.5283 1.5
      vertex 87.4629 -73.6748 1.5
    endloop
  endfacet
  facet normal 0 0 1
    outer loop
      vertex 87.8164 -73.5283 1.5
      vertex 83.9873 -78.7246 1.5
      vertex 96.9873 -78.7246 1.5
    endloop
  endfacet
  facet normal 0 0 1
    outer loop
      vertex 87.4629 -73.6748 1.5
      vertex 83.6338 -78.8711 1.5
      vertex 83.9873 -78.7246 1.5
    endloop
  endfacet
  facet normal 0 0 1
    outer loop
      vertex 83.4873 -79.2246 1.5
      vertex 78.4375 -79.2246 1.5
      vertex 83.4873 -92.2246 1.5
    endloop
  endfacet
  facet normal 0 0 1
    outer loop
      vertex 83.6338 -78.8711 1.5
      vertex 78.4375 -79.2246 1.5
      vertex 83.4873 -79.2246 1.5
    endloop
  endfacet
  facet normal 0 0 1
    outer loop
      vertex 78.291 -78.8711 1.5
      vertex 83.6338 -78.8711 1.5
      vertex 87.4629 -73.6748 1.5
    endloop
  endfacet
  facet normal 0 0 1
    outer loop
      vertex 83.6338 -78.8711 1.5
      vertex 78.291 -78.8711 1.5
      vertex 78.4375 -79.2246 1.5
    endloop
  endfacet
  facet normal -0 0 1
    outer loop
      vertex 74.4629 -73.6748 1.5
      vertex 78.291 -78.8711 1.5
      vertex 87.4629 -73.6748 1.5
    endloop
  endfacet
  facet normal 0 0 1
    outer loop
      vertex 78.291 -78.8711 1.5
      vertex 74.4629 -73.6748 1.5
      vertex 77.9375 -78.7246 1.5
    endloop
  endfacet
  facet normal 0 0 1
    outer loop
      vertex 74.1094 -73.5283 1.5
      vertex 77.9375 -78.7246 1.5
      vertex 74.4629 -73.6748 1.5
    endloop
  endfacet
  facet normal 0 0 1
    outer loop
      vertex 68.4121 -59.6748 1.5
      vertex 69.7002 -54.625 1.5
      vertex 69.3467 -54.4785 1.5
    endloop
  endfacet
  facet normal -0 0 1
    outer loop
      vertex 64.1504 -54.125 1.5
      vertex 69.3467 -54.4785 1.5
      vertex 69.2002 -54.125 1.5
    endloop
  endfacet
  facet normal 0 0 1
    outer loop
      vertex 73.9629 -60.1748 1.5
      vertex 68.9121 -60.1748 1.5
      vertex 73.9629 -73.1748 1.5
    endloop
  endfacet
  facet normal 0 0 1
    outer loop
      vertex 68.9121 -73.1748 1.5
      vertex 73.9629 -73.1748 1.5
      vertex 68.9121 -60.1748 1.5
    endloop
  endfacet
  facet normal -0 0 1
    outer loop
      vertex 68.9121 -73.1748 1.5
      vertex 74.1094 -73.5283 1.5
      vertex 73.9629 -73.1748 1.5
    endloop
  endfacet
  facet normal 0 0 1
    outer loop
      vertex 68.7656 -73.5283 1.5
      vertex 74.1094 -73.5283 1.5
      vertex 68.9121 -73.1748 1.5
    endloop
  endfacet
  facet normal 0 0 1
    outer loop
      vertex 74.1094 -73.5283 1.5
      vertex 68.7656 -73.5283 1.5
      vertex 77.9375 -78.7246 1.5
    endloop
  endfacet
  facet normal 0 0 1
    outer loop
      vertex 64.9375 -78.7246 1.5
      vertex 68.7656 -73.5283 1.5
      vertex 68.4121 -73.6748 1.5
    endloop
  endfacet
  facet normal 0 0 1
    outer loop
      vertex 68.7656 -73.5283 1.5
      vertex 64.9375 -78.7246 1.5
      vertex 77.9375 -78.7246 1.5
    endloop
  endfacet
  facet normal 0 0 1
    outer loop
      vertex 68.4121 -73.6748 1.5
      vertex 64.584 -78.8711 1.5
      vertex 64.9375 -78.7246 1.5
    endloop
  endfacet
  facet normal 0 0 1
    outer loop
      vertex 64.4375 -79.2246 1.5
      vertex 59.3877 -79.2246 1.5
      vertex 64.4375 -92.2246 1.5
    endloop
  endfacet
  facet normal 0 0 1
    outer loop
      vertex 64.584 -78.8711 1.5
      vertex 59.3877 -79.2246 1.5
      vertex 64.4375 -79.2246 1.5
    endloop
  endfacet
  facet normal 0 0 1
    outer loop
      vertex 59.2412 -78.8711 1.5
      vertex 64.584 -78.8711 1.5
      vertex 68.4121 -73.6748 1.5
    endloop
  endfacet
  facet normal 0 0 1
    outer loop
      vertex 64.584 -78.8711 1.5
      vertex 59.2412 -78.8711 1.5
      vertex 59.3877 -79.2246 1.5
    endloop
  endfacet
  facet normal -0 0 1
    outer loop
      vertex 55.4121 -73.6748 1.5
      vertex 59.2412 -78.8711 1.5
      vertex 68.4121 -73.6748 1.5
    endloop
  endfacet
  facet normal 0 0 1
    outer loop
      vertex 59.2412 -78.8711 1.5
      vertex 55.4121 -73.6748 1.5
      vertex 58.8877 -78.7246 1.5
    endloop
  endfacet
  facet normal 0 0 1
    outer loop
      vertex 55.0586 -73.5283 1.5
      vertex 58.8877 -78.7246 1.5
      vertex 55.4121 -73.6748 1.5
    endloop
  endfacet
  facet normal 0 0 1
    outer loop
      vertex 49.3623 -59.6748 1.5
      vertex 50.6504 -54.625 1.5
      vertex 50.2969 -54.4785 1.5
    endloop
  endfacet
  facet normal -0 0 1
    outer loop
      vertex 45.0996 -54.125 1.5
      vertex 50.2969 -54.4785 1.5
      vertex 50.1504 -54.125 1.5
    endloop
  endfacet
  facet normal 0 0 1
    outer loop
      vertex 54.9121 -60.1748 1.5
      vertex 49.8623 -60.1748 1.5
      vertex 54.9121 -73.1748 1.5
    endloop
  endfacet
  facet normal 0 0 1
    outer loop
      vertex 49.8623 -73.1748 1.5
      vertex 54.9121 -73.1748 1.5
      vertex 49.8623 -60.1748 1.5
    endloop
  endfacet
  facet normal -0 0 1
    outer loop
      vertex 49.8623 -73.1748 1.5
      vertex 55.0586 -73.5283 1.5
      vertex 54.9121 -73.1748 1.5
    endloop
  endfacet
  facet normal 0 0 1
    outer loop
      vertex 49.7158 -73.5283 1.5
      vertex 55.0586 -73.5283 1.5
      vertex 49.8623 -73.1748 1.5
    endloop
  endfacet
  facet normal 0 0 1
    outer loop
      vertex 55.0586 -73.5283 1.5
      vertex 49.7158 -73.5283 1.5
      vertex 58.8877 -78.7246 1.5
    endloop
  endfacet
  facet normal 0 0 1
    outer loop
      vertex 45.8877 -78.7246 1.5
      vertex 49.7158 -73.5283 1.5
      vertex 49.3623 -73.6748 1.5
    endloop
  endfacet
  facet normal 0 0 1
    outer loop
      vertex 49.7158 -73.5283 1.5
      vertex 45.8877 -78.7246 1.5
      vertex 58.8877 -78.7246 1.5
    endloop
  endfacet
  facet normal 0 0 1
    outer loop
      vertex 49.3623 -73.6748 1.5
      vertex 45.5342 -78.8711 1.5
      vertex 45.8877 -78.7246 1.5
    endloop
  endfacet
  facet normal -0 0 1
    outer loop
      vertex 36.8691 -80.2246 1.5
      vertex 45.3877 -92.2246 1.5
      vertex 45.3877 -79.2246 1.5
    endloop
  endfacet
  facet normal 0 0 1
    outer loop
      vertex 45.8877 -92.7246 1.5
      vertex 42.5723 -97.9219 1.5
      vertex 42.7188 -98.2754 1.5
    endloop
  endfacet
  facet normal 0 0 1
    outer loop
      vertex 45.5342 -92.5781 1.5
      vertex 42.2188 -97.7754 1.5
      vertex 42.5723 -97.9219 1.5
    endloop
  endfacet
  facet normal 0 0 1
    outer loop
      vertex 36.8691 -94.2246 1.5
      vertex 45.3877 -92.2246 1.5
      vertex 36.8691 -80.2246 1.5
    endloop
  endfacet
  facet normal 0 0 1
    outer loop
      vertex 36.7227 -79.8711 1.5
      vertex 45.3877 -79.2246 1.5
      vertex 45.5342 -78.8711 1.5
    endloop
  endfacet
  facet normal -0 0 1
    outer loop
      vertex 36.3623 -73.6748 1.5
      vertex 45.5342 -78.8711 1.5
      vertex 49.3623 -73.6748 1.5
    endloop
  endfacet
  facet normal 0 0 1
    outer loop
      vertex 45.3877 -79.2246 1.5
      vertex 36.7227 -79.8711 1.5
      vertex 36.8691 -80.2246 1.5
    endloop
  endfacet
  facet normal 0 0 1
    outer loop
      vertex 45.5342 -78.8711 1.5
      vertex 36.3623 -73.6748 1.5
      vertex 36.7227 -79.8711 1.5
    endloop
  endfacet
  facet normal 0 0 1
    outer loop
      vertex 36.7227 -79.8711 1.5
      vertex 36.3623 -73.6748 1.5
      vertex 36.3691 -79.7246 1.5
    endloop
  endfacet
  facet normal 0 0 1
    outer loop
      vertex 36.0088 -73.5283 1.5
      vertex 36.3691 -79.7246 1.5
      vertex 36.3623 -73.6748 1.5
    endloop
  endfacet
  facet normal 0 0 1
    outer loop
      vertex 30.3691 -79.7246 1.5
      vertex 36.0088 -73.5283 1.5
      vertex 35.8623 -73.1748 1.5
    endloop
  endfacet
  facet normal 0 0 1
    outer loop
      vertex 35.8623 -60.1748 1.5
      vertex 23.6689 -60.1748 1.5
      vertex 35.8623 -73.1748 1.5
    endloop
  endfacet
  facet normal 0 0 1
    outer loop
      vertex 23.6689 -60.1748 1.5
      vertex 31.5996 -54.625 1.5
      vertex 31.2461 -54.4785 1.5
    endloop
  endfacet
  facet normal 0 0 1
    outer loop
      vertex 23.5225 -59.8213 1.5
      vertex 31.2461 -54.4785 1.5
      vertex 31.0996 -54.125 1.5
    endloop
  endfacet
  facet normal 0 0 1
    outer loop
      vertex 23.6689 -73.1748 1.5
      vertex 35.8623 -73.1748 1.5
      vertex 23.6689 -60.1748 1.5
    endloop
  endfacet
  facet normal 0 0 1
    outer loop
      vertex 288.275 -54.125 1.5
      vertex 278.316 -54.4785 1.5
      vertex 279.61 -60.8213 1.5
    endloop
  endfacet
  facet normal 0 0 1
    outer loop
      vertex 279.61 -60.8213 1.5
      vertex 278.316 -54.4785 1.5
      vertex 279.257 -60.6748 1.5
    endloop
  endfacet
  facet normal -0 0 1
    outer loop
      vertex 277.963 -54.625 1.5
      vertex 279.257 -60.6748 1.5
      vertex 278.316 -54.4785 1.5
    endloop
  endfacet
  facet normal 0 0 1
    outer loop
      vertex 277.963 -54.625 1.5
      vertex 273.257 -60.6748 1.5
      vertex 279.257 -60.6748 1.5
    endloop
  endfacet
  facet normal -0 0 1
    outer loop
      vertex 271.172 -59.8213 1.5
      vertex 273.257 -60.6748 1.5
      vertex 277.963 -54.625 1.5
    endloop
  endfacet
  facet normal 0 0 1
    outer loop
      vertex 271.318 -73.1748 1.5
      vertex 272.757 -61.1748 1.5
      vertex 271.318 -60.1748 1.5
    endloop
  endfacet
  facet normal 0 0 1
    outer loop
      vertex 272.903 -60.8213 1.5
      vertex 271.318 -60.1748 1.5
      vertex 272.757 -61.1748 1.5
    endloop
  endfacet
  facet normal 0 0 1
    outer loop
      vertex 273.257 -60.6748 1.5
      vertex 271.172 -59.8213 1.5
      vertex 272.903 -60.8213 1.5
    endloop
  endfacet
  facet normal 0 0 1
    outer loop
      vertex 272.903 -60.8213 1.5
      vertex 271.172 -59.8213 1.5
      vertex 271.318 -60.1748 1.5
    endloop
  endfacet
  facet normal 0 0 1
    outer loop
      vertex 277.963 -54.625 1.5
      vertex 270.818 -59.6748 1.5
      vertex 271.172 -59.8213 1.5
    endloop
  endfacet
  facet normal -0 0 1
    outer loop
      vertex 264.963 -54.625 1.5
      vertex 270.818 -59.6748 1.5
      vertex 277.963 -54.625 1.5
    endloop
  endfacet
  facet normal 0 0 1
    outer loop
      vertex 257.818 -59.6748 1.5
      vertex 264.963 -54.625 1.5
      vertex 264.609 -54.4785 1.5
    endloop
  endfacet
  facet normal 0 0 1
    outer loop
      vertex 258.262 -37.0752 1.5
      vertex 260.2 -35.5752 1.5
      vertex 259.847 -35.4287 1.5
    endloop
  endfacet
  facet normal 0 0 1
    outer loop
      vertex 258.262 -37.0752 1.5
      vertex 259.847 -35.4287 1.5
      vertex 259.7 -35.0752 1.5
    endloop
  endfacet
  facet normal 0 0 1
    outer loop
      vertex 258.262 -37.0752 1.5
      vertex 259.7 -35.0752 1.5
      vertex 258.262 -23.0752 1.5
    endloop
  endfacet
  facet normal 0 0 1
    outer loop
      vertex 260.2 -35.5752 1.5
      vertex 258.262 -37.0752 1.5
      vertex 258.115 -37.4287 1.5
    endloop
  endfacet
  facet normal -0 0 1
    outer loop
      vertex 257.762 -37.5752 1.5
      vertex 264.463 -41.125 1.5
      vertex 258.115 -37.4287 1.5
    endloop
  endfacet
  facet normal 0 0 1
    outer loop
      vertex 264.963 -54.625 1.5
      vertex 257.818 -59.6748 1.5
      vertex 270.818 -59.6748 1.5
    endloop
  endfacet
  facet normal 0 0 1
    outer loop
      vertex 264.463 -54.125 1.5
      vertex 257.818 -59.6748 1.5
      vertex 264.609 -54.4785 1.5
    endloop
  endfacet
  facet normal 0 0 1
    outer loop
      vertex 264.463 -41.125 1.5
      vertex 254.65 -41.125 1.5
      vertex 264.463 -54.125 1.5
    endloop
  endfacet
  facet normal 0 0 1
    outer loop
      vertex 264.463 -41.125 1.5
      vertex 257.762 -37.5752 1.5
      vertex 254.65 -41.125 1.5
    endloop
  endfacet
  facet normal 0 0 1
    outer loop
      vertex 264.463 -54.125 1.5
      vertex 254.65 -54.125 1.5
      vertex 257.818 -59.6748 1.5
    endloop
  endfacet
  facet normal -0 0 1
    outer loop
      vertex 254.504 -54.4785 1.5
      vertex 257.818 -59.6748 1.5
      vertex 254.65 -54.125 1.5
    endloop
  endfacet
  facet normal -0 0 1
    outer loop
      vertex 255.881 -61.1748 1.5
      vertex 257.318 -73.1748 1.5
      vertex 257.318 -60.1748 1.5
    endloop
  endfacet
  facet normal 0 0 1
    outer loop
      vertex 257.818 -73.6748 1.5
      vertex 255.881 -75.1748 1.5
      vertex 256.885 -78.8711 1.5
    endloop
  endfacet
  facet normal 0 0 1
    outer loop
      vertex 257.818 -59.6748 1.5
      vertex 254.504 -54.4785 1.5
      vertex 257.465 -59.8213 1.5
    endloop
  endfacet
  facet normal 0 0 1
    outer loop
      vertex 257.318 -73.1748 1.5
      vertex 255.881 -61.1748 1.5
      vertex 255.881 -75.1748 1.5
    endloop
  endfacet
  facet normal 0 0 1
    outer loop
      vertex 257.818 -73.6748 1.5
      vertex 256.885 -78.8711 1.5
      vertex 257.031 -79.2246 1.5
    endloop
  endfacet
  facet normal -0 0 1
    outer loop
      vertex 254.15 -54.625 1.5
      vertex 257.465 -59.8213 1.5
      vertex 254.504 -54.4785 1.5
    endloop
  endfacet
  facet normal 0 0 1
    outer loop
      vertex 257.318 -60.1748 1.5
      vertex 255.734 -60.8213 1.5
      vertex 255.881 -61.1748 1.5
    endloop
  endfacet
  facet normal 0 0 1
    outer loop
      vertex 264.463 -54.125 1.5
      vertex 254.65 -41.125 1.5
      vertex 254.65 -54.125 1.5
    endloop
  endfacet
  facet normal 0 0 1
    outer loop
      vertex 257.762 -37.5752 1.5
      vertex 254.504 -40.7715 1.5
      vertex 254.65 -41.125 1.5
    endloop
  endfacet
  facet normal 0 0 1
    outer loop
      vertex 257.762 -37.5752 1.5
      vertex 254.15 -40.625 1.5
      vertex 254.504 -40.7715 1.5
    endloop
  endfacet
  facet normal -0 0 1
    outer loop
      vertex 251.762 -37.5752 1.5
      vertex 254.15 -40.625 1.5
      vertex 257.762 -37.5752 1.5
    endloop
  endfacet
  facet normal 0 0 1
    outer loop
      vertex 251.408 -37.4287 1.5
      vertex 254.15 -40.625 1.5
      vertex 251.762 -37.5752 1.5
    endloop
  endfacet
  facet normal 0 0 1
    outer loop
      vertex 251.408 -22.7217 1.5
      vertex 245.125 -22.0752 1.5
      vertex 251.262 -23.0752 1.5
    endloop
  endfacet
  facet normal -0 0 1
    outer loop
      vertex 245.125 -16.0254 1.5
      vertex 250.321 -16.3789 1.5
      vertex 250.175 -16.0254 1.5
    endloop
  endfacet
  facet normal 0 0 1
    outer loop
      vertex 245.125 -16.0254 1.5
      vertex 250.175 -16.0254 1.5
      vertex 245.125 -3.02539 1.5
    endloop
  endfacet
  facet normal 0 0 1
    outer loop
      vertex 244.979 -16.3789 1.5
      vertex 250.321 -16.3789 1.5
      vertex 245.125 -16.0254 1.5
    endloop
  endfacet
  facet normal 0 0 1
    outer loop
      vertex 245.125 -35.0752 1.5
      vertex 251.262 -23.0752 1.5
      vertex 245.125 -22.0752 1.5
    endloop
  endfacet
  facet normal 0 0 1
    outer loop
      vertex 251.262 -23.0752 1.5
      vertex 245.125 -35.0752 1.5
      vertex 251.262 -37.0752 1.5
    endloop
  endfacet
  facet normal -0 0 1
    outer loop
      vertex 244.979 -35.4287 1.5
      vertex 251.262 -37.0752 1.5
      vertex 245.125 -35.0752 1.5
    endloop
  endfacet
  facet normal 0 0 1
    outer loop
      vertex 251.262 -37.0752 1.5
      vertex 244.979 -35.4287 1.5
      vertex 251.408 -37.4287 1.5
    endloop
  endfacet
  facet normal -0 0 1
    outer loop
      vertex 244.625 -35.5752 1.5
      vertex 251.408 -37.4287 1.5
      vertex 244.979 -35.4287 1.5
    endloop
  endfacet
  facet normal 0 0 1
    outer loop
      vertex 251.408 -37.4287 1.5
      vertex 244.625 -35.5752 1.5
      vertex 241.15 -40.625 1.5
    endloop
  endfacet
  facet normal 0 0 1
    outer loop
      vertex 251.408 -37.4287 1.5
      vertex 241.15 -40.625 1.5
      vertex 254.15 -40.625 1.5
    endloop
  endfacet
  facet normal 0 0 1
    outer loop
      vertex 244.625 -35.5752 1.5
      vertex 240.797 -40.7715 1.5
      vertex 241.15 -40.625 1.5
    endloop
  endfacet
  facet normal -0 0 1
    outer loop
      vertex 235.6 -41.125 1.5
      vertex 240.65 -54.125 1.5
      vertex 240.65 -41.125 1.5
    endloop
  endfacet
  facet normal 0 0 1
    outer loop
      vertex 240.797 -54.4785 1.5
      vertex 240.216 -59.8213 1.5
      vertex 240.362 -60.1748 1.5
    endloop
  endfacet
  facet normal 0 0 1
    outer loop
      vertex 240.797 -54.4785 1.5
      vertex 239.862 -59.6748 1.5
      vertex 240.216 -59.8213 1.5
    endloop
  endfacet
  facet normal 0 0 1
    outer loop
      vertex 235.6 -54.125 1.5
      vertex 240.65 -54.125 1.5
      vertex 235.6 -41.125 1.5
    endloop
  endfacet
  facet normal 0 0 1
    outer loop
      vertex 240.797 -40.7715 1.5
      vertex 235.6 -41.125 1.5
      vertex 240.65 -41.125 1.5
    endloop
  endfacet
  facet normal 0 0 1
    outer loop
      vertex 235.453 -40.7715 1.5
      vertex 240.797 -40.7715 1.5
      vertex 244.625 -35.5752 1.5
    endloop
  endfacet
  facet normal 0 0 1
    outer loop
      vertex 240.797 -40.7715 1.5
      vertex 235.453 -40.7715 1.5
      vertex 235.6 -41.125 1.5
    endloop
  endfacet
  facet normal -0 0 1
    outer loop
      vertex 231.625 -35.5752 1.5
      vertex 235.453 -40.7715 1.5
      vertex 244.625 -35.5752 1.5
    endloop
  endfacet
  facet normal 0 0 1
    outer loop
      vertex 235.453 -40.7715 1.5
      vertex 231.625 -35.5752 1.5
      vertex 235.1 -40.625 1.5
    endloop
  endfacet
  facet normal 0 0 1
    outer loop
      vertex 231.271 -35.4287 1.5
      vertex 235.1 -40.625 1.5
      vertex 231.625 -35.5752 1.5
    endloop
  endfacet
  facet normal 0 0 1
    outer loop
      vertex 231.271 -21.7217 1.5
      vertex 226.075 -22.0752 1.5
      vertex 231.125 -22.0752 1.5
    endloop
  endfacet
  facet normal 0 0 1
    outer loop
      vertex 231.125 -22.0752 1.5
      vertex 226.075 -22.0752 1.5
      vertex 231.125 -35.0752 1.5
    endloop
  endfacet
  facet normal 0 0 1
    outer loop
      vertex 226.075 -35.0752 1.5
      vertex 231.125 -35.0752 1.5
      vertex 226.075 -22.0752 1.5
    endloop
  endfacet
  facet normal -0 0 1
    outer loop
      vertex 226.075 -35.0752 1.5
      vertex 231.271 -35.4287 1.5
      vertex 231.125 -35.0752 1.5
    endloop
  endfacet
  facet normal 0 0 1
    outer loop
      vertex 225.929 -35.4287 1.5
      vertex 231.271 -35.4287 1.5
      vertex 226.075 -35.0752 1.5
    endloop
  endfacet
  facet normal 0 0 1
    outer loop
      vertex 231.271 -35.4287 1.5
      vertex 225.929 -35.4287 1.5
      vertex 235.1 -40.625 1.5
    endloop
  endfacet
  facet normal 0 0 1
    outer loop
      vertex 222.1 -40.625 1.5
      vertex 225.929 -35.4287 1.5
      vertex 225.575 -35.5752 1.5
    endloop
  endfacet
  facet normal 0 0 1
    outer loop
      vertex 225.929 -35.4287 1.5
      vertex 222.1 -40.625 1.5
      vertex 235.1 -40.625 1.5
    endloop
  endfacet
  facet normal 0 0 1
    outer loop
      vertex 225.575 -35.5752 1.5
      vertex 221.746 -40.7715 1.5
      vertex 222.1 -40.625 1.5
    endloop
  endfacet
  facet normal -0 0 1
    outer loop
      vertex 216.55 -41.125 1.5
      vertex 221.6 -54.125 1.5
      vertex 221.6 -41.125 1.5
    endloop
  endfacet
  facet normal 0 0 1
    outer loop
      vertex 226.362 -60.1748 1.5
      vertex 221.166 -59.8213 1.5
      vertex 221.312 -60.1748 1.5
    endloop
  endfacet
  facet normal 0 0 1
    outer loop
      vertex 222.1 -54.625 1.5
      vertex 220.812 -59.6748 1.5
      vertex 221.166 -59.8213 1.5
    endloop
  endfacet
  facet normal 0 0 1
    outer loop
      vertex 216.55 -54.125 1.5
      vertex 221.6 -54.125 1.5
      vertex 216.55 -41.125 1.5
    endloop
  endfacet
  facet normal 0 0 1
    outer loop
      vertex 221.746 -40.7715 1.5
      vertex 216.55 -41.125 1.5
      vertex 221.6 -41.125 1.5
    endloop
  endfacet
  facet normal 0 0 1
    outer loop
      vertex 216.403 -40.7715 1.5
      vertex 221.746 -40.7715 1.5
      vertex 225.575 -35.5752 1.5
    endloop
  endfacet
  facet normal 0 0 1
    outer loop
      vertex 221.746 -40.7715 1.5
      vertex 216.403 -40.7715 1.5
      vertex 216.55 -41.125 1.5
    endloop
  endfacet
  facet normal -0 0 1
    outer loop
      vertex 212.575 -35.5752 1.5
      vertex 216.403 -40.7715 1.5
      vertex 225.575 -35.5752 1.5
    endloop
  endfacet
  facet normal 0 0 1
    outer loop
      vertex 216.403 -40.7715 1.5
      vertex 212.575 -35.5752 1.5
      vertex 216.05 -40.625 1.5
    endloop
  endfacet
  facet normal 0 0 1
    outer loop
      vertex 212.222 -35.4287 1.5
      vertex 216.05 -40.625 1.5
      vertex 212.575 -35.5752 1.5
    endloop
  endfacet
  facet normal 0 0 1
    outer loop
      vertex 212.222 -21.7217 1.5
      vertex 207.025 -22.0752 1.5
      vertex 212.075 -22.0752 1.5
    endloop
  endfacet
  facet normal 0 0 1
    outer loop
      vertex 212.075 -22.0752 1.5
      vertex 207.025 -22.0752 1.5
      vertex 212.075 -35.0752 1.5
    endloop
  endfacet
  facet normal 0 0 1
    outer loop
      vertex 207.025 -35.0752 1.5
      vertex 212.075 -35.0752 1.5
      vertex 207.025 -22.0752 1.5
    endloop
  endfacet
  facet normal -0 0 1
    outer loop
      vertex 207.025 -35.0752 1.5
      vertex 212.222 -35.4287 1.5
      vertex 212.075 -35.0752 1.5
    endloop
  endfacet
  facet normal 0 0 1
    outer loop
      vertex 206.879 -35.4287 1.5
      vertex 212.222 -35.4287 1.5
      vertex 207.025 -35.0752 1.5
    endloop
  endfacet
  facet normal 0 0 1
    outer loop
      vertex 212.222 -35.4287 1.5
      vertex 206.879 -35.4287 1.5
      vertex 216.05 -40.625 1.5
    endloop
  endfacet
  facet normal 0 0 1
    outer loop
      vertex 203.05 -40.625 1.5
      vertex 206.879 -35.4287 1.5
      vertex 206.525 -35.5752 1.5
    endloop
  endfacet
  facet normal 0 0 1
    outer loop
      vertex 206.879 -35.4287 1.5
      vertex 203.05 -40.625 1.5
      vertex 216.05 -40.625 1.5
    endloop
  endfacet
  facet normal 0 0 1
    outer loop
      vertex 206.525 -35.5752 1.5
      vertex 202.696 -40.7715 1.5
      vertex 203.05 -40.625 1.5
    endloop
  endfacet
  facet normal -0 0 1
    outer loop
      vertex 197.5 -41.125 1.5
      vertex 202.55 -54.125 1.5
      vertex 202.55 -41.125 1.5
    endloop
  endfacet
  facet normal 0 0 1
    outer loop
      vertex 207.312 -60.1748 1.5
      vertex 202.116 -59.8213 1.5
      vertex 202.263 -60.1748 1.5
    endloop
  endfacet
  facet normal 0 0 1
    outer loop
      vertex 203.05 -54.625 1.5
      vertex 201.763 -59.6748 1.5
      vertex 202.116 -59.8213 1.5
    endloop
  endfacet
  facet normal 0 0 1
    outer loop
      vertex 197.5 -54.125 1.5
      vertex 202.55 -54.125 1.5
      vertex 197.5 -41.125 1.5
    endloop
  endfacet
  facet normal 0 0 1
    outer loop
      vertex 202.696 -40.7715 1.5
      vertex 197.5 -41.125 1.5
      vertex 202.55 -41.125 1.5
    endloop
  endfacet
  facet normal 0 0 1
    outer loop
      vertex 197.354 -40.7715 1.5
      vertex 202.696 -40.7715 1.5
      vertex 206.525 -35.5752 1.5
    endloop
  endfacet
  facet normal 0 0 1
    outer loop
      vertex 202.696 -40.7715 1.5
      vertex 197.354 -40.7715 1.5
      vertex 197.5 -41.125 1.5
    endloop
  endfacet
  facet normal -0 0 1
    outer loop
      vertex 193.525 -35.5752 1.5
      vertex 197.354 -40.7715 1.5
      vertex 206.525 -35.5752 1.5
    endloop
  endfacet
  facet normal 0 0 1
    outer loop
      vertex 197.354 -40.7715 1.5
      vertex 193.525 -35.5752 1.5
      vertex 197 -40.625 1.5
    endloop
  endfacet
  facet normal 0 0 1
    outer loop
      vertex 193.172 -35.4287 1.5
      vertex 197 -40.625 1.5
      vertex 193.525 -35.5752 1.5
    endloop
  endfacet
  facet normal 0 0 1
    outer loop
      vertex 193.172 -21.7217 1.5
      vertex 187.975 -22.0752 1.5
      vertex 193.025 -22.0752 1.5
    endloop
  endfacet
  facet normal 0 0 1
    outer loop
      vertex 193.025 -22.0752 1.5
      vertex 187.975 -22.0752 1.5
      vertex 193.025 -35.0752 1.5
    endloop
  endfacet
  facet normal 0 0 1
    outer loop
      vertex 187.975 -35.0752 1.5
      vertex 193.025 -35.0752 1.5
      vertex 187.975 -22.0752 1.5
    endloop
  endfacet
  facet normal -0 0 1
    outer loop
      vertex 187.975 -35.0752 1.5
      vertex 193.172 -35.4287 1.5
      vertex 193.025 -35.0752 1.5
    endloop
  endfacet
  facet normal 0 0 1
    outer loop
      vertex 187.828 -35.4287 1.5
      vertex 193.172 -35.4287 1.5
      vertex 187.975 -35.0752 1.5
    endloop
  endfacet
  facet normal 0 0 1
    outer loop
      vertex 193.172 -35.4287 1.5
      vertex 187.828 -35.4287 1.5
      vertex 197 -40.625 1.5
    endloop
  endfacet
  facet normal 0 0 1
    outer loop
      vertex 184 -40.625 1.5
      vertex 187.828 -35.4287 1.5
      vertex 187.475 -35.5752 1.5
    endloop
  endfacet
  facet normal 0 0 1
    outer loop
      vertex 187.828 -35.4287 1.5
      vertex 184 -40.625 1.5
      vertex 197 -40.625 1.5
    endloop
  endfacet
  facet normal 0 0 1
    outer loop
      vertex 187.475 -35.5752 1.5
      vertex 183.646 -40.7715 1.5
      vertex 184 -40.625 1.5
    endloop
  endfacet
  facet normal -0 0 1
    outer loop
      vertex 178.45 -41.125 1.5
      vertex 183.5 -54.125 1.5
      vertex 183.5 -41.125 1.5
    endloop
  endfacet
  facet normal 0 0 1
    outer loop
      vertex 188.263 -60.1748 1.5
      vertex 183.066 -59.8213 1.5
      vertex 183.213 -60.1748 1.5
    endloop
  endfacet
  facet normal 0 0 1
    outer loop
      vertex 184 -54.625 1.5
      vertex 182.713 -59.6748 1.5
      vertex 183.066 -59.8213 1.5
    endloop
  endfacet
  facet normal 0 0 1
    outer loop
      vertex 178.45 -54.125 1.5
      vertex 183.5 -54.125 1.5
      vertex 178.45 -41.125 1.5
    endloop
  endfacet
  facet normal 0 0 1
    outer loop
      vertex 183.646 -40.7715 1.5
      vertex 178.45 -41.125 1.5
      vertex 183.5 -41.125 1.5
    endloop
  endfacet
  facet normal 0 0 1
    outer loop
      vertex 178.304 -40.7715 1.5
      vertex 183.646 -40.7715 1.5
      vertex 187.475 -35.5752 1.5
    endloop
  endfacet
  facet normal 0 0 1
    outer loop
      vertex 183.646 -40.7715 1.5
      vertex 178.304 -40.7715 1.5
      vertex 178.45 -41.125 1.5
    endloop
  endfacet
  facet normal -0 0 1
    outer loop
      vertex 174.475 -35.5752 1.5
      vertex 178.304 -40.7715 1.5
      vertex 187.475 -35.5752 1.5
    endloop
  endfacet
  facet normal 0 0 1
    outer loop
      vertex 178.304 -40.7715 1.5
      vertex 174.475 -35.5752 1.5
      vertex 177.95 -40.625 1.5
    endloop
  endfacet
  facet normal 0 0 1
    outer loop
      vertex 174.121 -35.4287 1.5
      vertex 177.95 -40.625 1.5
      vertex 174.475 -35.5752 1.5
    endloop
  endfacet
  facet normal 0 0 1
    outer loop
      vertex 174.121 -21.7217 1.5
      vertex 168.925 -22.0752 1.5
      vertex 173.975 -22.0752 1.5
    endloop
  endfacet
  facet normal 0 0 1
    outer loop
      vertex 173.975 -22.0752 1.5
      vertex 168.925 -22.0752 1.5
      vertex 173.975 -35.0752 1.5
    endloop
  endfacet
  facet normal 0 0 1
    outer loop
      vertex 168.925 -35.0752 1.5
      vertex 173.975 -35.0752 1.5
      vertex 168.925 -22.0752 1.5
    endloop
  endfacet
  facet normal -0 0 1
    outer loop
      vertex 168.925 -35.0752 1.5
      vertex 174.121 -35.4287 1.5
      vertex 173.975 -35.0752 1.5
    endloop
  endfacet
  facet normal 0 0 1
    outer loop
      vertex 168.778 -35.4287 1.5
      vertex 174.121 -35.4287 1.5
      vertex 168.925 -35.0752 1.5
    endloop
  endfacet
  facet normal 0 0 1
    outer loop
      vertex 174.121 -35.4287 1.5
      vertex 168.778 -35.4287 1.5
      vertex 177.95 -40.625 1.5
    endloop
  endfacet
  facet normal 0 0 1
    outer loop
      vertex 164.95 -40.625 1.5
      vertex 168.778 -35.4287 1.5
      vertex 168.425 -35.5752 1.5
    endloop
  endfacet
  facet normal 0 0 1
    outer loop
      vertex 168.778 -35.4287 1.5
      vertex 164.95 -40.625 1.5
      vertex 177.95 -40.625 1.5
    endloop
  endfacet
  facet normal 0 0 1
    outer loop
      vertex 168.425 -35.5752 1.5
      vertex 164.597 -40.7715 1.5
      vertex 164.95 -40.625 1.5
    endloop
  endfacet
  facet normal -0 0 1
    outer loop
      vertex 159.4 -41.125 1.5
      vertex 164.45 -54.125 1.5
      vertex 164.45 -41.125 1.5
    endloop
  endfacet
  facet normal 0 0 1
    outer loop
      vertex 169.213 -60.1748 1.5
      vertex 164.016 -59.8213 1.5
      vertex 164.162 -60.1748 1.5
    endloop
  endfacet
  facet normal 0 0 1
    outer loop
      vertex 164.95 -54.625 1.5
      vertex 163.662 -59.6748 1.5
      vertex 164.016 -59.8213 1.5
    endloop
  endfacet
  facet normal 0 0 1
    outer loop
      vertex 159.4 -54.125 1.5
      vertex 164.45 -54.125 1.5
      vertex 159.4 -41.125 1.5
    endloop
  endfacet
  facet normal 0 0 1
    outer loop
      vertex 164.597 -40.7715 1.5
      vertex 159.4 -41.125 1.5
      vertex 164.45 -41.125 1.5
    endloop
  endfacet
  facet normal 0 0 1
    outer loop
      vertex 159.254 -40.7715 1.5
      vertex 164.597 -40.7715 1.5
      vertex 168.425 -35.5752 1.5
    endloop
  endfacet
  facet normal 0 0 1
    outer loop
      vertex 164.597 -40.7715 1.5
      vertex 159.254 -40.7715 1.5
      vertex 159.4 -41.125 1.5
    endloop
  endfacet
  facet normal -0 0 1
    outer loop
      vertex 155.425 -35.5752 1.5
      vertex 159.254 -40.7715 1.5
      vertex 168.425 -35.5752 1.5
    endloop
  endfacet
  facet normal 0 0 1
    outer loop
      vertex 159.254 -40.7715 1.5
      vertex 155.425 -35.5752 1.5
      vertex 158.9 -40.625 1.5
    endloop
  endfacet
  facet normal 0 0 1
    outer loop
      vertex 155.071 -35.4287 1.5
      vertex 158.9 -40.625 1.5
      vertex 155.425 -35.5752 1.5
    endloop
  endfacet
  facet normal 0 0 1
    outer loop
      vertex 155.071 -21.7217 1.5
      vertex 149.875 -22.0752 1.5
      vertex 154.925 -22.0752 1.5
    endloop
  endfacet
  facet normal 0 0 1
    outer loop
      vertex 154.925 -22.0752 1.5
      vertex 149.875 -22.0752 1.5
      vertex 154.925 -35.0752 1.5
    endloop
  endfacet
  facet normal 0 0 1
    outer loop
      vertex 149.875 -35.0752 1.5
      vertex 154.925 -35.0752 1.5
      vertex 149.875 -22.0752 1.5
    endloop
  endfacet
  facet normal -0 0 1
    outer loop
      vertex 149.875 -35.0752 1.5
      vertex 155.071 -35.4287 1.5
      vertex 154.925 -35.0752 1.5
    endloop
  endfacet
  facet normal 0 0 1
    outer loop
      vertex 149.729 -35.4287 1.5
      vertex 155.071 -35.4287 1.5
      vertex 149.875 -35.0752 1.5
    endloop
  endfacet
  facet normal 0 0 1
    outer loop
      vertex 155.071 -35.4287 1.5
      vertex 149.729 -35.4287 1.5
      vertex 158.9 -40.625 1.5
    endloop
  endfacet
  facet normal 0 0 1
    outer loop
      vertex 145.9 -40.625 1.5
      vertex 149.729 -35.4287 1.5
      vertex 149.375 -35.5752 1.5
    endloop
  endfacet
  facet normal 0 0 1
    outer loop
      vertex 149.729 -35.4287 1.5
      vertex 145.9 -40.625 1.5
      vertex 158.9 -40.625 1.5
    endloop
  endfacet
  facet normal 0 0 1
    outer loop
      vertex 149.375 -35.5752 1.5
      vertex 145.547 -40.7715 1.5
      vertex 145.9 -40.625 1.5
    endloop
  endfacet
  facet normal -0 0 1
    outer loop
      vertex 140.35 -41.125 1.5
      vertex 145.4 -54.125 1.5
      vertex 145.4 -41.125 1.5
    endloop
  endfacet
  facet normal 0 0 1
    outer loop
      vertex 150.162 -60.1748 1.5
      vertex 144.966 -59.8213 1.5
      vertex 145.112 -60.1748 1.5
    endloop
  endfacet
  facet normal 0 0 1
    outer loop
      vertex 145.9 -54.625 1.5
      vertex 144.612 -59.6748 1.5
      vertex 144.966 -59.8213 1.5
    endloop
  endfacet
  facet normal 0 0 1
    outer loop
      vertex 140.35 -54.125 1.5
      vertex 145.4 -54.125 1.5
      vertex 140.35 -41.125 1.5
    endloop
  endfacet
  facet normal 0 0 1
    outer loop
      vertex 145.547 -40.7715 1.5
      vertex 140.35 -41.125 1.5
      vertex 145.4 -41.125 1.5
    endloop
  endfacet
  facet normal 0 0 1
    outer loop
      vertex 140.203 -40.7715 1.5
      vertex 145.547 -40.7715 1.5
      vertex 149.375 -35.5752 1.5
    endloop
  endfacet
  facet normal 0 0 1
    outer loop
      vertex 145.547 -40.7715 1.5
      vertex 140.203 -40.7715 1.5
      vertex 140.35 -41.125 1.5
    endloop
  endfacet
  facet normal -0 0 1
    outer loop
      vertex 136.375 -35.5752 1.5
      vertex 140.203 -40.7715 1.5
      vertex 149.375 -35.5752 1.5
    endloop
  endfacet
  facet normal 0 0 1
    outer loop
      vertex 140.203 -40.7715 1.5
      vertex 136.375 -35.5752 1.5
      vertex 139.85 -40.625 1.5
    endloop
  endfacet
  facet normal 0 0 1
    outer loop
      vertex 136.021 -35.4287 1.5
      vertex 139.85 -40.625 1.5
      vertex 136.375 -35.5752 1.5
    endloop
  endfacet
  facet normal 0 0 1
    outer loop
      vertex 136.021 -21.7217 1.5
      vertex 130.825 -22.0752 1.5
      vertex 135.875 -22.0752 1.5
    endloop
  endfacet
  facet normal 0 0 1
    outer loop
      vertex 135.875 -22.0752 1.5
      vertex 130.825 -22.0752 1.5
      vertex 135.875 -35.0752 1.5
    endloop
  endfacet
  facet normal 0 0 1
    outer loop
      vertex 130.825 -35.0752 1.5
      vertex 135.875 -35.0752 1.5
      vertex 130.825 -22.0752 1.5
    endloop
  endfacet
  facet normal -0 0 1
    outer loop
      vertex 130.825 -35.0752 1.5
      vertex 136.021 -35.4287 1.5
      vertex 135.875 -35.0752 1.5
    endloop
  endfacet
  facet normal 0 0 1
    outer loop
      vertex 130.679 -35.4287 1.5
      vertex 136.021 -35.4287 1.5
      vertex 130.825 -35.0752 1.5
    endloop
  endfacet
  facet normal 0 0 1
    outer loop
      vertex 136.021 -35.4287 1.5
      vertex 130.679 -35.4287 1.5
      vertex 139.85 -40.625 1.5
    endloop
  endfacet
  facet normal 0 0 1
    outer loop
      vertex 126.85 -40.625 1.5
      vertex 130.679 -35.4287 1.5
      vertex 130.325 -35.5752 1.5
    endloop
  endfacet
  facet normal 0 0 1
    outer loop
      vertex 130.679 -35.4287 1.5
      vertex 126.85 -40.625 1.5
      vertex 139.85 -40.625 1.5
    endloop
  endfacet
  facet normal 0 0 1
    outer loop
      vertex 130.325 -35.5752 1.5
      vertex 126.496 -40.7715 1.5
      vertex 126.85 -40.625 1.5
    endloop
  endfacet
  facet normal -0 0 1
    outer loop
      vertex 121.3 -41.125 1.5
      vertex 126.35 -54.125 1.5
      vertex 126.35 -41.125 1.5
    endloop
  endfacet
  facet normal 0 0 1
    outer loop
      vertex 131.112 -60.1748 1.5
      vertex 125.916 -59.8213 1.5
      vertex 126.062 -60.1748 1.5
    endloop
  endfacet
  facet normal 0 0 1
    outer loop
      vertex 126.85 -54.625 1.5
      vertex 125.562 -59.6748 1.5
      vertex 125.916 -59.8213 1.5
    endloop
  endfacet
  facet normal 0 0 1
    outer loop
      vertex 121.3 -54.125 1.5
      vertex 126.35 -54.125 1.5
      vertex 121.3 -41.125 1.5
    endloop
  endfacet
  facet normal 0 0 1
    outer loop
      vertex 126.496 -40.7715 1.5
      vertex 121.3 -41.125 1.5
      vertex 126.35 -41.125 1.5
    endloop
  endfacet
  facet normal 0 0 1
    outer loop
      vertex 121.153 -40.7715 1.5
      vertex 126.496 -40.7715 1.5
      vertex 130.325 -35.5752 1.5
    endloop
  endfacet
  facet normal 0 0 1
    outer loop
      vertex 126.496 -40.7715 1.5
      vertex 121.153 -40.7715 1.5
      vertex 121.3 -41.125 1.5
    endloop
  endfacet
  facet normal -0 0 1
    outer loop
      vertex 117.325 -35.5752 1.5
      vertex 121.153 -40.7715 1.5
      vertex 130.325 -35.5752 1.5
    endloop
  endfacet
  facet normal 0 0 1
    outer loop
      vertex 121.153 -40.7715 1.5
      vertex 117.325 -35.5752 1.5
      vertex 120.8 -40.625 1.5
    endloop
  endfacet
  facet normal 0 0 1
    outer loop
      vertex 116.972 -35.4287 1.5
      vertex 120.8 -40.625 1.5
      vertex 117.325 -35.5752 1.5
    endloop
  endfacet
  facet normal 0 0 1
    outer loop
      vertex 116.972 -21.7217 1.5
      vertex 111.775 -22.0752 1.5
      vertex 116.825 -22.0752 1.5
    endloop
  endfacet
  facet normal 0 0 1
    outer loop
      vertex 116.825 -22.0752 1.5
      vertex 111.775 -22.0752 1.5
      vertex 116.825 -35.0752 1.5
    endloop
  endfacet
  facet normal 0 0 1
    outer loop
      vertex 111.775 -35.0752 1.5
      vertex 116.825 -35.0752 1.5
      vertex 111.775 -22.0752 1.5
    endloop
  endfacet
  facet normal -0 0 1
    outer loop
      vertex 111.775 -35.0752 1.5
      vertex 116.972 -35.4287 1.5
      vertex 116.825 -35.0752 1.5
    endloop
  endfacet
  facet normal 0 0 1
    outer loop
      vertex 111.629 -35.4287 1.5
      vertex 116.972 -35.4287 1.5
      vertex 111.775 -35.0752 1.5
    endloop
  endfacet
  facet normal 0 0 1
    outer loop
      vertex 116.972 -35.4287 1.5
      vertex 111.629 -35.4287 1.5
      vertex 120.8 -40.625 1.5
    endloop
  endfacet
  facet normal 0 0 1
    outer loop
      vertex 107.8 -40.625 1.5
      vertex 111.629 -35.4287 1.5
      vertex 111.275 -35.5752 1.5
    endloop
  endfacet
  facet normal 0 0 1
    outer loop
      vertex 111.629 -35.4287 1.5
      vertex 107.8 -40.625 1.5
      vertex 120.8 -40.625 1.5
    endloop
  endfacet
  facet normal 0 0 1
    outer loop
      vertex 111.275 -35.5752 1.5
      vertex 107.446 -40.7715 1.5
      vertex 107.8 -40.625 1.5
    endloop
  endfacet
  facet normal -0 0 1
    outer loop
      vertex 102.25 -41.125 1.5
      vertex 107.3 -54.125 1.5
      vertex 107.3 -41.125 1.5
    endloop
  endfacet
  facet normal 0 0 1
    outer loop
      vertex 112.062 -60.1748 1.5
      vertex 106.866 -59.8213 1.5
      vertex 107.013 -60.1748 1.5
    endloop
  endfacet
  facet normal 0 0 1
    outer loop
      vertex 107.8 -54.625 1.5
      vertex 106.513 -59.6748 1.5
      vertex 106.866 -59.8213 1.5
    endloop
  endfacet
  facet normal 0 0 1
    outer loop
      vertex 102.25 -54.125 1.5
      vertex 107.3 -54.125 1.5
      vertex 102.25 -41.125 1.5
    endloop
  endfacet
  facet normal 0 0 1
    outer loop
      vertex 107.446 -40.7715 1.5
      vertex 102.25 -41.125 1.5
      vertex 107.3 -41.125 1.5
    endloop
  endfacet
  facet normal 0 0 1
    outer loop
      vertex 102.104 -40.7715 1.5
      vertex 107.446 -40.7715 1.5
      vertex 111.275 -35.5752 1.5
    endloop
  endfacet
  facet normal 0 0 1
    outer loop
      vertex 107.446 -40.7715 1.5
      vertex 102.104 -40.7715 1.5
      vertex 102.25 -41.125 1.5
    endloop
  endfacet
  facet normal -0 0 1
    outer loop
      vertex 98.2754 -35.5752 1.5
      vertex 102.104 -40.7715 1.5
      vertex 111.275 -35.5752 1.5
    endloop
  endfacet
  facet normal 0 0 1
    outer loop
      vertex 102.104 -40.7715 1.5
      vertex 98.2754 -35.5752 1.5
      vertex 101.75 -40.625 1.5
    endloop
  endfacet
  facet normal 0 0 1
    outer loop
      vertex 97.9219 -35.4287 1.5
      vertex 101.75 -40.625 1.5
      vertex 98.2754 -35.5752 1.5
    endloop
  endfacet
  facet normal 0 0 1
    outer loop
      vertex 97.9219 -21.7217 1.5
      vertex 92.7246 -22.0752 1.5
      vertex 97.7754 -22.0752 1.5
    endloop
  endfacet
  facet normal 0 0 1
    outer loop
      vertex 97.7754 -22.0752 1.5
      vertex 92.7246 -22.0752 1.5
      vertex 97.7754 -35.0752 1.5
    endloop
  endfacet
  facet normal 0 0 1
    outer loop
      vertex 92.7246 -35.0752 1.5
      vertex 97.7754 -35.0752 1.5
      vertex 92.7246 -22.0752 1.5
    endloop
  endfacet
  facet normal -0 0 1
    outer loop
      vertex 92.7246 -35.0752 1.5
      vertex 97.9219 -35.4287 1.5
      vertex 97.7754 -35.0752 1.5
    endloop
  endfacet
  facet normal 0 0 1
    outer loop
      vertex 92.5781 -35.4287 1.5
      vertex 97.9219 -35.4287 1.5
      vertex 92.7246 -35.0752 1.5
    endloop
  endfacet
  facet normal 0 0 1
    outer loop
      vertex 97.9219 -35.4287 1.5
      vertex 92.5781 -35.4287 1.5
      vertex 101.75 -40.625 1.5
    endloop
  endfacet
  facet normal 0 0 1
    outer loop
      vertex 88.75 -40.625 1.5
      vertex 92.5781 -35.4287 1.5
      vertex 92.2246 -35.5752 1.5
    endloop
  endfacet
  facet normal 0 0 1
    outer loop
      vertex 92.5781 -35.4287 1.5
      vertex 88.75 -40.625 1.5
      vertex 101.75 -40.625 1.5
    endloop
  endfacet
  facet normal 0 0 1
    outer loop
      vertex 92.2246 -35.5752 1.5
      vertex 88.3965 -40.7715 1.5
      vertex 88.75 -40.625 1.5
    endloop
  endfacet
  facet normal -0 0 1
    outer loop
      vertex 83.2002 -41.125 1.5
      vertex 88.25 -54.125 1.5
      vertex 88.25 -41.125 1.5
    endloop
  endfacet
  facet normal 0 0 1
    outer loop
      vertex 93.0127 -60.1748 1.5
      vertex 87.8164 -59.8213 1.5
      vertex 87.9629 -60.1748 1.5
    endloop
  endfacet
  facet normal 0 0 1
    outer loop
      vertex 88.75 -54.625 1.5
      vertex 87.4629 -59.6748 1.5
      vertex 87.8164 -59.8213 1.5
    endloop
  endfacet
  facet normal 0 0 1
    outer loop
      vertex 83.2002 -54.125 1.5
      vertex 88.25 -54.125 1.5
      vertex 83.2002 -41.125 1.5
    endloop
  endfacet
  facet normal 0 0 1
    outer loop
      vertex 88.3965 -40.7715 1.5
      vertex 83.2002 -41.125 1.5
      vertex 88.25 -41.125 1.5
    endloop
  endfacet
  facet normal 0 0 1
    outer loop
      vertex 83.0537 -40.7715 1.5
      vertex 88.3965 -40.7715 1.5
      vertex 92.2246 -35.5752 1.5
    endloop
  endfacet
  facet normal 0 0 1
    outer loop
      vertex 88.3965 -40.7715 1.5
      vertex 83.0537 -40.7715 1.5
      vertex 83.2002 -41.125 1.5
    endloop
  endfacet
  facet normal -0 0 1
    outer loop
      vertex 79.2246 -35.5752 1.5
      vertex 83.0537 -40.7715 1.5
      vertex 92.2246 -35.5752 1.5
    endloop
  endfacet
  facet normal 0 0 1
    outer loop
      vertex 83.0537 -40.7715 1.5
      vertex 79.2246 -35.5752 1.5
      vertex 82.7002 -40.625 1.5
    endloop
  endfacet
  facet normal 0 0 1
    outer loop
      vertex 78.8711 -35.4287 1.5
      vertex 82.7002 -40.625 1.5
      vertex 79.2246 -35.5752 1.5
    endloop
  endfacet
  facet normal 0 0 1
    outer loop
      vertex 73.5283 -21.7217 1.5
      vertex 78.8711 -21.7217 1.5
      vertex 73.5283 -16.3789 1.5
    endloop
  endfacet
  facet normal 0 0 1
    outer loop
      vertex 78.7246 -22.0752 1.5
      vertex 73.6748 -22.0752 1.5
      vertex 78.7246 -35.0752 1.5
    endloop
  endfacet
  facet normal 0 0 1
    outer loop
      vertex 73.6748 -35.0752 1.5
      vertex 78.7246 -35.0752 1.5
      vertex 73.6748 -22.0752 1.5
    endloop
  endfacet
  facet normal -0 0 1
    outer loop
      vertex 73.6748 -35.0752 1.5
      vertex 78.8711 -35.4287 1.5
      vertex 78.7246 -35.0752 1.5
    endloop
  endfacet
  facet normal 0 0 1
    outer loop
      vertex 73.5283 -35.4287 1.5
      vertex 78.8711 -35.4287 1.5
      vertex 73.6748 -35.0752 1.5
    endloop
  endfacet
  facet normal 0 0 1
    outer loop
      vertex 78.8711 -35.4287 1.5
      vertex 73.5283 -35.4287 1.5
      vertex 82.7002 -40.625 1.5
    endloop
  endfacet
  facet normal 0 0 1
    outer loop
      vertex 69.7002 -40.625 1.5
      vertex 73.5283 -35.4287 1.5
      vertex 73.1748 -35.5752 1.5
    endloop
  endfacet
  facet normal 0 0 1
    outer loop
      vertex 73.5283 -35.4287 1.5
      vertex 69.7002 -40.625 1.5
      vertex 82.7002 -40.625 1.5
    endloop
  endfacet
  facet normal 0 0 1
    outer loop
      vertex 73.1748 -35.5752 1.5
      vertex 69.3467 -40.7715 1.5
      vertex 69.7002 -40.625 1.5
    endloop
  endfacet
  facet normal -0 0 1
    outer loop
      vertex 64.1504 -41.125 1.5
      vertex 69.2002 -54.125 1.5
      vertex 69.2002 -41.125 1.5
    endloop
  endfacet
  facet normal 0 0 1
    outer loop
      vertex 73.9629 -60.1748 1.5
      vertex 68.7656 -59.8213 1.5
      vertex 68.9121 -60.1748 1.5
    endloop
  endfacet
  facet normal 0 0 1
    outer loop
      vertex 69.7002 -54.625 1.5
      vertex 68.4121 -59.6748 1.5
      vertex 68.7656 -59.8213 1.5
    endloop
  endfacet
  facet normal 0 0 1
    outer loop
      vertex 64.1504 -54.125 1.5
      vertex 69.2002 -54.125 1.5
      vertex 64.1504 -41.125 1.5
    endloop
  endfacet
  facet normal 0 0 1
    outer loop
      vertex 69.3467 -40.7715 1.5
      vertex 64.1504 -41.125 1.5
      vertex 69.2002 -41.125 1.5
    endloop
  endfacet
  facet normal 0 0 1
    outer loop
      vertex 64.0039 -40.7715 1.5
      vertex 69.3467 -40.7715 1.5
      vertex 73.1748 -35.5752 1.5
    endloop
  endfacet
  facet normal 0 0 1
    outer loop
      vertex 69.3467 -40.7715 1.5
      vertex 64.0039 -40.7715 1.5
      vertex 64.1504 -41.125 1.5
    endloop
  endfacet
  facet normal -0 0 1
    outer loop
      vertex 60.1748 -35.5752 1.5
      vertex 64.0039 -40.7715 1.5
      vertex 73.1748 -35.5752 1.5
    endloop
  endfacet
  facet normal 0 0 1
    outer loop
      vertex 64.0039 -40.7715 1.5
      vertex 60.1748 -35.5752 1.5
      vertex 63.6504 -40.625 1.5
    endloop
  endfacet
  facet normal 0 0 1
    outer loop
      vertex 59.8213 -35.4287 1.5
      vertex 63.6504 -40.625 1.5
      vertex 60.1748 -35.5752 1.5
    endloop
  endfacet
  facet normal 0 0 1
    outer loop
      vertex 59.8213 -21.7217 1.5
      vertex 54.625 -22.0752 1.5
      vertex 59.6748 -22.0752 1.5
    endloop
  endfacet
  facet normal 0 0 1
    outer loop
      vertex 59.6748 -22.0752 1.5
      vertex 54.625 -22.0752 1.5
      vertex 59.6748 -35.0752 1.5
    endloop
  endfacet
  facet normal 0 0 1
    outer loop
      vertex 54.625 -35.0752 1.5
      vertex 59.6748 -35.0752 1.5
      vertex 54.625 -22.0752 1.5
    endloop
  endfacet
  facet normal -0 0 1
    outer loop
      vertex 54.625 -35.0752 1.5
      vertex 59.8213 -35.4287 1.5
      vertex 59.6748 -35.0752 1.5
    endloop
  endfacet
  facet normal 0 0 1
    outer loop
      vertex 54.4785 -35.4287 1.5
      vertex 59.8213 -35.4287 1.5
      vertex 54.625 -35.0752 1.5
    endloop
  endfacet
  facet normal 0 0 1
    outer loop
      vertex 59.8213 -35.4287 1.5
      vertex 54.4785 -35.4287 1.5
      vertex 63.6504 -40.625 1.5
    endloop
  endfacet
  facet normal 0 0 1
    outer loop
      vertex 50.6504 -40.625 1.5
      vertex 54.4785 -35.4287 1.5
      vertex 54.125 -35.5752 1.5
    endloop
  endfacet
  facet normal 0 0 1
    outer loop
      vertex 54.4785 -35.4287 1.5
      vertex 50.6504 -40.625 1.5
      vertex 63.6504 -40.625 1.5
    endloop
  endfacet
  facet normal 0 0 1
    outer loop
      vertex 54.125 -35.5752 1.5
      vertex 50.2969 -40.7715 1.5
      vertex 50.6504 -40.625 1.5
    endloop
  endfacet
  facet normal -0 0 1
    outer loop
      vertex 45.0996 -41.125 1.5
      vertex 50.1504 -54.125 1.5
      vertex 50.1504 -41.125 1.5
    endloop
  endfacet
  facet normal 0 0 1
    outer loop
      vertex 54.9121 -60.1748 1.5
      vertex 49.7158 -59.8213 1.5
      vertex 49.8623 -60.1748 1.5
    endloop
  endfacet
  facet normal 0 0 1
    outer loop
      vertex 50.6504 -54.625 1.5
      vertex 49.3623 -59.6748 1.5
      vertex 49.7158 -59.8213 1.5
    endloop
  endfacet
  facet normal 0 0 1
    outer loop
      vertex 45.0996 -54.125 1.5
      vertex 50.1504 -54.125 1.5
      vertex 45.0996 -41.125 1.5
    endloop
  endfacet
  facet normal 0 0 1
    outer loop
      vertex 50.2969 -40.7715 1.5
      vertex 45.0996 -41.125 1.5
      vertex 50.1504 -41.125 1.5
    endloop
  endfacet
  facet normal 0 0 1
    outer loop
      vertex 44.9531 -40.7715 1.5
      vertex 50.2969 -40.7715 1.5
      vertex 54.125 -35.5752 1.5
    endloop
  endfacet
  facet normal 0 0 1
    outer loop
      vertex 50.2969 -40.7715 1.5
      vertex 44.9531 -40.7715 1.5
      vertex 45.0996 -41.125 1.5
    endloop
  endfacet
  facet normal -0 0 1
    outer loop
      vertex 41.125 -35.5752 1.5
      vertex 44.9531 -40.7715 1.5
      vertex 54.125 -35.5752 1.5
    endloop
  endfacet
  facet normal 0 0 1
    outer loop
      vertex 44.9531 -40.7715 1.5
      vertex 41.125 -35.5752 1.5
      vertex 44.5996 -40.625 1.5
    endloop
  endfacet
  facet normal 0 0 1
    outer loop
      vertex 40.7715 -35.4287 1.5
      vertex 44.5996 -40.625 1.5
      vertex 41.125 -35.5752 1.5
    endloop
  endfacet
  facet normal 0 0 1
    outer loop
      vertex 40.7715 -21.7217 1.5
      vertex 35.5752 -22.0752 1.5
      vertex 40.625 -22.0752 1.5
    endloop
  endfacet
  facet normal 0 0 1
    outer loop
      vertex 40.625 -22.0752 1.5
      vertex 35.5752 -22.0752 1.5
      vertex 40.625 -35.0752 1.5
    endloop
  endfacet
  facet normal 0 0 1
    outer loop
      vertex 35.5752 -35.0752 1.5
      vertex 40.625 -35.0752 1.5
      vertex 35.5752 -22.0752 1.5
    endloop
  endfacet
  facet normal -0 0 1
    outer loop
      vertex 35.5752 -35.0752 1.5
      vertex 40.7715 -35.4287 1.5
      vertex 40.625 -35.0752 1.5
    endloop
  endfacet
  facet normal 0 0 1
    outer loop
      vertex 35.4287 -35.4287 1.5
      vertex 40.7715 -35.4287 1.5
      vertex 35.5752 -35.0752 1.5
    endloop
  endfacet
  facet normal 0 0 1
    outer loop
      vertex 40.7715 -35.4287 1.5
      vertex 35.4287 -35.4287 1.5
      vertex 44.5996 -40.625 1.5
    endloop
  endfacet
  facet normal 0 0 1
    outer loop
      vertex 31.5996 -40.625 1.5
      vertex 35.4287 -35.4287 1.5
      vertex 35.0752 -35.5752 1.5
    endloop
  endfacet
  facet normal 0 0 1
    outer loop
      vertex 35.4287 -35.4287 1.5
      vertex 31.5996 -40.625 1.5
      vertex 44.5996 -40.625 1.5
    endloop
  endfacet
  facet normal 0 0 1
    outer loop
      vertex 35.0752 -35.5752 1.5
      vertex 31.2461 -40.7715 1.5
      vertex 31.5996 -40.625 1.5
    endloop
  endfacet
  facet normal 0 0 1
    outer loop
      vertex 21.2871 -54.125 1.5
      vertex 31.0996 -54.125 1.5
      vertex 31.0996 -41.125 1.5
    endloop
  endfacet
  facet normal 0 -0 1
    outer loop
      vertex 30.3691 -79.7246 1.5
      vertex 35.8623 -73.1748 1.5
      vertex 28.2852 -78.8711 1.5
    endloop
  endfacet
  facet normal 0 0 1
    outer loop
      vertex 36.0088 -73.5283 1.5
      vertex 30.3691 -79.7246 1.5
      vertex 36.3691 -79.7246 1.5
    endloop
  endfacet
  facet normal 0 0 1
    outer loop
      vertex 28.4316 -92.2246 1.5
      vertex 29.8691 -80.2246 1.5
      vertex 28.4316 -79.2246 1.5
    endloop
  endfacet
  facet normal 0 0 1
    outer loop
      vertex 30.3691 -79.7246 1.5
      vertex 28.2852 -78.8711 1.5
      vertex 30.0156 -79.8711 1.5
    endloop
  endfacet
  facet normal 0 0 1
    outer loop
      vertex 29.8691 -80.2246 1.5
      vertex 28.4316 -92.2246 1.5
      vertex 29.8691 -94.2246 1.5
    endloop
  endfacet
  facet normal 0 0 1
    outer loop
      vertex 30.0156 -94.5781 1.5
      vertex 28.8652 -97.9219 1.5
      vertex 29.2188 -97.7754 1.5
    endloop
  endfacet
  facet normal -0 0 1
    outer loop
      vertex 27.9316 -92.7246 1.5
      vertex 29.8691 -94.2246 1.5
      vertex 28.2852 -92.5781 1.5
    endloop
  endfacet
  facet normal -0 0 1
    outer loop
      vertex 28.2852 -92.5781 1.5
      vertex 29.8691 -94.2246 1.5
      vertex 28.4316 -92.2246 1.5
    endloop
  endfacet
  facet normal 0 0 1
    outer loop
      vertex 30.0156 -79.8711 1.5
      vertex 28.4316 -79.2246 1.5
      vertex 29.8691 -80.2246 1.5
    endloop
  endfacet
  facet normal -0 -0 1
    outer loop
      vertex 28.4316 -79.2246 1.5
      vertex 30.0156 -79.8711 1.5
      vertex 28.2852 -78.8711 1.5
    endloop
  endfacet
  facet normal 0 0 1
    outer loop
      vertex 35.8623 -73.1748 1.5
      vertex 27.9316 -78.7246 1.5
      vertex 28.2852 -78.8711 1.5
    endloop
  endfacet
  facet normal 0 0 1
    outer loop
      vertex 31.2461 -54.4785 1.5
      vertex 23.5225 -59.8213 1.5
      vertex 23.6689 -60.1748 1.5
    endloop
  endfacet
  facet normal 0 0 1
    outer loop
      vertex 31.0996 -54.125 1.5
      vertex 21.2871 -54.125 1.5
      vertex 23.5225 -59.8213 1.5
    endloop
  endfacet
  facet normal 0 0 1
    outer loop
      vertex 22.0752 -35.5752 1.5
      vertex 31.0996 -41.125 1.5
      vertex 31.2461 -40.7715 1.5
    endloop
  endfacet
  facet normal -0 0 1
    outer loop
      vertex 22.0752 -35.5752 1.5
      vertex 31.2461 -40.7715 1.5
      vertex 35.0752 -35.5752 1.5
    endloop
  endfacet
  facet normal 0 0 1
    outer loop
      vertex 31.0996 -41.125 1.5
      vertex 22.0752 -35.5752 1.5
      vertex 21.2871 -41.125 1.5
    endloop
  endfacet
  facet normal 0 0 1
    outer loop
      vertex 21.2871 -41.125 1.5
      vertex 22.0752 -35.5752 1.5
      vertex 21.7217 -35.4287 1.5
    endloop
  endfacet
  facet normal 0 0 1
    outer loop
      vertex 21.2871 -41.125 1.5
      vertex 21.7217 -35.4287 1.5
      vertex 21.5752 -35.0752 1.5
    endloop
  endfacet
  facet normal 0 0 1
    outer loop
      vertex 31.0996 -41.125 1.5
      vertex 21.2871 -41.125 1.5
      vertex 21.2871 -54.125 1.5
    endloop
  endfacet
  facet normal -0 0 1
    outer loop
      vertex 21.1406 -54.4785 1.5
      vertex 23.5225 -59.8213 1.5
      vertex 21.2871 -54.125 1.5
    endloop
  endfacet
  facet normal 0 0 1
    outer loop
      vertex 23.5225 -59.8213 1.5
      vertex 21.1406 -54.4785 1.5
      vertex 23.1689 -59.6748 1.5
    endloop
  endfacet
  facet normal -0 0 1
    outer loop
      vertex 20.7871 -54.625 1.5
      vertex 23.1689 -59.6748 1.5
      vertex 21.1406 -54.4785 1.5
    endloop
  endfacet
  facet normal 0 0 1
    outer loop
      vertex 20.7871 -54.625 1.5
      vertex 10.1689 -59.6748 1.5
      vertex 23.1689 -59.6748 1.5
    endloop
  endfacet
  facet normal -0 0 1
    outer loop
      vertex 7.78711 -54.625 1.5
      vertex 10.1689 -59.6748 1.5
      vertex 20.7871 -54.625 1.5
    endloop
  endfacet
  facet normal 0 0 1
    outer loop
      vertex 9.81543 -59.8213 1.5
      vertex 7.43359 -54.4785 1.5
      vertex 9.66895 -60.1748 1.5
    endloop
  endfacet
  facet normal 0 0 1
    outer loop
      vertex 7.43359 -54.4785 1.5
      vertex 9.81543 -59.8213 1.5
      vertex 7.78711 -54.625 1.5
    endloop
  endfacet
  facet normal 0 0 1
    outer loop
      vertex 10.1689 -59.6748 1.5
      vertex 7.78711 -54.625 1.5
      vertex 9.81543 -59.8213 1.5
    endloop
  endfacet
  facet normal -0 0 1
    outer loop
      vertex 255.734 -75.5283 1.5
      vertex 256.885 -78.8711 1.5
      vertex 255.881 -75.1748 1.5
    endloop
  endfacet
  facet normal 0 0 1
    outer loop
      vertex 256.885 -78.8711 1.5
      vertex 255.734 -75.5283 1.5
      vertex 256.531 -78.7246 1.5
    endloop
  endfacet
  facet normal -0 0 1
    outer loop
      vertex 255.381 -75.6748 1.5
      vertex 256.531 -78.7246 1.5
      vertex 255.734 -75.5283 1.5
    endloop
  endfacet
  facet normal -0 0 1
    outer loop
      vertex 249.381 -75.6748 1.5
      vertex 256.531 -78.7246 1.5
      vertex 255.381 -75.6748 1.5
    endloop
  endfacet
  facet normal 0 0 1
    outer loop
      vertex 243.531 -78.7246 1.5
      vertex 249.381 -75.6748 1.5
      vertex 249.027 -75.5283 1.5
    endloop
  endfacet
  facet normal 0 0 1
    outer loop
      vertex 249.381 -75.6748 1.5
      vertex 243.531 -78.7246 1.5
      vertex 256.531 -78.7246 1.5
    endloop
  endfacet
  facet normal 0 0 1
    outer loop
      vertex 243.531 -78.7246 1.5
      vertex 249.027 -75.5283 1.5
      vertex 248.881 -75.1748 1.5
    endloop
  endfacet
  facet normal 0 0 1
    outer loop
      vertex 257.465 -59.8213 1.5
      vertex 255.381 -60.6748 1.5
      vertex 257.318 -60.1748 1.5
    endloop
  endfacet
  facet normal 0 0 1
    outer loop
      vertex 257.318 -60.1748 1.5
      vertex 255.381 -60.6748 1.5
      vertex 255.734 -60.8213 1.5
    endloop
  endfacet
  facet normal 0 0 1
    outer loop
      vertex 257.465 -59.8213 1.5
      vertex 254.15 -54.625 1.5
      vertex 255.381 -60.6748 1.5
    endloop
  endfacet
  facet normal 0 0 1
    outer loop
      vertex 254.15 -54.625 1.5
      vertex 249.381 -60.6748 1.5
      vertex 255.381 -60.6748 1.5
    endloop
  endfacet
  facet normal -0 0 1
    outer loop
      vertex 241.15 -54.625 1.5
      vertex 249.381 -60.6748 1.5
      vertex 254.15 -54.625 1.5
    endloop
  endfacet
  facet normal 0 0 1
    outer loop
      vertex 240.362 -73.1748 1.5
      vertex 248.881 -61.1748 1.5
      vertex 240.362 -60.1748 1.5
    endloop
  endfacet
  facet normal 0 0 1
    outer loop
      vertex 248.881 -61.1748 1.5
      vertex 240.362 -73.1748 1.5
      vertex 248.881 -75.1748 1.5
    endloop
  endfacet
  facet normal 0 0 1
    outer loop
      vertex 249.027 -60.8213 1.5
      vertex 240.362 -60.1748 1.5
      vertex 248.881 -61.1748 1.5
    endloop
  endfacet
  facet normal 0 0 1
    outer loop
      vertex 248.881 -75.1748 1.5
      vertex 240.362 -73.1748 1.5
      vertex 243.531 -78.7246 1.5
    endloop
  endfacet
  facet normal 0 0 1
    outer loop
      vertex 240.362 -60.1748 1.5
      vertex 241.15 -54.625 1.5
      vertex 240.797 -54.4785 1.5
    endloop
  endfacet
  facet normal -0 0 1
    outer loop
      vertex 240.362 -60.1748 1.5
      vertex 249.027 -60.8213 1.5
      vertex 241.15 -54.625 1.5
    endloop
  endfacet
  facet normal 0 0 1
    outer loop
      vertex 249.381 -60.6748 1.5
      vertex 241.15 -54.625 1.5
      vertex 249.027 -60.8213 1.5
    endloop
  endfacet
  facet normal 0 0 -1
    outer loop
      vertex -7 -116.958 0
      vertex 4.90625 -98.2754 0
      vertex -3.72619 -115.065 0
    endloop
  endfacet
  facet normal 0 0 -1
    outer loop
      vertex 2.52539 -35.0752 0
      vertex -1.09881 1.6187 0
      vertex -0.65 3 0
    endloop
  endfacet
  facet normal -0 0 -1
    outer loop
      vertex 4.90625 -98.2754 0
      vertex -7 -116.958 0
      vertex 5.99316 -80.2246 0
    endloop
  endfacet
  facet normal 0 0 -1
    outer loop
      vertex 2.52539 -35.0752 0
      vertex -2.27381 0.765017 0
      vertex -1.09881 1.6187 0
    endloop
  endfacet
  facet normal -0 0 -1
    outer loop
      vertex 5.99316 -80.2246 0
      vertex -7 -116.958 0
      vertex 2.52539 -35.0752 0
    endloop
  endfacet
  facet normal 0 0 -1
    outer loop
      vertex 2.52539 -35.0752 0
      vertex -3.72619 0.765017 0
      vertex -2.27381 0.765017 0
    endloop
  endfacet
  facet normal 0 0 -1
    outer loop
      vertex -7 -116.958 0
      vertex -3.72619 -115.065 0
      vertex -4.90119 -115.919 0
    endloop
  endfacet
  facet normal 0 0 -1
    outer loop
      vertex -7 2.65826 0
      vertex 2.52539 -35.0752 0
      vertex -7 -116.958 0
    endloop
  endfacet
  facet normal 0 0 -1
    outer loop
      vertex -7 -116.958 0
      vertex -4.90119 -115.919 0
      vertex -5.35 -117.3 0
    endloop
  endfacet
  facet normal 0 0 -1
    outer loop
      vertex 2.52539 -35.0752 0
      vertex -7 2.65826 0
      vertex -3.72619 0.765017 0
    endloop
  endfacet
  facet normal 0 0 -1
    outer loop
      vertex 16.3789 -16.3789 0
      vertex 21.7217 -16.3789 0
      vertex 16.3789 -21.7217 0
    endloop
  endfacet
  facet normal 0 0 -1
    outer loop
      vertex 21.7217 -16.3789 0
      vertex 16.3789 -16.3789 0
      vertex 16.5254 -16.0254 0
    endloop
  endfacet
  facet normal 0 0 -1
    outer loop
      vertex 16.0254 -21.5752 0
      vertex 16.3789 -16.3789 0
      vertex 16.3789 -21.7217 0
    endloop
  endfacet
  facet normal 0 0 -1
    outer loop
      vertex 16.0254 -21.5752 0
      vertex 16.0254 -16.5254 0
      vertex 16.3789 -16.3789 0
    endloop
  endfacet
  facet normal 0 0 -1
    outer loop
      vertex 3.02539 -21.5752 0
      vertex 16.0254 -16.5254 0
      vertex 16.0254 -21.5752 0
    endloop
  endfacet
  facet normal 0 0 -1
    outer loop
      vertex 3.02539 -21.5752 0
      vertex 3.02539 -16.5254 0
      vertex 16.0254 -16.5254 0
    endloop
  endfacet
  facet normal 0 0 -1
    outer loop
      vertex 2.67188 -21.7217 0
      vertex 3.02539 -16.5254 0
      vertex 3.02539 -21.5752 0
    endloop
  endfacet
  facet normal 0 0 -1
    outer loop
      vertex 2.67188 -21.7217 0
      vertex 2.67188 -16.3789 0
      vertex 3.02539 -16.5254 0
    endloop
  endfacet
  facet normal 0 0 -1
    outer loop
      vertex 2.52539 -22.0752 0
      vertex 2.67188 -16.3789 0
      vertex 2.67188 -21.7217 0
    endloop
  endfacet
  facet normal -0 0 -1
    outer loop
      vertex 2.67188 -16.3789 0
      vertex 2.52539 -22.0752 0
      vertex 2.52539 -16.0254 0
    endloop
  endfacet
  facet normal 0 0 -1
    outer loop
      vertex 21.7217 -35.4287 0
      vertex 16.3789 -35.4287 0
      vertex 16.5254 -35.0752 0
    endloop
  endfacet
  facet normal 0 0 -1
    outer loop
      vertex 20.7871 -40.625 0
      vertex 16.0254 -35.5752 0
      vertex 16.3789 -35.4287 0
    endloop
  endfacet
  facet normal 0 0 -1
    outer loop
      vertex 7.78711 -40.625 0
      vertex 16.0254 -35.5752 0
      vertex 20.7871 -40.625 0
    endloop
  endfacet
  facet normal 0 0 -1
    outer loop
      vertex 3.02539 -35.5752 0
      vertex 7.78711 -40.625 0
      vertex 7.43359 -40.7715 0
    endloop
  endfacet
  facet normal 0 0 -1
    outer loop
      vertex 5.99316 -80.2246 0
      vertex 7.28711 -54.125 0
      vertex 6.13965 -79.8711 0
    endloop
  endfacet
  facet normal 0 0 -1
    outer loop
      vertex 2.52539 -35.0752 0
      vertex 7.28711 -54.125 0
      vertex 5.99316 -80.2246 0
    endloop
  endfacet
  facet normal 0 0 -1
    outer loop
      vertex 4.90625 -98.2754 0
      vertex 5.99316 -94.2246 0
      vertex 5.05273 -97.9219 0
    endloop
  endfacet
  facet normal -0 0 -1
    outer loop
      vertex 5.99316 -94.2246 0
      vertex 4.90625 -98.2754 0
      vertex 5.99316 -80.2246 0
    endloop
  endfacet
  facet normal 0 0 -1
    outer loop
      vertex -2.27381 -115.065 0
      vertex 4.90625 -111.275 0
      vertex -1.09881 -115.919 0
    endloop
  endfacet
  facet normal 0 0 -1
    outer loop
      vertex 7.78711 -40.625 0
      vertex 3.02539 -35.5752 0
      vertex 16.0254 -35.5752 0
    endloop
  endfacet
  facet normal 0 0 -1
    outer loop
      vertex 7.28711 -41.125 0
      vertex 3.02539 -35.5752 0
      vertex 7.43359 -40.7715 0
    endloop
  endfacet
  facet normal 0 0 -1
    outer loop
      vertex 7.28711 -54.125 0
      vertex 2.67188 -35.4287 0
      vertex 7.28711 -41.125 0
    endloop
  endfacet
  facet normal 0 0 -1
    outer loop
      vertex 27.9316 -78.7246 0
      vertex 23.5225 -73.5283 0
      vertex 23.6689 -73.1748 0
    endloop
  endfacet
  facet normal 0 0 -1
    outer loop
      vertex 27.9316 -78.7246 0
      vertex 23.1689 -73.6748 0
      vertex 23.5225 -73.5283 0
    endloop
  endfacet
  facet normal 0 0 -1
    outer loop
      vertex 14.9316 -78.7246 0
      vertex 23.1689 -73.6748 0
      vertex 27.9316 -78.7246 0
    endloop
  endfacet
  facet normal 0 0 -1
    outer loop
      vertex 10.1689 -73.6748 0
      vertex 14.9316 -78.7246 0
      vertex 14.5781 -78.8711 0
    endloop
  endfacet
  facet normal 0 0 -1
    outer loop
      vertex 14.4316 -92.2246 0
      vertex 12.9932 -80.2246 0
      vertex 14.4316 -79.2246 0
    endloop
  endfacet
  facet normal 0 0 -1
    outer loop
      vertex 12.8467 -79.8711 0
      vertex 14.4316 -79.2246 0
      vertex 12.9932 -80.2246 0
    endloop
  endfacet
  facet normal -0 0 -1
    outer loop
      vertex 14.4316 -79.2246 0
      vertex 12.8467 -79.8711 0
      vertex 14.5781 -78.8711 0
    endloop
  endfacet
  facet normal 0 0 -1
    outer loop
      vertex 12.4932 -79.7246 0
      vertex 14.5781 -78.8711 0
      vertex 12.8467 -79.8711 0
    endloop
  endfacet
  facet normal -0 0 -1
    outer loop
      vertex 14.5781 -78.8711 0
      vertex 12.4932 -79.7246 0
      vertex 10.1689 -73.6748 0
    endloop
  endfacet
  facet normal 0 0 -1
    outer loop
      vertex 14.9316 -78.7246 0
      vertex 10.1689 -73.6748 0
      vertex 23.1689 -73.6748 0
    endloop
  endfacet
  facet normal 0 0 -1
    outer loop
      vertex 6.49316 -79.7246 0
      vertex 10.1689 -73.6748 0
      vertex 12.4932 -79.7246 0
    endloop
  endfacet
  facet normal 0 0 -1
    outer loop
      vertex 6.13965 -79.8711 0
      vertex 9.66895 -73.1748 0
      vertex 6.49316 -79.7246 0
    endloop
  endfacet
  facet normal 0 0 -1
    outer loop
      vertex 9.66895 -60.1748 0
      vertex 7.43359 -54.4785 0
      vertex 7.78711 -54.625 0
    endloop
  endfacet
  facet normal -0 0 -1
    outer loop
      vertex 9.66895 -73.1748 0
      vertex 6.13965 -79.8711 0
      vertex 9.66895 -60.1748 0
    endloop
  endfacet
  facet normal -0 0 -1
    outer loop
      vertex 7.43359 -54.4785 0
      vertex 6.13965 -79.8711 0
      vertex 7.28711 -54.125 0
    endloop
  endfacet
  facet normal -0 0 -1
    outer loop
      vertex 9.66895 -60.1748 0
      vertex 6.13965 -79.8711 0
      vertex 7.43359 -54.4785 0
    endloop
  endfacet
  facet normal -0 0 -1
    outer loop
      vertex 9.81543 -73.5283 0
      vertex 6.49316 -79.7246 0
      vertex 9.66895 -73.1748 0
    endloop
  endfacet
  facet normal -0 0 -1
    outer loop
      vertex 10.1689 -73.6748 0
      vertex 6.49316 -79.7246 0
      vertex 9.81543 -73.5283 0
    endloop
  endfacet
  facet normal 0 0 -1
    outer loop
      vertex 28.7188 -98.2754 0
      vertex 18.9062 -98.2754 0
      vertex 27.9316 -92.7246 0
    endloop
  endfacet
  facet normal 0 0 -1
    outer loop
      vertex 18.7598 -97.9219 0
      vertex 27.9316 -92.7246 0
      vertex 18.9062 -98.2754 0
    endloop
  endfacet
  facet normal 0 0 -1
    outer loop
      vertex 14.9316 -92.7246 0
      vertex 18.7598 -97.9219 0
      vertex 18.4062 -97.7754 0
    endloop
  endfacet
  facet normal 0 0 -1
    outer loop
      vertex 18.7598 -97.9219 0
      vertex 14.9316 -92.7246 0
      vertex 27.9316 -92.7246 0
    endloop
  endfacet
  facet normal 0 0 -1
    outer loop
      vertex 12.8467 -94.5781 0
      vertex 14.9316 -92.7246 0
      vertex 18.4062 -97.7754 0
    endloop
  endfacet
  facet normal 0 0 -1
    outer loop
      vertex 12.9932 -80.2246 0
      vertex 14.4316 -92.2246 0
      vertex 12.9932 -94.2246 0
    endloop
  endfacet
  facet normal -0 0 -1
    outer loop
      vertex 14.5781 -92.5781 0
      vertex 12.9932 -94.2246 0
      vertex 14.4316 -92.2246 0
    endloop
  endfacet
  facet normal -0 0 -1
    outer loop
      vertex 14.9316 -92.7246 0
      vertex 12.9932 -94.2246 0
      vertex 14.5781 -92.5781 0
    endloop
  endfacet
  facet normal 0 0 -1
    outer loop
      vertex 14.9316 -92.7246 0
      vertex 12.8467 -94.5781 0
      vertex 12.9932 -94.2246 0
    endloop
  endfacet
  facet normal 0 0 -1
    outer loop
      vertex 18.4062 -97.7754 0
      vertex 12.4932 -94.7246 0
      vertex 12.8467 -94.5781 0
    endloop
  endfacet
  facet normal 0 0 -1
    outer loop
      vertex 5.40625 -97.7754 0
      vertex 12.4932 -94.7246 0
      vertex 18.4062 -97.7754 0
    endloop
  endfacet
  facet normal -0 0 -1
    outer loop
      vertex 6.13965 -94.5781 0
      vertex 5.05273 -97.9219 0
      vertex 5.99316 -94.2246 0
    endloop
  endfacet
  facet normal 0 0 -1
    outer loop
      vertex 5.05273 -97.9219 0
      vertex 6.13965 -94.5781 0
      vertex 5.40625 -97.7754 0
    endloop
  endfacet
  facet normal -0 0 -1
    outer loop
      vertex 6.49316 -94.7246 0
      vertex 5.40625 -97.7754 0
      vertex 6.13965 -94.5781 0
    endloop
  endfacet
  facet normal -0 0 -1
    outer loop
      vertex 12.4932 -94.7246 0
      vertex 5.40625 -97.7754 0
      vertex 6.49316 -94.7246 0
    endloop
  endfacet
  facet normal 0 0 -1
    outer loop
      vertex 35.4287 -16.3789 0
      vertex 40.7715 -16.3789 0
      vertex 35.4287 -21.7217 0
    endloop
  endfacet
  facet normal 0 0 -1
    outer loop
      vertex 40.7715 -16.3789 0
      vertex 35.4287 -16.3789 0
      vertex 35.5752 -16.0254 0
    endloop
  endfacet
  facet normal 0 0 -1
    outer loop
      vertex 35.0752 -21.5752 0
      vertex 35.4287 -16.3789 0
      vertex 35.4287 -21.7217 0
    endloop
  endfacet
  facet normal 0 0 -1
    outer loop
      vertex 35.0752 -21.5752 0
      vertex 35.0752 -16.5254 0
      vertex 35.4287 -16.3789 0
    endloop
  endfacet
  facet normal 0 0 -1
    outer loop
      vertex 22.0752 -21.5752 0
      vertex 35.0752 -16.5254 0
      vertex 35.0752 -21.5752 0
    endloop
  endfacet
  facet normal 0 0 -1
    outer loop
      vertex 22.0752 -21.5752 0
      vertex 22.0752 -16.5254 0
      vertex 35.0752 -16.5254 0
    endloop
  endfacet
  facet normal 0 0 -1
    outer loop
      vertex 21.7217 -21.7217 0
      vertex 22.0752 -16.5254 0
      vertex 22.0752 -21.5752 0
    endloop
  endfacet
  facet normal 0 0 -1
    outer loop
      vertex 21.7217 -21.7217 0
      vertex 21.7217 -16.3789 0
      vertex 22.0752 -16.5254 0
    endloop
  endfacet
  facet normal 0 0 -1
    outer loop
      vertex 16.5254 -22.0752 0
      vertex 21.7217 -21.7217 0
      vertex 21.5752 -22.0752 0
    endloop
  endfacet
  facet normal 0 0 -1
    outer loop
      vertex 16.3789 -21.7217 0
      vertex 21.7217 -21.7217 0
      vertex 16.5254 -22.0752 0
    endloop
  endfacet
  facet normal 0 0 -1
    outer loop
      vertex 50.2969 -54.4785 0
      vertex 44.9531 -54.4785 0
      vertex 45.0996 -54.125 0
    endloop
  endfacet
  facet normal 0 0 -1
    outer loop
      vertex 49.3623 -59.6748 0
      vertex 44.5996 -54.625 0
      vertex 44.9531 -54.4785 0
    endloop
  endfacet
  facet normal 0 0 -1
    outer loop
      vertex 36.3623 -59.6748 0
      vertex 44.5996 -54.625 0
      vertex 49.3623 -59.6748 0
    endloop
  endfacet
  facet normal 0 0 -1
    outer loop
      vertex 31.5996 -54.625 0
      vertex 36.3623 -59.6748 0
      vertex 36.0088 -59.8213 0
    endloop
  endfacet
  facet normal 0 0 -1
    outer loop
      vertex 36.3623 -59.6748 0
      vertex 31.5996 -54.625 0
      vertex 44.5996 -54.625 0
    endloop
  endfacet
  facet normal 0 0 -1
    outer loop
      vertex 31.5996 -54.625 0
      vertex 36.0088 -59.8213 0
      vertex 35.8623 -60.1748 0
    endloop
  endfacet
  facet normal 0 0 -1
    outer loop
      vertex 54.4785 -16.3789 0
      vertex 59.8213 -16.3789 0
      vertex 54.4785 -21.7217 0
    endloop
  endfacet
  facet normal 0 0 -1
    outer loop
      vertex 59.8213 -16.3789 0
      vertex 54.4785 -16.3789 0
      vertex 54.625 -16.0254 0
    endloop
  endfacet
  facet normal 0 0 -1
    outer loop
      vertex 54.125 -21.5752 0
      vertex 54.4785 -16.3789 0
      vertex 54.4785 -21.7217 0
    endloop
  endfacet
  facet normal 0 0 -1
    outer loop
      vertex 54.125 -21.5752 0
      vertex 54.125 -16.5254 0
      vertex 54.4785 -16.3789 0
    endloop
  endfacet
  facet normal 0 0 -1
    outer loop
      vertex 41.125 -21.5752 0
      vertex 54.125 -16.5254 0
      vertex 54.125 -21.5752 0
    endloop
  endfacet
  facet normal 0 0 -1
    outer loop
      vertex 41.125 -21.5752 0
      vertex 41.125 -16.5254 0
      vertex 54.125 -16.5254 0
    endloop
  endfacet
  facet normal 0 0 -1
    outer loop
      vertex 40.7715 -21.7217 0
      vertex 41.125 -16.5254 0
      vertex 41.125 -21.5752 0
    endloop
  endfacet
  facet normal 0 0 -1
    outer loop
      vertex 40.7715 -21.7217 0
      vertex 40.7715 -16.3789 0
      vertex 41.125 -16.5254 0
    endloop
  endfacet
  facet normal 0 0 -1
    outer loop
      vertex 35.5752 -22.0752 0
      vertex 40.7715 -21.7217 0
      vertex 40.625 -22.0752 0
    endloop
  endfacet
  facet normal 0 0 -1
    outer loop
      vertex 35.4287 -21.7217 0
      vertex 40.7715 -21.7217 0
      vertex 35.5752 -22.0752 0
    endloop
  endfacet
  facet normal 0 0 -1
    outer loop
      vertex 69.3467 -54.4785 0
      vertex 64.0039 -54.4785 0
      vertex 64.1504 -54.125 0
    endloop
  endfacet
  facet normal 0 0 -1
    outer loop
      vertex 68.4121 -59.6748 0
      vertex 63.6504 -54.625 0
      vertex 64.0039 -54.4785 0
    endloop
  endfacet
  facet normal 0 0 -1
    outer loop
      vertex 55.4121 -59.6748 0
      vertex 63.6504 -54.625 0
      vertex 68.4121 -59.6748 0
    endloop
  endfacet
  facet normal 0 0 -1
    outer loop
      vertex 50.6504 -54.625 0
      vertex 55.4121 -59.6748 0
      vertex 55.0586 -59.8213 0
    endloop
  endfacet
  facet normal 0 0 -1
    outer loop
      vertex 55.4121 -59.6748 0
      vertex 50.6504 -54.625 0
      vertex 63.6504 -54.625 0
    endloop
  endfacet
  facet normal 0 0 -1
    outer loop
      vertex 49.7158 -59.8213 0
      vertex 55.0586 -59.8213 0
      vertex 54.9121 -60.1748 0
    endloop
  endfacet
  facet normal 0 0 -1
    outer loop
      vertex 73.5283 -16.3789 0
      vertex 78.8711 -16.3789 0
      vertex 73.5283 -21.7217 0
    endloop
  endfacet
  facet normal 0 0 -1
    outer loop
      vertex 78.8711 -16.3789 0
      vertex 73.5283 -16.3789 0
      vertex 73.6748 -16.0254 0
    endloop
  endfacet
  facet normal 0 0 -1
    outer loop
      vertex 73.1748 -21.5752 0
      vertex 73.5283 -16.3789 0
      vertex 73.5283 -21.7217 0
    endloop
  endfacet
  facet normal 0 0 -1
    outer loop
      vertex 73.1748 -21.5752 0
      vertex 73.1748 -16.5254 0
      vertex 73.5283 -16.3789 0
    endloop
  endfacet
  facet normal 0 0 -1
    outer loop
      vertex 60.1748 -21.5752 0
      vertex 73.1748 -16.5254 0
      vertex 73.1748 -21.5752 0
    endloop
  endfacet
  facet normal 0 0 -1
    outer loop
      vertex 60.1748 -21.5752 0
      vertex 60.1748 -16.5254 0
      vertex 73.1748 -16.5254 0
    endloop
  endfacet
  facet normal 0 0 -1
    outer loop
      vertex 59.8213 -21.7217 0
      vertex 60.1748 -16.5254 0
      vertex 60.1748 -21.5752 0
    endloop
  endfacet
  facet normal 0 0 -1
    outer loop
      vertex 59.8213 -21.7217 0
      vertex 59.8213 -16.3789 0
      vertex 60.1748 -16.5254 0
    endloop
  endfacet
  facet normal 0 0 -1
    outer loop
      vertex 54.625 -22.0752 0
      vertex 59.8213 -21.7217 0
      vertex 59.6748 -22.0752 0
    endloop
  endfacet
  facet normal 0 0 -1
    outer loop
      vertex 54.4785 -21.7217 0
      vertex 59.8213 -21.7217 0
      vertex 54.625 -22.0752 0
    endloop
  endfacet
  facet normal 0 0 -1
    outer loop
      vertex 88.3965 -54.4785 0
      vertex 83.0537 -54.4785 0
      vertex 83.2002 -54.125 0
    endloop
  endfacet
  facet normal 0 0 -1
    outer loop
      vertex 87.4629 -59.6748 0
      vertex 82.7002 -54.625 0
      vertex 83.0537 -54.4785 0
    endloop
  endfacet
  facet normal 0 0 -1
    outer loop
      vertex 74.4629 -59.6748 0
      vertex 82.7002 -54.625 0
      vertex 87.4629 -59.6748 0
    endloop
  endfacet
  facet normal 0 0 -1
    outer loop
      vertex 69.7002 -54.625 0
      vertex 74.4629 -59.6748 0
      vertex 74.1094 -59.8213 0
    endloop
  endfacet
  facet normal 0 0 -1
    outer loop
      vertex 74.4629 -59.6748 0
      vertex 69.7002 -54.625 0
      vertex 82.7002 -54.625 0
    endloop
  endfacet
  facet normal 0 0 -1
    outer loop
      vertex 68.7656 -59.8213 0
      vertex 74.1094 -59.8213 0
      vertex 73.9629 -60.1748 0
    endloop
  endfacet
  facet normal 0 0 -1
    outer loop
      vertex 92.5781 -16.3789 0
      vertex 97.9219 -16.3789 0
      vertex 92.5781 -21.7217 0
    endloop
  endfacet
  facet normal 0 0 -1
    outer loop
      vertex 97.9219 -16.3789 0
      vertex 92.5781 -16.3789 0
      vertex 92.7246 -16.0254 0
    endloop
  endfacet
  facet normal 0 0 -1
    outer loop
      vertex 92.2246 -21.5752 0
      vertex 92.5781 -16.3789 0
      vertex 92.5781 -21.7217 0
    endloop
  endfacet
  facet normal 0 0 -1
    outer loop
      vertex 92.2246 -21.5752 0
      vertex 92.2246 -16.5254 0
      vertex 92.5781 -16.3789 0
    endloop
  endfacet
  facet normal 0 0 -1
    outer loop
      vertex 79.2246 -21.5752 0
      vertex 92.2246 -16.5254 0
      vertex 92.2246 -21.5752 0
    endloop
  endfacet
  facet normal 0 0 -1
    outer loop
      vertex 79.2246 -21.5752 0
      vertex 79.2246 -16.5254 0
      vertex 92.2246 -16.5254 0
    endloop
  endfacet
  facet normal 0 0 -1
    outer loop
      vertex 78.8711 -21.7217 0
      vertex 79.2246 -16.5254 0
      vertex 79.2246 -21.5752 0
    endloop
  endfacet
  facet normal 0 0 -1
    outer loop
      vertex 78.8711 -21.7217 0
      vertex 78.8711 -16.3789 0
      vertex 79.2246 -16.5254 0
    endloop
  endfacet
  facet normal 0 0 -1
    outer loop
      vertex 73.6748 -22.0752 0
      vertex 78.8711 -21.7217 0
      vertex 78.7246 -22.0752 0
    endloop
  endfacet
  facet normal 0 0 -1
    outer loop
      vertex 73.5283 -21.7217 0
      vertex 78.8711 -21.7217 0
      vertex 73.6748 -22.0752 0
    endloop
  endfacet
  facet normal 0 0 -1
    outer loop
      vertex 107.446 -54.4785 0
      vertex 102.104 -54.4785 0
      vertex 102.25 -54.125 0
    endloop
  endfacet
  facet normal 0 0 -1
    outer loop
      vertex 106.513 -59.6748 0
      vertex 101.75 -54.625 0
      vertex 102.104 -54.4785 0
    endloop
  endfacet
  facet normal 0 0 -1
    outer loop
      vertex 93.5127 -59.6748 0
      vertex 101.75 -54.625 0
      vertex 106.513 -59.6748 0
    endloop
  endfacet
  facet normal 0 0 -1
    outer loop
      vertex 88.75 -54.625 0
      vertex 93.5127 -59.6748 0
      vertex 93.1592 -59.8213 0
    endloop
  endfacet
  facet normal 0 0 -1
    outer loop
      vertex 93.5127 -59.6748 0
      vertex 88.75 -54.625 0
      vertex 101.75 -54.625 0
    endloop
  endfacet
  facet normal 0 0 -1
    outer loop
      vertex 87.8164 -59.8213 0
      vertex 93.1592 -59.8213 0
      vertex 93.0127 -60.1748 0
    endloop
  endfacet
  facet normal 0 0 -1
    outer loop
      vertex 111.629 -16.3789 0
      vertex 116.972 -16.3789 0
      vertex 111.629 -21.7217 0
    endloop
  endfacet
  facet normal 0 0 -1
    outer loop
      vertex 116.972 -16.3789 0
      vertex 111.629 -16.3789 0
      vertex 111.775 -16.0254 0
    endloop
  endfacet
  facet normal 0 0 -1
    outer loop
      vertex 111.275 -21.5752 0
      vertex 111.629 -16.3789 0
      vertex 111.629 -21.7217 0
    endloop
  endfacet
  facet normal 0 0 -1
    outer loop
      vertex 111.275 -21.5752 0
      vertex 111.275 -16.5254 0
      vertex 111.629 -16.3789 0
    endloop
  endfacet
  facet normal 0 0 -1
    outer loop
      vertex 98.2754 -21.5752 0
      vertex 111.275 -16.5254 0
      vertex 111.275 -21.5752 0
    endloop
  endfacet
  facet normal 0 0 -1
    outer loop
      vertex 98.2754 -21.5752 0
      vertex 98.2754 -16.5254 0
      vertex 111.275 -16.5254 0
    endloop
  endfacet
  facet normal 0 0 -1
    outer loop
      vertex 97.9219 -21.7217 0
      vertex 98.2754 -16.5254 0
      vertex 98.2754 -21.5752 0
    endloop
  endfacet
  facet normal 0 0 -1
    outer loop
      vertex 97.9219 -21.7217 0
      vertex 97.9219 -16.3789 0
      vertex 98.2754 -16.5254 0
    endloop
  endfacet
  facet normal 0 0 -1
    outer loop
      vertex 92.7246 -22.0752 0
      vertex 97.9219 -21.7217 0
      vertex 97.7754 -22.0752 0
    endloop
  endfacet
  facet normal 0 0 -1
    outer loop
      vertex 92.5781 -21.7217 0
      vertex 97.9219 -21.7217 0
      vertex 92.7246 -22.0752 0
    endloop
  endfacet
  facet normal 0 0 -1
    outer loop
      vertex 126.496 -54.4785 0
      vertex 121.153 -54.4785 0
      vertex 121.3 -54.125 0
    endloop
  endfacet
  facet normal 0 0 -1
    outer loop
      vertex 125.562 -59.6748 0
      vertex 120.8 -54.625 0
      vertex 121.153 -54.4785 0
    endloop
  endfacet
  facet normal 0 0 -1
    outer loop
      vertex 112.562 -59.6748 0
      vertex 120.8 -54.625 0
      vertex 125.562 -59.6748 0
    endloop
  endfacet
  facet normal 0 0 -1
    outer loop
      vertex 107.8 -54.625 0
      vertex 112.562 -59.6748 0
      vertex 112.209 -59.8213 0
    endloop
  endfacet
  facet normal 0 0 -1
    outer loop
      vertex 112.562 -59.6748 0
      vertex 107.8 -54.625 0
      vertex 120.8 -54.625 0
    endloop
  endfacet
  facet normal 0 0 -1
    outer loop
      vertex 106.866 -59.8213 0
      vertex 112.209 -59.8213 0
      vertex 112.062 -60.1748 0
    endloop
  endfacet
  facet normal 0 0 -1
    outer loop
      vertex 130.679 -16.3789 0
      vertex 136.021 -16.3789 0
      vertex 130.679 -21.7217 0
    endloop
  endfacet
  facet normal 0 0 -1
    outer loop
      vertex 136.021 -16.3789 0
      vertex 130.679 -16.3789 0
      vertex 130.825 -16.0254 0
    endloop
  endfacet
  facet normal 0 0 -1
    outer loop
      vertex 130.325 -21.5752 0
      vertex 130.679 -16.3789 0
      vertex 130.679 -21.7217 0
    endloop
  endfacet
  facet normal 0 0 -1
    outer loop
      vertex 130.325 -21.5752 0
      vertex 130.325 -16.5254 0
      vertex 130.679 -16.3789 0
    endloop
  endfacet
  facet normal 0 0 -1
    outer loop
      vertex 117.325 -21.5752 0
      vertex 130.325 -16.5254 0
      vertex 130.325 -21.5752 0
    endloop
  endfacet
  facet normal 0 0 -1
    outer loop
      vertex 117.325 -21.5752 0
      vertex 117.325 -16.5254 0
      vertex 130.325 -16.5254 0
    endloop
  endfacet
  facet normal 0 0 -1
    outer loop
      vertex 116.972 -21.7217 0
      vertex 117.325 -16.5254 0
      vertex 117.325 -21.5752 0
    endloop
  endfacet
  facet normal 0 0 -1
    outer loop
      vertex 116.972 -21.7217 0
      vertex 116.972 -16.3789 0
      vertex 117.325 -16.5254 0
    endloop
  endfacet
  facet normal 0 0 -1
    outer loop
      vertex 111.775 -22.0752 0
      vertex 116.972 -21.7217 0
      vertex 116.825 -22.0752 0
    endloop
  endfacet
  facet normal 0 0 -1
    outer loop
      vertex 111.629 -21.7217 0
      vertex 116.972 -21.7217 0
      vertex 111.775 -22.0752 0
    endloop
  endfacet
  facet normal 0 0 -1
    outer loop
      vertex 145.547 -54.4785 0
      vertex 140.203 -54.4785 0
      vertex 140.35 -54.125 0
    endloop
  endfacet
  facet normal 0 0 -1
    outer loop
      vertex 144.612 -59.6748 0
      vertex 139.85 -54.625 0
      vertex 140.203 -54.4785 0
    endloop
  endfacet
  facet normal 0 0 -1
    outer loop
      vertex 131.612 -59.6748 0
      vertex 139.85 -54.625 0
      vertex 144.612 -59.6748 0
    endloop
  endfacet
  facet normal 0 0 -1
    outer loop
      vertex 126.85 -54.625 0
      vertex 131.612 -59.6748 0
      vertex 131.259 -59.8213 0
    endloop
  endfacet
  facet normal 0 0 -1
    outer loop
      vertex 131.612 -59.6748 0
      vertex 126.85 -54.625 0
      vertex 139.85 -54.625 0
    endloop
  endfacet
  facet normal 0 0 -1
    outer loop
      vertex 125.916 -59.8213 0
      vertex 131.259 -59.8213 0
      vertex 131.112 -60.1748 0
    endloop
  endfacet
  facet normal 0 0 -1
    outer loop
      vertex 149.729 -16.3789 0
      vertex 155.071 -16.3789 0
      vertex 149.729 -21.7217 0
    endloop
  endfacet
  facet normal 0 0 -1
    outer loop
      vertex 155.071 -16.3789 0
      vertex 149.729 -16.3789 0
      vertex 149.875 -16.0254 0
    endloop
  endfacet
  facet normal 0 0 -1
    outer loop
      vertex 149.375 -21.5752 0
      vertex 149.729 -16.3789 0
      vertex 149.729 -21.7217 0
    endloop
  endfacet
  facet normal 0 0 -1
    outer loop
      vertex 149.375 -21.5752 0
      vertex 149.375 -16.5254 0
      vertex 149.729 -16.3789 0
    endloop
  endfacet
  facet normal 0 0 -1
    outer loop
      vertex 136.375 -21.5752 0
      vertex 149.375 -16.5254 0
      vertex 149.375 -21.5752 0
    endloop
  endfacet
  facet normal 0 0 -1
    outer loop
      vertex 136.375 -21.5752 0
      vertex 136.375 -16.5254 0
      vertex 149.375 -16.5254 0
    endloop
  endfacet
  facet normal 0 0 -1
    outer loop
      vertex 136.021 -21.7217 0
      vertex 136.375 -16.5254 0
      vertex 136.375 -21.5752 0
    endloop
  endfacet
  facet normal 0 0 -1
    outer loop
      vertex 136.021 -21.7217 0
      vertex 136.021 -16.3789 0
      vertex 136.375 -16.5254 0
    endloop
  endfacet
  facet normal 0 0 -1
    outer loop
      vertex 130.825 -22.0752 0
      vertex 136.021 -21.7217 0
      vertex 135.875 -22.0752 0
    endloop
  endfacet
  facet normal 0 0 -1
    outer loop
      vertex 130.679 -21.7217 0
      vertex 136.021 -21.7217 0
      vertex 130.825 -22.0752 0
    endloop
  endfacet
  facet normal 0 0 -1
    outer loop
      vertex 164.597 -54.4785 0
      vertex 159.254 -54.4785 0
      vertex 159.4 -54.125 0
    endloop
  endfacet
  facet normal 0 0 -1
    outer loop
      vertex 163.662 -59.6748 0
      vertex 158.9 -54.625 0
      vertex 159.254 -54.4785 0
    endloop
  endfacet
  facet normal 0 0 -1
    outer loop
      vertex 150.662 -59.6748 0
      vertex 158.9 -54.625 0
      vertex 163.662 -59.6748 0
    endloop
  endfacet
  facet normal 0 0 -1
    outer loop
      vertex 145.9 -54.625 0
      vertex 150.662 -59.6748 0
      vertex 150.309 -59.8213 0
    endloop
  endfacet
  facet normal 0 0 -1
    outer loop
      vertex 150.662 -59.6748 0
      vertex 145.9 -54.625 0
      vertex 158.9 -54.625 0
    endloop
  endfacet
  facet normal 0 0 -1
    outer loop
      vertex 144.966 -59.8213 0
      vertex 150.309 -59.8213 0
      vertex 150.162 -60.1748 0
    endloop
  endfacet
  facet normal 0 0 -1
    outer loop
      vertex 168.778 -16.3789 0
      vertex 174.121 -16.3789 0
      vertex 168.778 -21.7217 0
    endloop
  endfacet
  facet normal 0 0 -1
    outer loop
      vertex 174.121 -16.3789 0
      vertex 168.778 -16.3789 0
      vertex 168.925 -16.0254 0
    endloop
  endfacet
  facet normal 0 0 -1
    outer loop
      vertex 168.425 -21.5752 0
      vertex 168.778 -16.3789 0
      vertex 168.778 -21.7217 0
    endloop
  endfacet
  facet normal 0 0 -1
    outer loop
      vertex 168.425 -21.5752 0
      vertex 168.425 -16.5254 0
      vertex 168.778 -16.3789 0
    endloop
  endfacet
  facet normal 0 0 -1
    outer loop
      vertex 155.425 -21.5752 0
      vertex 168.425 -16.5254 0
      vertex 168.425 -21.5752 0
    endloop
  endfacet
  facet normal 0 0 -1
    outer loop
      vertex 155.425 -21.5752 0
      vertex 155.425 -16.5254 0
      vertex 168.425 -16.5254 0
    endloop
  endfacet
  facet normal 0 0 -1
    outer loop
      vertex 155.071 -21.7217 0
      vertex 155.425 -16.5254 0
      vertex 155.425 -21.5752 0
    endloop
  endfacet
  facet normal 0 0 -1
    outer loop
      vertex 155.071 -21.7217 0
      vertex 155.071 -16.3789 0
      vertex 155.425 -16.5254 0
    endloop
  endfacet
  facet normal 0 0 -1
    outer loop
      vertex 149.875 -22.0752 0
      vertex 155.071 -21.7217 0
      vertex 154.925 -22.0752 0
    endloop
  endfacet
  facet normal 0 0 -1
    outer loop
      vertex 149.729 -21.7217 0
      vertex 155.071 -21.7217 0
      vertex 149.875 -22.0752 0
    endloop
  endfacet
  facet normal 0 0 -1
    outer loop
      vertex 183.646 -54.4785 0
      vertex 178.304 -54.4785 0
      vertex 178.45 -54.125 0
    endloop
  endfacet
  facet normal 0 0 -1
    outer loop
      vertex 182.713 -59.6748 0
      vertex 177.95 -54.625 0
      vertex 178.304 -54.4785 0
    endloop
  endfacet
  facet normal 0 0 -1
    outer loop
      vertex 169.713 -59.6748 0
      vertex 177.95 -54.625 0
      vertex 182.713 -59.6748 0
    endloop
  endfacet
  facet normal 0 0 -1
    outer loop
      vertex 164.95 -54.625 0
      vertex 169.713 -59.6748 0
      vertex 169.359 -59.8213 0
    endloop
  endfacet
  facet normal 0 0 -1
    outer loop
      vertex 169.713 -59.6748 0
      vertex 164.95 -54.625 0
      vertex 177.95 -54.625 0
    endloop
  endfacet
  facet normal 0 0 -1
    outer loop
      vertex 164.016 -59.8213 0
      vertex 169.359 -59.8213 0
      vertex 169.213 -60.1748 0
    endloop
  endfacet
  facet normal 0 0 -1
    outer loop
      vertex 140.784 -92.5781 0
      vertex 135.441 -92.5781 0
      vertex 135.588 -92.2246 0
    endloop
  endfacet
  facet normal 0 0 -1
    outer loop
      vertex 137.469 -97.7754 0
      vertex 135.088 -92.7246 0
      vertex 135.441 -92.5781 0
    endloop
  endfacet
  facet normal 0 0 -1
    outer loop
      vertex 124.469 -97.7754 0
      vertex 135.088 -92.7246 0
      vertex 137.469 -97.7754 0
    endloop
  endfacet
  facet normal 0 0 -1
    outer loop
      vertex 122.088 -92.7246 0
      vertex 124.469 -97.7754 0
      vertex 124.115 -97.9219 0
    endloop
  endfacet
  facet normal 0 0 -1
    outer loop
      vertex 124.469 -97.7754 0
      vertex 122.088 -92.7246 0
      vertex 135.088 -92.7246 0
    endloop
  endfacet
  facet normal 0 0 -1
    outer loop
      vertex 121.734 -92.5781 0
      vertex 124.115 -97.9219 0
      vertex 123.969 -98.2754 0
    endloop
  endfacet
  facet normal 0 0 -1
    outer loop
      vertex 84.4688 -99.2754 0
      vertex 96.9873 -92.7246 0
      vertex 84.4688 -113.275 0
    endloop
  endfacet
  facet normal 0 0 -1
    outer loop
      vertex 84.3223 -98.9219 0
      vertex 96.9873 -92.7246 0
      vertex 84.4688 -99.2754 0
    endloop
  endfacet
  facet normal 0 0 -1
    outer loop
      vertex 84.3223 -98.9219 0
      vertex 83.9873 -92.7246 0
      vertex 96.9873 -92.7246 0
    endloop
  endfacet
  facet normal 0 0 -1
    outer loop
      vertex 83.9688 -98.7754 0
      vertex 83.9873 -92.7246 0
      vertex 84.3223 -98.9219 0
    endloop
  endfacet
  facet normal 0 0 -1
    outer loop
      vertex 83.9688 -98.7754 0
      vertex 83.6338 -92.5781 0
      vertex 83.9873 -92.7246 0
    endloop
  endfacet
  facet normal 0 0 -1
    outer loop
      vertex 78.291 -92.5781 0
      vertex 83.6338 -92.5781 0
      vertex 83.9688 -98.7754 0
    endloop
  endfacet
  facet normal 0 0 -1
    outer loop
      vertex 83.4873 -92.2246 0
      vertex 78.4375 -92.2246 0
      vertex 83.4873 -79.2246 0
    endloop
  endfacet
  facet normal 0 0 -1
    outer loop
      vertex 83.6338 -92.5781 0
      vertex 78.291 -92.5781 0
      vertex 83.4873 -92.2246 0
    endloop
  endfacet
  facet normal -0 0 -1
    outer loop
      vertex 83.4873 -92.2246 0
      vertex 78.291 -92.5781 0
      vertex 78.4375 -92.2246 0
    endloop
  endfacet
  facet normal 0 0 -1
    outer loop
      vertex 77.9688 -98.7754 0
      vertex 78.291 -92.5781 0
      vertex 83.9688 -98.7754 0
    endloop
  endfacet
  facet normal 0 0 -1
    outer loop
      vertex 77.9688 -98.7754 0
      vertex 77.9375 -92.7246 0
      vertex 78.291 -92.5781 0
    endloop
  endfacet
  facet normal 0 0 -1
    outer loop
      vertex 77.6152 -98.9219 0
      vertex 77.9375 -92.7246 0
      vertex 77.9688 -98.7754 0
    endloop
  endfacet
  facet normal 0 0 -1
    outer loop
      vertex 66.5312 -98.2754 0
      vertex 77.6152 -98.9219 0
      vertex 77.4688 -99.2754 0
    endloop
  endfacet
  facet normal 0 0 -1
    outer loop
      vertex 66.5312 -98.2754 0
      vertex 77.4688 -99.2754 0
      vertex 66.5312 -111.275 0
    endloop
  endfacet
  facet normal 0 0 -1
    outer loop
      vertex 77.6152 -98.9219 0
      vertex 66.5312 -98.2754 0
      vertex 66.3848 -97.9219 0
    endloop
  endfacet
  facet normal 0 0 -1
    outer loop
      vertex 77.6152 -98.9219 0
      vertex 66.3848 -97.9219 0
      vertex 77.9375 -92.7246 0
    endloop
  endfacet
  facet normal 0 0 -1
    outer loop
      vertex 64.9375 -92.7246 0
      vertex 66.3848 -97.9219 0
      vertex 66.0312 -97.7754 0
    endloop
  endfacet
  facet normal 0 0 -1
    outer loop
      vertex 66.3848 -97.9219 0
      vertex 64.9375 -92.7246 0
      vertex 77.9375 -92.7246 0
    endloop
  endfacet
  facet normal 0 0 -1
    outer loop
      vertex 66.0312 -97.7754 0
      vertex 64.584 -92.5781 0
      vertex 64.9375 -92.7246 0
    endloop
  endfacet
  facet normal 0 0 -1
    outer loop
      vertex 59.2412 -92.5781 0
      vertex 64.584 -92.5781 0
      vertex 66.0312 -97.7754 0
    endloop
  endfacet
  facet normal 0 0 -1
    outer loop
      vertex 64.4375 -92.2246 0
      vertex 59.3877 -92.2246 0
      vertex 64.4375 -79.2246 0
    endloop
  endfacet
  facet normal 0 0 -1
    outer loop
      vertex 64.584 -92.5781 0
      vertex 59.2412 -92.5781 0
      vertex 64.4375 -92.2246 0
    endloop
  endfacet
  facet normal -0 0 -1
    outer loop
      vertex 64.4375 -92.2246 0
      vertex 59.2412 -92.5781 0
      vertex 59.3877 -92.2246 0
    endloop
  endfacet
  facet normal 0 0 -1
    outer loop
      vertex 66.0312 -97.7754 0
      vertex 58.8877 -92.7246 0
      vertex 59.2412 -92.5781 0
    endloop
  endfacet
  facet normal 0 0 -1
    outer loop
      vertex 53.0312 -97.7754 0
      vertex 58.8877 -92.7246 0
      vertex 66.0312 -97.7754 0
    endloop
  endfacet
  facet normal 0 0 -1
    outer loop
      vertex 45.8877 -92.7246 0
      vertex 53.0312 -97.7754 0
      vertex 52.6777 -97.9219 0
    endloop
  endfacet
  facet normal 0 0 -1
    outer loop
      vertex 53.0312 -97.7754 0
      vertex 45.8877 -92.7246 0
      vertex 58.8877 -92.7246 0
    endloop
  endfacet
  facet normal 0 0 -1
    outer loop
      vertex 45.8877 -92.7246 0
      vertex 52.6777 -97.9219 0
      vertex 52.5312 -98.2754 0
    endloop
  endfacet
  facet normal 0 0 -1
    outer loop
      vertex 42.2188 -97.7754 0
      vertex 36.7227 -94.5781 0
      vertex 36.8691 -94.2246 0
    endloop
  endfacet
  facet normal 0 0 -1
    outer loop
      vertex 42.2188 -97.7754 0
      vertex 36.3691 -94.7246 0
      vertex 36.7227 -94.5781 0
    endloop
  endfacet
  facet normal 0 0 -1
    outer loop
      vertex 29.2188 -97.7754 0
      vertex 36.3691 -94.7246 0
      vertex 42.2188 -97.7754 0
    endloop
  endfacet
  facet normal 0 0 -1
    outer loop
      vertex 27.9316 -92.7246 0
      vertex 30.0156 -94.5781 0
      vertex 28.8652 -97.9219 0
    endloop
  endfacet
  facet normal 0 0 -1
    outer loop
      vertex 28.8652 -97.9219 0
      vertex 30.0156 -94.5781 0
      vertex 29.2188 -97.7754 0
    endloop
  endfacet
  facet normal -0 0 -1
    outer loop
      vertex 30.3691 -94.7246 0
      vertex 29.2188 -97.7754 0
      vertex 30.0156 -94.5781 0
    endloop
  endfacet
  facet normal -0 0 -1
    outer loop
      vertex 36.3691 -94.7246 0
      vertex 29.2188 -97.7754 0
      vertex 30.3691 -94.7246 0
    endloop
  endfacet
  facet normal 0 0 -1
    outer loop
      vertex 187.828 -16.3789 0
      vertex 193.172 -16.3789 0
      vertex 187.828 -21.7217 0
    endloop
  endfacet
  facet normal 0 0 -1
    outer loop
      vertex 193.172 -16.3789 0
      vertex 187.828 -16.3789 0
      vertex 187.975 -16.0254 0
    endloop
  endfacet
  facet normal 0 0 -1
    outer loop
      vertex 187.475 -21.5752 0
      vertex 187.828 -16.3789 0
      vertex 187.828 -21.7217 0
    endloop
  endfacet
  facet normal 0 0 -1
    outer loop
      vertex 187.475 -21.5752 0
      vertex 187.475 -16.5254 0
      vertex 187.828 -16.3789 0
    endloop
  endfacet
  facet normal 0 0 -1
    outer loop
      vertex 174.475 -21.5752 0
      vertex 187.475 -16.5254 0
      vertex 187.475 -21.5752 0
    endloop
  endfacet
  facet normal 0 0 -1
    outer loop
      vertex 174.475 -21.5752 0
      vertex 174.475 -16.5254 0
      vertex 187.475 -16.5254 0
    endloop
  endfacet
  facet normal 0 0 -1
    outer loop
      vertex 174.121 -21.7217 0
      vertex 174.475 -16.5254 0
      vertex 174.475 -21.5752 0
    endloop
  endfacet
  facet normal 0 0 -1
    outer loop
      vertex 174.121 -21.7217 0
      vertex 174.121 -16.3789 0
      vertex 174.475 -16.5254 0
    endloop
  endfacet
  facet normal 0 0 -1
    outer loop
      vertex 168.925 -22.0752 0
      vertex 174.121 -21.7217 0
      vertex 173.975 -22.0752 0
    endloop
  endfacet
  facet normal 0 0 -1
    outer loop
      vertex 168.778 -21.7217 0
      vertex 174.121 -21.7217 0
      vertex 168.925 -22.0752 0
    endloop
  endfacet
  facet normal 0 0 -1
    outer loop
      vertex 202.696 -54.4785 0
      vertex 197.354 -54.4785 0
      vertex 197.5 -54.125 0
    endloop
  endfacet
  facet normal 0 0 -1
    outer loop
      vertex 201.763 -59.6748 0
      vertex 197 -54.625 0
      vertex 197.354 -54.4785 0
    endloop
  endfacet
  facet normal 0 0 -1
    outer loop
      vertex 188.763 -59.6748 0
      vertex 197 -54.625 0
      vertex 201.763 -59.6748 0
    endloop
  endfacet
  facet normal 0 0 -1
    outer loop
      vertex 184 -54.625 0
      vertex 188.763 -59.6748 0
      vertex 188.409 -59.8213 0
    endloop
  endfacet
  facet normal 0 0 -1
    outer loop
      vertex 188.763 -59.6748 0
      vertex 184 -54.625 0
      vertex 197 -54.625 0
    endloop
  endfacet
  facet normal 0 0 -1
    outer loop
      vertex 183.066 -59.8213 0
      vertex 188.409 -59.8213 0
      vertex 188.263 -60.1748 0
    endloop
  endfacet
  facet normal -0 0 -1
    outer loop
      vertex 193.025 -98.2754 0
      vertex 184.322 -98.9219 0
      vertex 193.172 -97.9219 0
    endloop
  endfacet
  facet normal -0 0 -1
    outer loop
      vertex 193.172 -97.9219 0
      vertex 184.322 -98.9219 0
      vertex 192.237 -92.7246 0
    endloop
  endfacet
  facet normal 0 0 -1
    outer loop
      vertex 183.969 -98.7754 0
      vertex 192.237 -92.7246 0
      vertex 184.322 -98.9219 0
    endloop
  endfacet
  facet normal 0 0 -1
    outer loop
      vertex 183.969 -98.7754 0
      vertex 179.237 -92.7246 0
      vertex 192.237 -92.7246 0
    endloop
  endfacet
  facet normal 0 0 -1
    outer loop
      vertex 177.969 -98.7754 0
      vertex 179.237 -92.7246 0
      vertex 183.969 -98.7754 0
    endloop
  endfacet
  facet normal 0 0 -1
    outer loop
      vertex 178.884 -92.5781 0
      vertex 173.541 -92.5781 0
      vertex 178.737 -92.2246 0
    endloop
  endfacet
  facet normal 0 0 -1
    outer loop
      vertex 173.541 -92.5781 0
      vertex 178.884 -92.5781 0
      vertex 177.969 -98.7754 0
    endloop
  endfacet
  facet normal -0 0 -1
    outer loop
      vertex 179.237 -92.7246 0
      vertex 177.969 -98.7754 0
      vertex 178.884 -92.5781 0
    endloop
  endfacet
  facet normal 0 0 -1
    outer loop
      vertex 206.879 -16.3789 0
      vertex 212.222 -16.3789 0
      vertex 206.879 -21.7217 0
    endloop
  endfacet
  facet normal 0 0 -1
    outer loop
      vertex 212.222 -16.3789 0
      vertex 206.879 -16.3789 0
      vertex 207.025 -16.0254 0
    endloop
  endfacet
  facet normal 0 0 -1
    outer loop
      vertex 206.525 -21.5752 0
      vertex 206.879 -16.3789 0
      vertex 206.879 -21.7217 0
    endloop
  endfacet
  facet normal 0 0 -1
    outer loop
      vertex 206.525 -21.5752 0
      vertex 206.525 -16.5254 0
      vertex 206.879 -16.3789 0
    endloop
  endfacet
  facet normal 0 0 -1
    outer loop
      vertex 193.525 -21.5752 0
      vertex 206.525 -16.5254 0
      vertex 206.525 -21.5752 0
    endloop
  endfacet
  facet normal 0 0 -1
    outer loop
      vertex 193.525 -21.5752 0
      vertex 193.525 -16.5254 0
      vertex 206.525 -16.5254 0
    endloop
  endfacet
  facet normal 0 0 -1
    outer loop
      vertex 193.172 -21.7217 0
      vertex 193.525 -16.5254 0
      vertex 193.525 -21.5752 0
    endloop
  endfacet
  facet normal 0 0 -1
    outer loop
      vertex 193.172 -21.7217 0
      vertex 193.172 -16.3789 0
      vertex 193.525 -16.5254 0
    endloop
  endfacet
  facet normal 0 0 -1
    outer loop
      vertex 187.975 -22.0752 0
      vertex 193.172 -21.7217 0
      vertex 193.025 -22.0752 0
    endloop
  endfacet
  facet normal 0 0 -1
    outer loop
      vertex 187.828 -21.7217 0
      vertex 193.172 -21.7217 0
      vertex 187.975 -22.0752 0
    endloop
  endfacet
  facet normal 0 0 -1
    outer loop
      vertex 221.746 -54.4785 0
      vertex 216.403 -54.4785 0
      vertex 216.55 -54.125 0
    endloop
  endfacet
  facet normal 0 0 -1
    outer loop
      vertex 220.812 -59.6748 0
      vertex 216.05 -54.625 0
      vertex 216.403 -54.4785 0
    endloop
  endfacet
  facet normal 0 0 -1
    outer loop
      vertex 207.812 -59.6748 0
      vertex 216.05 -54.625 0
      vertex 220.812 -59.6748 0
    endloop
  endfacet
  facet normal 0 0 -1
    outer loop
      vertex 203.05 -54.625 0
      vertex 207.812 -59.6748 0
      vertex 207.459 -59.8213 0
    endloop
  endfacet
  facet normal 0 0 -1
    outer loop
      vertex 207.812 -59.6748 0
      vertex 203.05 -54.625 0
      vertex 216.05 -54.625 0
    endloop
  endfacet
  facet normal 0 0 -1
    outer loop
      vertex 202.116 -59.8213 0
      vertex 207.459 -59.8213 0
      vertex 207.312 -60.1748 0
    endloop
  endfacet
  facet normal 0 0 -1
    outer loop
      vertex 206.879 -97.9219 0
      vertex 212.222 -97.9219 0
      vertex 207.025 -98.2754 0
    endloop
  endfacet
  facet normal 0 0 -1
    outer loop
      vertex 212.222 -97.9219 0
      vertex 206.879 -97.9219 0
      vertex 211.287 -92.7246 0
    endloop
  endfacet
  facet normal 0 0 -1
    outer loop
      vertex 206.525 -97.7754 0
      vertex 211.287 -92.7246 0
      vertex 206.879 -97.9219 0
    endloop
  endfacet
  facet normal 0 0 -1
    outer loop
      vertex 206.525 -97.7754 0
      vertex 198.287 -92.7246 0
      vertex 211.287 -92.7246 0
    endloop
  endfacet
  facet normal 0 0 -1
    outer loop
      vertex 193.525 -97.7754 0
      vertex 198.287 -92.7246 0
      vertex 206.525 -97.7754 0
    endloop
  endfacet
  facet normal 0 0 -1
    outer loop
      vertex 197.934 -92.5781 0
      vertex 192.591 -92.5781 0
      vertex 197.787 -92.2246 0
    endloop
  endfacet
  facet normal 0 0 -1
    outer loop
      vertex 192.591 -92.5781 0
      vertex 197.934 -92.5781 0
      vertex 193.525 -97.7754 0
    endloop
  endfacet
  facet normal -0 0 -1
    outer loop
      vertex 198.287 -92.7246 0
      vertex 193.525 -97.7754 0
      vertex 197.934 -92.5781 0
    endloop
  endfacet
  facet normal 0 0 -1
    outer loop
      vertex 225.929 -16.3789 0
      vertex 231.271 -16.3789 0
      vertex 225.929 -21.7217 0
    endloop
  endfacet
  facet normal 0 0 -1
    outer loop
      vertex 231.271 -16.3789 0
      vertex 225.929 -16.3789 0
      vertex 226.075 -16.0254 0
    endloop
  endfacet
  facet normal 0 0 -1
    outer loop
      vertex 225.575 -21.5752 0
      vertex 225.929 -16.3789 0
      vertex 225.929 -21.7217 0
    endloop
  endfacet
  facet normal 0 0 -1
    outer loop
      vertex 225.575 -21.5752 0
      vertex 225.575 -16.5254 0
      vertex 225.929 -16.3789 0
    endloop
  endfacet
  facet normal 0 0 -1
    outer loop
      vertex 212.575 -21.5752 0
      vertex 225.575 -16.5254 0
      vertex 225.575 -21.5752 0
    endloop
  endfacet
  facet normal 0 0 -1
    outer loop
      vertex 212.575 -21.5752 0
      vertex 212.575 -16.5254 0
      vertex 225.575 -16.5254 0
    endloop
  endfacet
  facet normal 0 0 -1
    outer loop
      vertex 212.222 -21.7217 0
      vertex 212.575 -16.5254 0
      vertex 212.575 -21.5752 0
    endloop
  endfacet
  facet normal 0 0 -1
    outer loop
      vertex 212.222 -21.7217 0
      vertex 212.222 -16.3789 0
      vertex 212.575 -16.5254 0
    endloop
  endfacet
  facet normal 0 0 -1
    outer loop
      vertex 207.025 -22.0752 0
      vertex 212.222 -21.7217 0
      vertex 212.075 -22.0752 0
    endloop
  endfacet
  facet normal 0 0 -1
    outer loop
      vertex 206.879 -21.7217 0
      vertex 212.222 -21.7217 0
      vertex 207.025 -22.0752 0
    endloop
  endfacet
  facet normal 0 0 -1
    outer loop
      vertex 240.797 -54.4785 0
      vertex 235.453 -54.4785 0
      vertex 235.6 -54.125 0
    endloop
  endfacet
  facet normal 0 0 -1
    outer loop
      vertex 239.862 -59.6748 0
      vertex 235.1 -54.625 0
      vertex 235.453 -54.4785 0
    endloop
  endfacet
  facet normal 0 0 -1
    outer loop
      vertex 226.862 -59.6748 0
      vertex 235.1 -54.625 0
      vertex 239.862 -59.6748 0
    endloop
  endfacet
  facet normal 0 0 -1
    outer loop
      vertex 222.1 -54.625 0
      vertex 226.862 -59.6748 0
      vertex 226.509 -59.8213 0
    endloop
  endfacet
  facet normal 0 0 -1
    outer loop
      vertex 226.862 -59.6748 0
      vertex 222.1 -54.625 0
      vertex 235.1 -54.625 0
    endloop
  endfacet
  facet normal 0 0 -1
    outer loop
      vertex 221.166 -59.8213 0
      vertex 226.509 -59.8213 0
      vertex 226.362 -60.1748 0
    endloop
  endfacet
  facet normal 0 0 -1
    outer loop
      vertex 244.979 -16.3789 0
      vertex 250.321 -16.3789 0
      vertex 244.979 -21.7217 0
    endloop
  endfacet
  facet normal 0 0 -1
    outer loop
      vertex 250.321 -16.3789 0
      vertex 244.979 -16.3789 0
      vertex 245.125 -16.0254 0
    endloop
  endfacet
  facet normal 0 0 -1
    outer loop
      vertex 244.625 -21.5752 0
      vertex 244.979 -16.3789 0
      vertex 244.979 -21.7217 0
    endloop
  endfacet
  facet normal 0 0 -1
    outer loop
      vertex 244.625 -21.5752 0
      vertex 244.625 -16.5254 0
      vertex 244.979 -16.3789 0
    endloop
  endfacet
  facet normal 0 0 -1
    outer loop
      vertex 231.625 -21.5752 0
      vertex 244.625 -16.5254 0
      vertex 244.625 -21.5752 0
    endloop
  endfacet
  facet normal 0 0 -1
    outer loop
      vertex 231.625 -21.5752 0
      vertex 231.625 -16.5254 0
      vertex 244.625 -16.5254 0
    endloop
  endfacet
  facet normal 0 0 -1
    outer loop
      vertex 231.271 -21.7217 0
      vertex 231.625 -16.5254 0
      vertex 231.625 -21.5752 0
    endloop
  endfacet
  facet normal 0 0 -1
    outer loop
      vertex 231.271 -21.7217 0
      vertex 231.271 -16.3789 0
      vertex 231.625 -16.5254 0
    endloop
  endfacet
  facet normal 0 0 -1
    outer loop
      vertex 226.075 -22.0752 0
      vertex 231.271 -21.7217 0
      vertex 231.125 -22.0752 0
    endloop
  endfacet
  facet normal 0 0 -1
    outer loop
      vertex 225.929 -21.7217 0
      vertex 231.271 -21.7217 0
      vertex 226.075 -22.0752 0
    endloop
  endfacet
  facet normal 0 0 -1
    outer loop
      vertex 257.818 -59.6748 0
      vertex 254.504 -54.4785 0
      vertex 254.65 -54.125 0
    endloop
  endfacet
  facet normal 0 0 -1
    outer loop
      vertex 257.465 -59.8213 0
      vertex 254.15 -54.625 0
      vertex 254.504 -54.4785 0
    endloop
  endfacet
  facet normal 0 0 -1
    outer loop
      vertex 249.381 -60.6748 0
      vertex 254.15 -54.625 0
      vertex 255.381 -60.6748 0
    endloop
  endfacet
  facet normal 0 0 -1
    outer loop
      vertex 241.15 -54.625 0
      vertex 249.381 -60.6748 0
      vertex 249.027 -60.8213 0
    endloop
  endfacet
  facet normal 0 0 -1
    outer loop
      vertex 240.216 -73.5283 0
      vertex 243.531 -78.7246 0
      vertex 243.178 -78.8711 0
    endloop
  endfacet
  facet normal 0 0 -1
    outer loop
      vertex 239.862 -73.6748 0
      vertex 243.178 -78.8711 0
      vertex 243.031 -79.2246 0
    endloop
  endfacet
  facet normal 0 0 -1
    outer loop
      vertex 249.381 -60.6748 0
      vertex 241.15 -54.625 0
      vertex 254.15 -54.625 0
    endloop
  endfacet
  facet normal 0 0 -1
    outer loop
      vertex 240.362 -60.1748 0
      vertex 249.027 -60.8213 0
      vertex 248.881 -61.1748 0
    endloop
  endfacet
  facet normal 0 0 -1
    outer loop
      vertex 243.531 -78.7246 0
      vertex 240.362 -73.1748 0
      vertex 248.881 -61.1748 0
    endloop
  endfacet
  facet normal 0 0 -1
    outer loop
      vertex 256.885 -78.8711 0
      vertex 255.734 -75.5283 0
      vertex 255.881 -75.1748 0
    endloop
  endfacet
  facet normal 0 0 -1
    outer loop
      vertex 256.531 -78.7246 0
      vertex 255.381 -75.6748 0
      vertex 255.734 -75.5283 0
    endloop
  endfacet
  facet normal 0 0 -1
    outer loop
      vertex 256.531 -78.7246 0
      vertex 249.381 -75.6748 0
      vertex 255.381 -75.6748 0
    endloop
  endfacet
  facet normal 0 0 -1
    outer loop
      vertex 243.531 -78.7246 0
      vertex 249.381 -75.6748 0
      vertex 256.531 -78.7246 0
    endloop
  endfacet
  facet normal -0 0 -1
    outer loop
      vertex 248.881 -75.1748 0
      vertex 243.531 -78.7246 0
      vertex 248.881 -61.1748 0
    endloop
  endfacet
  facet normal -0 0 -1
    outer loop
      vertex 249.027 -75.5283 0
      vertex 243.531 -78.7246 0
      vertex 248.881 -75.1748 0
    endloop
  endfacet
  facet normal -0 0 -1
    outer loop
      vertex 249.381 -75.6748 0
      vertex 243.531 -78.7246 0
      vertex 249.027 -75.5283 0
    endloop
  endfacet
  facet normal 0 0 -1
    outer loop
      vertex 288.422 -54.4785 0
      vertex 278.316 -54.4785 0
      vertex 278.463 -54.125 0
    endloop
  endfacet
  facet normal 0 0 -1
    outer loop
      vertex 279.257 -60.6748 0
      vertex 277.963 -54.625 0
      vertex 278.316 -54.4785 0
    endloop
  endfacet
  facet normal 0 0 -1
    outer loop
      vertex 273.257 -60.6748 0
      vertex 277.963 -54.625 0
      vertex 279.257 -60.6748 0
    endloop
  endfacet
  facet normal 0 0 -1
    outer loop
      vertex 271.172 -59.8213 0
      vertex 273.257 -60.6748 0
      vertex 272.903 -60.8213 0
    endloop
  endfacet
  facet normal 0 0 -1
    outer loop
      vertex 271.318 -60.1748 0
      vertex 272.757 -61.1748 0
      vertex 271.318 -73.1748 0
    endloop
  endfacet
  facet normal 0 0 -1
    outer loop
      vertex 271.318 -60.1748 0
      vertex 272.903 -60.8213 0
      vertex 272.757 -61.1748 0
    endloop
  endfacet
  facet normal 0 0 -1
    outer loop
      vertex 271.172 -59.8213 0
      vertex 272.903 -60.8213 0
      vertex 271.318 -60.1748 0
    endloop
  endfacet
  facet normal 0 0 -1
    outer loop
      vertex 273.257 -60.6748 0
      vertex 271.172 -59.8213 0
      vertex 277.963 -54.625 0
    endloop
  endfacet
  facet normal 0 0 -1
    outer loop
      vertex 270.818 -59.6748 0
      vertex 277.963 -54.625 0
      vertex 271.172 -59.8213 0
    endloop
  endfacet
  facet normal 0 0 -1
    outer loop
      vertex 270.818 -59.6748 0
      vertex 264.963 -54.625 0
      vertex 277.963 -54.625 0
    endloop
  endfacet
  facet normal 0 0 -1
    outer loop
      vertex 257.818 -59.6748 0
      vertex 264.963 -54.625 0
      vertex 270.818 -59.6748 0
    endloop
  endfacet
  facet normal 0 0 -1
    outer loop
      vertex 254.65 -41.125 0
      vertex 264.463 -41.125 0
      vertex 264.463 -54.125 0
    endloop
  endfacet
  facet normal 0 0 -1
    outer loop
      vertex 264.463 -41.125 0
      vertex 258.115 -37.4287 0
      vertex 260.2 -35.5752 0
    endloop
  endfacet
  facet normal 0 -0 -1
    outer loop
      vertex 258.262 -37.0752 0
      vertex 260.2 -35.5752 0
      vertex 258.115 -37.4287 0
    endloop
  endfacet
  facet normal 0 0 -1
    outer loop
      vertex 258.262 -23.0752 0
      vertex 259.7 -35.0752 0
      vertex 258.262 -37.0752 0
    endloop
  endfacet
  facet normal -0 0 -1
    outer loop
      vertex 260.2 -35.5752 0
      vertex 258.262 -37.0752 0
      vertex 259.847 -35.4287 0
    endloop
  endfacet
  facet normal -0 0 -1
    outer loop
      vertex 259.847 -35.4287 0
      vertex 258.262 -37.0752 0
      vertex 259.7 -35.0752 0
    endloop
  endfacet
  facet normal -0 0 -1
    outer loop
      vertex 264.963 -54.625 0
      vertex 257.818 -59.6748 0
      vertex 264.609 -54.4785 0
    endloop
  endfacet
  facet normal 0 0 -1
    outer loop
      vertex 257.818 -59.6748 0
      vertex 264.463 -54.125 0
      vertex 264.609 -54.4785 0
    endloop
  endfacet
  facet normal 0 0 -1
    outer loop
      vertex 254.65 -54.125 0
      vertex 264.463 -54.125 0
      vertex 257.818 -59.6748 0
    endloop
  endfacet
  facet normal 0 0 -1
    outer loop
      vertex 254.65 -41.125 0
      vertex 264.463 -54.125 0
      vertex 254.65 -54.125 0
    endloop
  endfacet
  facet normal 0 0 -1
    outer loop
      vertex 254.504 -54.4785 0
      vertex 257.818 -59.6748 0
      vertex 257.465 -59.8213 0
    endloop
  endfacet
  facet normal 0 0 -1
    outer loop
      vertex 255.381 -60.6748 0
      vertex 257.465 -59.8213 0
      vertex 257.318 -60.1748 0
    endloop
  endfacet
  facet normal -0 0 -1
    outer loop
      vertex 257.818 -73.6748 0
      vertex 255.881 -75.1748 0
      vertex 257.465 -73.5283 0
    endloop
  endfacet
  facet normal -0 0 -1
    outer loop
      vertex 257.465 -73.5283 0
      vertex 255.881 -75.1748 0
      vertex 257.318 -73.1748 0
    endloop
  endfacet
  facet normal 0 0 -1
    outer loop
      vertex 255.881 -61.1748 0
      vertex 257.318 -73.1748 0
      vertex 255.881 -75.1748 0
    endloop
  endfacet
  facet normal 0 0 -1
    outer loop
      vertex 255.734 -75.5283 0
      vertex 256.885 -78.8711 0
      vertex 256.531 -78.7246 0
    endloop
  endfacet
  facet normal 0 0 -1
    outer loop
      vertex 257.318 -73.1748 0
      vertex 255.881 -61.1748 0
      vertex 257.318 -60.1748 0
    endloop
  endfacet
  facet normal 0 0 -1
    outer loop
      vertex 255.734 -60.8213 0
      vertex 257.318 -60.1748 0
      vertex 255.881 -61.1748 0
    endloop
  endfacet
  facet normal 0 0 -1
    outer loop
      vertex 255.381 -60.6748 0
      vertex 257.318 -60.1748 0
      vertex 255.734 -60.8213 0
    endloop
  endfacet
  facet normal 0 0 -1
    outer loop
      vertex 254.15 -54.625 0
      vertex 257.465 -59.8213 0
      vertex 255.381 -60.6748 0
    endloop
  endfacet
  facet normal 0 -0 -1
    outer loop
      vertex 257.762 -37.5752 0
      vertex 264.463 -41.125 0
      vertex 254.65 -41.125 0
    endloop
  endfacet
  facet normal 0 0 -1
    outer loop
      vertex 264.463 -41.125 0
      vertex 257.762 -37.5752 0
      vertex 258.115 -37.4287 0
    endloop
  endfacet
  facet normal 0 0 -1
    outer loop
      vertex 254.504 -40.7715 0
      vertex 257.762 -37.5752 0
      vertex 254.65 -41.125 0
    endloop
  endfacet
  facet normal 0 0 -1
    outer loop
      vertex 254.15 -40.625 0
      vertex 257.762 -37.5752 0
      vertex 254.504 -40.7715 0
    endloop
  endfacet
  facet normal 0 0 -1
    outer loop
      vertex 254.15 -40.625 0
      vertex 251.762 -37.5752 0
      vertex 257.762 -37.5752 0
    endloop
  endfacet
  facet normal 0 0 -1
    outer loop
      vertex 254.15 -40.625 0
      vertex 251.408 -37.4287 0
      vertex 251.762 -37.5752 0
    endloop
  endfacet
  facet normal 0 0 -1
    outer loop
      vertex 245.125 -35.0752 0
      vertex 251.262 -23.0752 0
      vertex 251.262 -37.0752 0
    endloop
  endfacet
  facet normal 0 0 -1
    outer loop
      vertex 244.979 -21.7217 0
      vertex 251.262 -23.0752 0
      vertex 245.125 -22.0752 0
    endloop
  endfacet
  facet normal 0 0 -1
    outer loop
      vertex 251.262 -23.0752 0
      vertex 250.321 -16.3789 0
      vertex 250.675 -16.5254 0
    endloop
  endfacet
  facet normal 0 0 -1
    outer loop
      vertex 251.262 -23.0752 0
      vertex 244.979 -21.7217 0
      vertex 250.321 -16.3789 0
    endloop
  endfacet
  facet normal -0 0 -1
    outer loop
      vertex 251.262 -23.0752 0
      vertex 245.125 -35.0752 0
      vertex 245.125 -22.0752 0
    endloop
  endfacet
  facet normal 0 0 -1
    outer loop
      vertex 244.979 -35.4287 0
      vertex 251.262 -37.0752 0
      vertex 251.408 -37.4287 0
    endloop
  endfacet
  facet normal 0 0 -1
    outer loop
      vertex 241.15 -40.625 0
      vertex 251.408 -37.4287 0
      vertex 254.15 -40.625 0
    endloop
  endfacet
  facet normal 0 0 -1
    outer loop
      vertex 251.262 -37.0752 0
      vertex 244.979 -35.4287 0
      vertex 245.125 -35.0752 0
    endloop
  endfacet
  facet normal 0 -0 -1
    outer loop
      vertex 244.625 -35.5752 0
      vertex 251.408 -37.4287 0
      vertex 241.15 -40.625 0
    endloop
  endfacet
  facet normal 0 0 -1
    outer loop
      vertex 251.408 -37.4287 0
      vertex 244.625 -35.5752 0
      vertex 244.979 -35.4287 0
    endloop
  endfacet
  facet normal 0 0 -1
    outer loop
      vertex 240.797 -40.7715 0
      vertex 244.625 -35.5752 0
      vertex 241.15 -40.625 0
    endloop
  endfacet
  facet normal -0 0 -1
    outer loop
      vertex 241.15 -54.625 0
      vertex 239.862 -59.6748 0
      vertex 240.797 -54.4785 0
    endloop
  endfacet
  facet normal 0 0 -1
    outer loop
      vertex 235.453 -54.4785 0
      vertex 240.797 -54.4785 0
      vertex 239.862 -59.6748 0
    endloop
  endfacet
  facet normal 0 0 -1
    outer loop
      vertex 240.797 -54.4785 0
      vertex 235.6 -54.125 0
      vertex 240.65 -54.125 0
    endloop
  endfacet
  facet normal 0 0 -1
    outer loop
      vertex 240.65 -54.125 0
      vertex 235.6 -54.125 0
      vertex 240.65 -41.125 0
    endloop
  endfacet
  facet normal 0 0 -1
    outer loop
      vertex 235.6 -41.125 0
      vertex 240.65 -41.125 0
      vertex 235.6 -54.125 0
    endloop
  endfacet
  facet normal 0 0 -1
    outer loop
      vertex 235.6 -41.125 0
      vertex 240.797 -40.7715 0
      vertex 240.65 -41.125 0
    endloop
  endfacet
  facet normal 0 0 -1
    outer loop
      vertex 235.453 -40.7715 0
      vertex 240.797 -40.7715 0
      vertex 235.6 -41.125 0
    endloop
  endfacet
  facet normal 0 0 -1
    outer loop
      vertex 240.797 -40.7715 0
      vertex 235.453 -40.7715 0
      vertex 244.625 -35.5752 0
    endloop
  endfacet
  facet normal 0 0 -1
    outer loop
      vertex 231.625 -35.5752 0
      vertex 235.453 -40.7715 0
      vertex 235.1 -40.625 0
    endloop
  endfacet
  facet normal 0 0 -1
    outer loop
      vertex 235.453 -40.7715 0
      vertex 231.625 -35.5752 0
      vertex 244.625 -35.5752 0
    endloop
  endfacet
  facet normal 0 0 -1
    outer loop
      vertex 235.1 -40.625 0
      vertex 231.271 -35.4287 0
      vertex 231.625 -35.5752 0
    endloop
  endfacet
  facet normal 0 0 -1
    outer loop
      vertex 226.075 -22.0752 0
      vertex 231.125 -22.0752 0
      vertex 231.125 -35.0752 0
    endloop
  endfacet
  facet normal 0 0 -1
    outer loop
      vertex 231.271 -21.7217 0
      vertex 225.929 -21.7217 0
      vertex 231.271 -16.3789 0
    endloop
  endfacet
  facet normal 0 0 -1
    outer loop
      vertex 226.075 -22.0752 0
      vertex 231.125 -35.0752 0
      vertex 226.075 -35.0752 0
    endloop
  endfacet
  facet normal 0 0 -1
    outer loop
      vertex 231.271 -35.4287 0
      vertex 226.075 -35.0752 0
      vertex 231.125 -35.0752 0
    endloop
  endfacet
  facet normal 0 0 -1
    outer loop
      vertex 225.929 -35.4287 0
      vertex 231.271 -35.4287 0
      vertex 235.1 -40.625 0
    endloop
  endfacet
  facet normal 0 0 -1
    outer loop
      vertex 231.271 -35.4287 0
      vertex 225.929 -35.4287 0
      vertex 226.075 -35.0752 0
    endloop
  endfacet
  facet normal 0 0 -1
    outer loop
      vertex 222.1 -40.625 0
      vertex 225.929 -35.4287 0
      vertex 235.1 -40.625 0
    endloop
  endfacet
  facet normal 0 0 -1
    outer loop
      vertex 225.929 -35.4287 0
      vertex 222.1 -40.625 0
      vertex 225.575 -35.5752 0
    endloop
  endfacet
  facet normal 0 0 -1
    outer loop
      vertex 221.746 -40.7715 0
      vertex 225.575 -35.5752 0
      vertex 222.1 -40.625 0
    endloop
  endfacet
  facet normal -0 0 -1
    outer loop
      vertex 222.1 -54.625 0
      vertex 220.812 -59.6748 0
      vertex 221.746 -54.4785 0
    endloop
  endfacet
  facet normal 0 0 -1
    outer loop
      vertex 216.403 -54.4785 0
      vertex 221.746 -54.4785 0
      vertex 220.812 -59.6748 0
    endloop
  endfacet
  facet normal 0 0 -1
    outer loop
      vertex 221.746 -54.4785 0
      vertex 216.55 -54.125 0
      vertex 221.6 -54.125 0
    endloop
  endfacet
  facet normal 0 0 -1
    outer loop
      vertex 221.6 -54.125 0
      vertex 216.55 -54.125 0
      vertex 221.6 -41.125 0
    endloop
  endfacet
  facet normal 0 0 -1
    outer loop
      vertex 216.55 -41.125 0
      vertex 221.6 -41.125 0
      vertex 216.55 -54.125 0
    endloop
  endfacet
  facet normal 0 0 -1
    outer loop
      vertex 216.55 -41.125 0
      vertex 221.746 -40.7715 0
      vertex 221.6 -41.125 0
    endloop
  endfacet
  facet normal 0 0 -1
    outer loop
      vertex 216.403 -40.7715 0
      vertex 221.746 -40.7715 0
      vertex 216.55 -41.125 0
    endloop
  endfacet
  facet normal 0 0 -1
    outer loop
      vertex 221.746 -40.7715 0
      vertex 216.403 -40.7715 0
      vertex 225.575 -35.5752 0
    endloop
  endfacet
  facet normal 0 0 -1
    outer loop
      vertex 212.575 -35.5752 0
      vertex 216.403 -40.7715 0
      vertex 216.05 -40.625 0
    endloop
  endfacet
  facet normal 0 0 -1
    outer loop
      vertex 216.403 -40.7715 0
      vertex 212.575 -35.5752 0
      vertex 225.575 -35.5752 0
    endloop
  endfacet
  facet normal 0 0 -1
    outer loop
      vertex 216.05 -40.625 0
      vertex 212.222 -35.4287 0
      vertex 212.575 -35.5752 0
    endloop
  endfacet
  facet normal 0 0 -1
    outer loop
      vertex 207.025 -22.0752 0
      vertex 212.075 -22.0752 0
      vertex 212.075 -35.0752 0
    endloop
  endfacet
  facet normal 0 0 -1
    outer loop
      vertex 212.222 -21.7217 0
      vertex 206.879 -21.7217 0
      vertex 212.222 -16.3789 0
    endloop
  endfacet
  facet normal 0 0 -1
    outer loop
      vertex 207.025 -22.0752 0
      vertex 212.075 -35.0752 0
      vertex 207.025 -35.0752 0
    endloop
  endfacet
  facet normal 0 0 -1
    outer loop
      vertex 212.222 -35.4287 0
      vertex 207.025 -35.0752 0
      vertex 212.075 -35.0752 0
    endloop
  endfacet
  facet normal 0 0 -1
    outer loop
      vertex 206.879 -35.4287 0
      vertex 212.222 -35.4287 0
      vertex 216.05 -40.625 0
    endloop
  endfacet
  facet normal 0 0 -1
    outer loop
      vertex 212.222 -35.4287 0
      vertex 206.879 -35.4287 0
      vertex 207.025 -35.0752 0
    endloop
  endfacet
  facet normal 0 0 -1
    outer loop
      vertex 203.05 -40.625 0
      vertex 206.879 -35.4287 0
      vertex 216.05 -40.625 0
    endloop
  endfacet
  facet normal 0 0 -1
    outer loop
      vertex 206.879 -35.4287 0
      vertex 203.05 -40.625 0
      vertex 206.525 -35.5752 0
    endloop
  endfacet
  facet normal 0 0 -1
    outer loop
      vertex 202.696 -40.7715 0
      vertex 206.525 -35.5752 0
      vertex 203.05 -40.625 0
    endloop
  endfacet
  facet normal -0 0 -1
    outer loop
      vertex 203.05 -54.625 0
      vertex 201.763 -59.6748 0
      vertex 202.696 -54.4785 0
    endloop
  endfacet
  facet normal 0 0 -1
    outer loop
      vertex 197.354 -54.4785 0
      vertex 202.696 -54.4785 0
      vertex 201.763 -59.6748 0
    endloop
  endfacet
  facet normal 0 0 -1
    outer loop
      vertex 202.696 -54.4785 0
      vertex 197.5 -54.125 0
      vertex 202.55 -54.125 0
    endloop
  endfacet
  facet normal 0 0 -1
    outer loop
      vertex 202.55 -54.125 0
      vertex 197.5 -54.125 0
      vertex 202.55 -41.125 0
    endloop
  endfacet
  facet normal 0 0 -1
    outer loop
      vertex 197.5 -41.125 0
      vertex 202.55 -41.125 0
      vertex 197.5 -54.125 0
    endloop
  endfacet
  facet normal 0 0 -1
    outer loop
      vertex 197.5 -41.125 0
      vertex 202.696 -40.7715 0
      vertex 202.55 -41.125 0
    endloop
  endfacet
  facet normal 0 0 -1
    outer loop
      vertex 197.354 -40.7715 0
      vertex 202.696 -40.7715 0
      vertex 197.5 -41.125 0
    endloop
  endfacet
  facet normal 0 0 -1
    outer loop
      vertex 202.696 -40.7715 0
      vertex 197.354 -40.7715 0
      vertex 206.525 -35.5752 0
    endloop
  endfacet
  facet normal 0 0 -1
    outer loop
      vertex 193.525 -35.5752 0
      vertex 197.354 -40.7715 0
      vertex 197 -40.625 0
    endloop
  endfacet
  facet normal 0 0 -1
    outer loop
      vertex 197.354 -40.7715 0
      vertex 193.525 -35.5752 0
      vertex 206.525 -35.5752 0
    endloop
  endfacet
  facet normal 0 0 -1
    outer loop
      vertex 197 -40.625 0
      vertex 193.172 -35.4287 0
      vertex 193.525 -35.5752 0
    endloop
  endfacet
  facet normal 0 0 -1
    outer loop
      vertex 187.975 -22.0752 0
      vertex 193.025 -22.0752 0
      vertex 193.025 -35.0752 0
    endloop
  endfacet
  facet normal 0 0 -1
    outer loop
      vertex 193.172 -21.7217 0
      vertex 187.828 -21.7217 0
      vertex 193.172 -16.3789 0
    endloop
  endfacet
  facet normal 0 0 -1
    outer loop
      vertex 187.975 -22.0752 0
      vertex 193.025 -35.0752 0
      vertex 187.975 -35.0752 0
    endloop
  endfacet
  facet normal 0 0 -1
    outer loop
      vertex 193.172 -35.4287 0
      vertex 187.975 -35.0752 0
      vertex 193.025 -35.0752 0
    endloop
  endfacet
  facet normal 0 0 -1
    outer loop
      vertex 187.828 -35.4287 0
      vertex 193.172 -35.4287 0
      vertex 197 -40.625 0
    endloop
  endfacet
  facet normal 0 0 -1
    outer loop
      vertex 193.172 -35.4287 0
      vertex 187.828 -35.4287 0
      vertex 187.975 -35.0752 0
    endloop
  endfacet
  facet normal 0 0 -1
    outer loop
      vertex 184 -40.625 0
      vertex 187.828 -35.4287 0
      vertex 197 -40.625 0
    endloop
  endfacet
  facet normal 0 0 -1
    outer loop
      vertex 187.828 -35.4287 0
      vertex 184 -40.625 0
      vertex 187.475 -35.5752 0
    endloop
  endfacet
  facet normal 0 0 -1
    outer loop
      vertex 183.646 -40.7715 0
      vertex 187.475 -35.5752 0
      vertex 184 -40.625 0
    endloop
  endfacet
  facet normal -0 0 -1
    outer loop
      vertex 184 -54.625 0
      vertex 182.713 -59.6748 0
      vertex 183.646 -54.4785 0
    endloop
  endfacet
  facet normal 0 0 -1
    outer loop
      vertex 178.304 -54.4785 0
      vertex 183.646 -54.4785 0
      vertex 182.713 -59.6748 0
    endloop
  endfacet
  facet normal 0 0 -1
    outer loop
      vertex 183.646 -54.4785 0
      vertex 178.45 -54.125 0
      vertex 183.5 -54.125 0
    endloop
  endfacet
  facet normal 0 0 -1
    outer loop
      vertex 183.5 -54.125 0
      vertex 178.45 -54.125 0
      vertex 183.5 -41.125 0
    endloop
  endfacet
  facet normal 0 0 -1
    outer loop
      vertex 178.45 -41.125 0
      vertex 183.5 -41.125 0
      vertex 178.45 -54.125 0
    endloop
  endfacet
  facet normal 0 0 -1
    outer loop
      vertex 178.45 -41.125 0
      vertex 183.646 -40.7715 0
      vertex 183.5 -41.125 0
    endloop
  endfacet
  facet normal 0 0 -1
    outer loop
      vertex 178.304 -40.7715 0
      vertex 183.646 -40.7715 0
      vertex 178.45 -41.125 0
    endloop
  endfacet
  facet normal 0 0 -1
    outer loop
      vertex 183.646 -40.7715 0
      vertex 178.304 -40.7715 0
      vertex 187.475 -35.5752 0
    endloop
  endfacet
  facet normal 0 0 -1
    outer loop
      vertex 174.475 -35.5752 0
      vertex 178.304 -40.7715 0
      vertex 177.95 -40.625 0
    endloop
  endfacet
  facet normal 0 0 -1
    outer loop
      vertex 178.304 -40.7715 0
      vertex 174.475 -35.5752 0
      vertex 187.475 -35.5752 0
    endloop
  endfacet
  facet normal 0 0 -1
    outer loop
      vertex 177.95 -40.625 0
      vertex 174.121 -35.4287 0
      vertex 174.475 -35.5752 0
    endloop
  endfacet
  facet normal 0 0 -1
    outer loop
      vertex 168.925 -22.0752 0
      vertex 173.975 -22.0752 0
      vertex 173.975 -35.0752 0
    endloop
  endfacet
  facet normal 0 0 -1
    outer loop
      vertex 174.121 -21.7217 0
      vertex 168.778 -21.7217 0
      vertex 174.121 -16.3789 0
    endloop
  endfacet
  facet normal 0 0 -1
    outer loop
      vertex 168.925 -22.0752 0
      vertex 173.975 -35.0752 0
      vertex 168.925 -35.0752 0
    endloop
  endfacet
  facet normal 0 0 -1
    outer loop
      vertex 174.121 -35.4287 0
      vertex 168.925 -35.0752 0
      vertex 173.975 -35.0752 0
    endloop
  endfacet
  facet normal 0 0 -1
    outer loop
      vertex 168.778 -35.4287 0
      vertex 174.121 -35.4287 0
      vertex 177.95 -40.625 0
    endloop
  endfacet
  facet normal 0 0 -1
    outer loop
      vertex 174.121 -35.4287 0
      vertex 168.778 -35.4287 0
      vertex 168.925 -35.0752 0
    endloop
  endfacet
  facet normal 0 0 -1
    outer loop
      vertex 164.95 -40.625 0
      vertex 168.778 -35.4287 0
      vertex 177.95 -40.625 0
    endloop
  endfacet
  facet normal 0 0 -1
    outer loop
      vertex 168.778 -35.4287 0
      vertex 164.95 -40.625 0
      vertex 168.425 -35.5752 0
    endloop
  endfacet
  facet normal 0 0 -1
    outer loop
      vertex 164.597 -40.7715 0
      vertex 168.425 -35.5752 0
      vertex 164.95 -40.625 0
    endloop
  endfacet
  facet normal -0 0 -1
    outer loop
      vertex 164.95 -54.625 0
      vertex 163.662 -59.6748 0
      vertex 164.597 -54.4785 0
    endloop
  endfacet
  facet normal 0 0 -1
    outer loop
      vertex 159.254 -54.4785 0
      vertex 164.597 -54.4785 0
      vertex 163.662 -59.6748 0
    endloop
  endfacet
  facet normal 0 0 -1
    outer loop
      vertex 164.597 -54.4785 0
      vertex 159.4 -54.125 0
      vertex 164.45 -54.125 0
    endloop
  endfacet
  facet normal 0 0 -1
    outer loop
      vertex 164.45 -54.125 0
      vertex 159.4 -54.125 0
      vertex 164.45 -41.125 0
    endloop
  endfacet
  facet normal 0 0 -1
    outer loop
      vertex 159.4 -41.125 0
      vertex 164.45 -41.125 0
      vertex 159.4 -54.125 0
    endloop
  endfacet
  facet normal 0 0 -1
    outer loop
      vertex 159.4 -41.125 0
      vertex 164.597 -40.7715 0
      vertex 164.45 -41.125 0
    endloop
  endfacet
  facet normal 0 0 -1
    outer loop
      vertex 159.254 -40.7715 0
      vertex 164.597 -40.7715 0
      vertex 159.4 -41.125 0
    endloop
  endfacet
  facet normal 0 0 -1
    outer loop
      vertex 164.597 -40.7715 0
      vertex 159.254 -40.7715 0
      vertex 168.425 -35.5752 0
    endloop
  endfacet
  facet normal 0 0 -1
    outer loop
      vertex 155.425 -35.5752 0
      vertex 159.254 -40.7715 0
      vertex 158.9 -40.625 0
    endloop
  endfacet
  facet normal 0 0 -1
    outer loop
      vertex 159.254 -40.7715 0
      vertex 155.425 -35.5752 0
      vertex 168.425 -35.5752 0
    endloop
  endfacet
  facet normal 0 0 -1
    outer loop
      vertex 158.9 -40.625 0
      vertex 155.071 -35.4287 0
      vertex 155.425 -35.5752 0
    endloop
  endfacet
  facet normal 0 0 -1
    outer loop
      vertex 149.875 -22.0752 0
      vertex 154.925 -22.0752 0
      vertex 154.925 -35.0752 0
    endloop
  endfacet
  facet normal 0 0 -1
    outer loop
      vertex 155.071 -21.7217 0
      vertex 149.729 -21.7217 0
      vertex 155.071 -16.3789 0
    endloop
  endfacet
  facet normal 0 0 -1
    outer loop
      vertex 149.875 -22.0752 0
      vertex 154.925 -35.0752 0
      vertex 149.875 -35.0752 0
    endloop
  endfacet
  facet normal 0 0 -1
    outer loop
      vertex 155.071 -35.4287 0
      vertex 149.875 -35.0752 0
      vertex 154.925 -35.0752 0
    endloop
  endfacet
  facet normal 0 0 -1
    outer loop
      vertex 149.729 -35.4287 0
      vertex 155.071 -35.4287 0
      vertex 158.9 -40.625 0
    endloop
  endfacet
  facet normal 0 0 -1
    outer loop
      vertex 155.071 -35.4287 0
      vertex 149.729 -35.4287 0
      vertex 149.875 -35.0752 0
    endloop
  endfacet
  facet normal 0 0 -1
    outer loop
      vertex 145.9 -40.625 0
      vertex 149.729 -35.4287 0
      vertex 158.9 -40.625 0
    endloop
  endfacet
  facet normal 0 0 -1
    outer loop
      vertex 149.729 -35.4287 0
      vertex 145.9 -40.625 0
      vertex 149.375 -35.5752 0
    endloop
  endfacet
  facet normal 0 0 -1
    outer loop
      vertex 145.547 -40.7715 0
      vertex 149.375 -35.5752 0
      vertex 145.9 -40.625 0
    endloop
  endfacet
  facet normal -0 0 -1
    outer loop
      vertex 145.9 -54.625 0
      vertex 144.612 -59.6748 0
      vertex 145.547 -54.4785 0
    endloop
  endfacet
  facet normal 0 0 -1
    outer loop
      vertex 140.203 -54.4785 0
      vertex 145.547 -54.4785 0
      vertex 144.612 -59.6748 0
    endloop
  endfacet
  facet normal 0 0 -1
    outer loop
      vertex 145.547 -54.4785 0
      vertex 140.35 -54.125 0
      vertex 145.4 -54.125 0
    endloop
  endfacet
  facet normal 0 0 -1
    outer loop
      vertex 145.4 -54.125 0
      vertex 140.35 -54.125 0
      vertex 145.4 -41.125 0
    endloop
  endfacet
  facet normal 0 0 -1
    outer loop
      vertex 140.35 -41.125 0
      vertex 145.4 -41.125 0
      vertex 140.35 -54.125 0
    endloop
  endfacet
  facet normal 0 0 -1
    outer loop
      vertex 140.35 -41.125 0
      vertex 145.547 -40.7715 0
      vertex 145.4 -41.125 0
    endloop
  endfacet
  facet normal 0 0 -1
    outer loop
      vertex 140.203 -40.7715 0
      vertex 145.547 -40.7715 0
      vertex 140.35 -41.125 0
    endloop
  endfacet
  facet normal 0 0 -1
    outer loop
      vertex 145.547 -40.7715 0
      vertex 140.203 -40.7715 0
      vertex 149.375 -35.5752 0
    endloop
  endfacet
  facet normal 0 0 -1
    outer loop
      vertex 136.375 -35.5752 0
      vertex 140.203 -40.7715 0
      vertex 139.85 -40.625 0
    endloop
  endfacet
  facet normal 0 0 -1
    outer loop
      vertex 140.203 -40.7715 0
      vertex 136.375 -35.5752 0
      vertex 149.375 -35.5752 0
    endloop
  endfacet
  facet normal 0 0 -1
    outer loop
      vertex 139.85 -40.625 0
      vertex 136.021 -35.4287 0
      vertex 136.375 -35.5752 0
    endloop
  endfacet
  facet normal 0 0 -1
    outer loop
      vertex 130.825 -22.0752 0
      vertex 135.875 -22.0752 0
      vertex 135.875 -35.0752 0
    endloop
  endfacet
  facet normal 0 0 -1
    outer loop
      vertex 136.021 -21.7217 0
      vertex 130.679 -21.7217 0
      vertex 136.021 -16.3789 0
    endloop
  endfacet
  facet normal 0 0 -1
    outer loop
      vertex 130.825 -22.0752 0
      vertex 135.875 -35.0752 0
      vertex 130.825 -35.0752 0
    endloop
  endfacet
  facet normal 0 0 -1
    outer loop
      vertex 136.021 -35.4287 0
      vertex 130.825 -35.0752 0
      vertex 135.875 -35.0752 0
    endloop
  endfacet
  facet normal 0 0 -1
    outer loop
      vertex 130.679 -35.4287 0
      vertex 136.021 -35.4287 0
      vertex 139.85 -40.625 0
    endloop
  endfacet
  facet normal 0 0 -1
    outer loop
      vertex 136.021 -35.4287 0
      vertex 130.679 -35.4287 0
      vertex 130.825 -35.0752 0
    endloop
  endfacet
  facet normal 0 0 -1
    outer loop
      vertex 126.85 -40.625 0
      vertex 130.679 -35.4287 0
      vertex 139.85 -40.625 0
    endloop
  endfacet
  facet normal 0 0 -1
    outer loop
      vertex 130.679 -35.4287 0
      vertex 126.85 -40.625 0
      vertex 130.325 -35.5752 0
    endloop
  endfacet
  facet normal 0 0 -1
    outer loop
      vertex 126.496 -40.7715 0
      vertex 130.325 -35.5752 0
      vertex 126.85 -40.625 0
    endloop
  endfacet
  facet normal -0 0 -1
    outer loop
      vertex 126.85 -54.625 0
      vertex 125.562 -59.6748 0
      vertex 126.496 -54.4785 0
    endloop
  endfacet
  facet normal 0 0 -1
    outer loop
      vertex 121.153 -54.4785 0
      vertex 126.496 -54.4785 0
      vertex 125.562 -59.6748 0
    endloop
  endfacet
  facet normal 0 0 -1
    outer loop
      vertex 126.496 -54.4785 0
      vertex 121.3 -54.125 0
      vertex 126.35 -54.125 0
    endloop
  endfacet
  facet normal 0 0 -1
    outer loop
      vertex 126.35 -54.125 0
      vertex 121.3 -54.125 0
      vertex 126.35 -41.125 0
    endloop
  endfacet
  facet normal 0 0 -1
    outer loop
      vertex 121.3 -41.125 0
      vertex 126.35 -41.125 0
      vertex 121.3 -54.125 0
    endloop
  endfacet
  facet normal 0 0 -1
    outer loop
      vertex 121.3 -41.125 0
      vertex 126.496 -40.7715 0
      vertex 126.35 -41.125 0
    endloop
  endfacet
  facet normal 0 0 -1
    outer loop
      vertex 121.153 -40.7715 0
      vertex 126.496 -40.7715 0
      vertex 121.3 -41.125 0
    endloop
  endfacet
  facet normal 0 0 -1
    outer loop
      vertex 126.496 -40.7715 0
      vertex 121.153 -40.7715 0
      vertex 130.325 -35.5752 0
    endloop
  endfacet
  facet normal 0 0 -1
    outer loop
      vertex 117.325 -35.5752 0
      vertex 121.153 -40.7715 0
      vertex 120.8 -40.625 0
    endloop
  endfacet
  facet normal 0 0 -1
    outer loop
      vertex 121.153 -40.7715 0
      vertex 117.325 -35.5752 0
      vertex 130.325 -35.5752 0
    endloop
  endfacet
  facet normal 0 0 -1
    outer loop
      vertex 120.8 -40.625 0
      vertex 116.972 -35.4287 0
      vertex 117.325 -35.5752 0
    endloop
  endfacet
  facet normal 0 0 -1
    outer loop
      vertex 111.775 -22.0752 0
      vertex 116.825 -22.0752 0
      vertex 116.825 -35.0752 0
    endloop
  endfacet
  facet normal 0 0 -1
    outer loop
      vertex 116.972 -21.7217 0
      vertex 111.629 -21.7217 0
      vertex 116.972 -16.3789 0
    endloop
  endfacet
  facet normal 0 0 -1
    outer loop
      vertex 111.775 -22.0752 0
      vertex 116.825 -35.0752 0
      vertex 111.775 -35.0752 0
    endloop
  endfacet
  facet normal 0 0 -1
    outer loop
      vertex 116.972 -35.4287 0
      vertex 111.775 -35.0752 0
      vertex 116.825 -35.0752 0
    endloop
  endfacet
  facet normal 0 0 -1
    outer loop
      vertex 111.629 -35.4287 0
      vertex 116.972 -35.4287 0
      vertex 120.8 -40.625 0
    endloop
  endfacet
  facet normal 0 0 -1
    outer loop
      vertex 116.972 -35.4287 0
      vertex 111.629 -35.4287 0
      vertex 111.775 -35.0752 0
    endloop
  endfacet
  facet normal 0 0 -1
    outer loop
      vertex 107.8 -40.625 0
      vertex 111.629 -35.4287 0
      vertex 120.8 -40.625 0
    endloop
  endfacet
  facet normal 0 0 -1
    outer loop
      vertex 111.629 -35.4287 0
      vertex 107.8 -40.625 0
      vertex 111.275 -35.5752 0
    endloop
  endfacet
  facet normal 0 0 -1
    outer loop
      vertex 107.446 -40.7715 0
      vertex 111.275 -35.5752 0
      vertex 107.8 -40.625 0
    endloop
  endfacet
  facet normal -0 0 -1
    outer loop
      vertex 107.8 -54.625 0
      vertex 106.513 -59.6748 0
      vertex 107.446 -54.4785 0
    endloop
  endfacet
  facet normal 0 0 -1
    outer loop
      vertex 102.104 -54.4785 0
      vertex 107.446 -54.4785 0
      vertex 106.513 -59.6748 0
    endloop
  endfacet
  facet normal 0 0 -1
    outer loop
      vertex 107.446 -54.4785 0
      vertex 102.25 -54.125 0
      vertex 107.3 -54.125 0
    endloop
  endfacet
  facet normal 0 0 -1
    outer loop
      vertex 107.3 -54.125 0
      vertex 102.25 -54.125 0
      vertex 107.3 -41.125 0
    endloop
  endfacet
  facet normal 0 0 -1
    outer loop
      vertex 102.25 -41.125 0
      vertex 107.3 -41.125 0
      vertex 102.25 -54.125 0
    endloop
  endfacet
  facet normal 0 0 -1
    outer loop
      vertex 102.25 -41.125 0
      vertex 107.446 -40.7715 0
      vertex 107.3 -41.125 0
    endloop
  endfacet
  facet normal 0 0 -1
    outer loop
      vertex 102.104 -40.7715 0
      vertex 107.446 -40.7715 0
      vertex 102.25 -41.125 0
    endloop
  endfacet
  facet normal 0 0 -1
    outer loop
      vertex 107.446 -40.7715 0
      vertex 102.104 -40.7715 0
      vertex 111.275 -35.5752 0
    endloop
  endfacet
  facet normal 0 0 -1
    outer loop
      vertex 98.2754 -35.5752 0
      vertex 102.104 -40.7715 0
      vertex 101.75 -40.625 0
    endloop
  endfacet
  facet normal 0 0 -1
    outer loop
      vertex 102.104 -40.7715 0
      vertex 98.2754 -35.5752 0
      vertex 111.275 -35.5752 0
    endloop
  endfacet
  facet normal 0 0 -1
    outer loop
      vertex 101.75 -40.625 0
      vertex 97.9219 -35.4287 0
      vertex 98.2754 -35.5752 0
    endloop
  endfacet
  facet normal 0 0 -1
    outer loop
      vertex 92.7246 -22.0752 0
      vertex 97.7754 -22.0752 0
      vertex 97.7754 -35.0752 0
    endloop
  endfacet
  facet normal 0 0 -1
    outer loop
      vertex 97.9219 -21.7217 0
      vertex 92.5781 -21.7217 0
      vertex 97.9219 -16.3789 0
    endloop
  endfacet
  facet normal 0 0 -1
    outer loop
      vertex 92.7246 -22.0752 0
      vertex 97.7754 -35.0752 0
      vertex 92.7246 -35.0752 0
    endloop
  endfacet
  facet normal 0 0 -1
    outer loop
      vertex 97.9219 -35.4287 0
      vertex 92.7246 -35.0752 0
      vertex 97.7754 -35.0752 0
    endloop
  endfacet
  facet normal 0 0 -1
    outer loop
      vertex 92.5781 -35.4287 0
      vertex 97.9219 -35.4287 0
      vertex 101.75 -40.625 0
    endloop
  endfacet
  facet normal 0 0 -1
    outer loop
      vertex 97.9219 -35.4287 0
      vertex 92.5781 -35.4287 0
      vertex 92.7246 -35.0752 0
    endloop
  endfacet
  facet normal 0 0 -1
    outer loop
      vertex 88.75 -40.625 0
      vertex 92.5781 -35.4287 0
      vertex 101.75 -40.625 0
    endloop
  endfacet
  facet normal 0 0 -1
    outer loop
      vertex 92.5781 -35.4287 0
      vertex 88.75 -40.625 0
      vertex 92.2246 -35.5752 0
    endloop
  endfacet
  facet normal 0 0 -1
    outer loop
      vertex 88.3965 -40.7715 0
      vertex 92.2246 -35.5752 0
      vertex 88.75 -40.625 0
    endloop
  endfacet
  facet normal -0 0 -1
    outer loop
      vertex 88.75 -54.625 0
      vertex 87.4629 -59.6748 0
      vertex 88.3965 -54.4785 0
    endloop
  endfacet
  facet normal 0 0 -1
    outer loop
      vertex 83.0537 -54.4785 0
      vertex 88.3965 -54.4785 0
      vertex 87.4629 -59.6748 0
    endloop
  endfacet
  facet normal 0 0 -1
    outer loop
      vertex 88.3965 -54.4785 0
      vertex 83.2002 -54.125 0
      vertex 88.25 -54.125 0
    endloop
  endfacet
  facet normal 0 0 -1
    outer loop
      vertex 88.25 -54.125 0
      vertex 83.2002 -54.125 0
      vertex 88.25 -41.125 0
    endloop
  endfacet
  facet normal 0 0 -1
    outer loop
      vertex 83.2002 -41.125 0
      vertex 88.25 -41.125 0
      vertex 83.2002 -54.125 0
    endloop
  endfacet
  facet normal 0 0 -1
    outer loop
      vertex 83.2002 -41.125 0
      vertex 88.3965 -40.7715 0
      vertex 88.25 -41.125 0
    endloop
  endfacet
  facet normal 0 0 -1
    outer loop
      vertex 83.0537 -40.7715 0
      vertex 88.3965 -40.7715 0
      vertex 83.2002 -41.125 0
    endloop
  endfacet
  facet normal 0 0 -1
    outer loop
      vertex 88.3965 -40.7715 0
      vertex 83.0537 -40.7715 0
      vertex 92.2246 -35.5752 0
    endloop
  endfacet
  facet normal 0 0 -1
    outer loop
      vertex 79.2246 -35.5752 0
      vertex 83.0537 -40.7715 0
      vertex 82.7002 -40.625 0
    endloop
  endfacet
  facet normal 0 0 -1
    outer loop
      vertex 83.0537 -40.7715 0
      vertex 79.2246 -35.5752 0
      vertex 92.2246 -35.5752 0
    endloop
  endfacet
  facet normal 0 0 -1
    outer loop
      vertex 82.7002 -40.625 0
      vertex 78.8711 -35.4287 0
      vertex 79.2246 -35.5752 0
    endloop
  endfacet
  facet normal 0 0 -1
    outer loop
      vertex 73.6748 -22.0752 0
      vertex 78.7246 -22.0752 0
      vertex 78.7246 -35.0752 0
    endloop
  endfacet
  facet normal 0 0 -1
    outer loop
      vertex 78.8711 -21.7217 0
      vertex 73.5283 -21.7217 0
      vertex 78.8711 -16.3789 0
    endloop
  endfacet
  facet normal 0 0 -1
    outer loop
      vertex 73.6748 -22.0752 0
      vertex 78.7246 -35.0752 0
      vertex 73.6748 -35.0752 0
    endloop
  endfacet
  facet normal 0 0 -1
    outer loop
      vertex 78.8711 -35.4287 0
      vertex 73.6748 -35.0752 0
      vertex 78.7246 -35.0752 0
    endloop
  endfacet
  facet normal 0 0 -1
    outer loop
      vertex 73.5283 -35.4287 0
      vertex 78.8711 -35.4287 0
      vertex 82.7002 -40.625 0
    endloop
  endfacet
  facet normal 0 0 -1
    outer loop
      vertex 78.8711 -35.4287 0
      vertex 73.5283 -35.4287 0
      vertex 73.6748 -35.0752 0
    endloop
  endfacet
  facet normal 0 0 -1
    outer loop
      vertex 69.7002 -40.625 0
      vertex 73.5283 -35.4287 0
      vertex 82.7002 -40.625 0
    endloop
  endfacet
  facet normal 0 0 -1
    outer loop
      vertex 73.5283 -35.4287 0
      vertex 69.7002 -40.625 0
      vertex 73.1748 -35.5752 0
    endloop
  endfacet
  facet normal 0 0 -1
    outer loop
      vertex 69.3467 -40.7715 0
      vertex 73.1748 -35.5752 0
      vertex 69.7002 -40.625 0
    endloop
  endfacet
  facet normal -0 0 -1
    outer loop
      vertex 69.7002 -54.625 0
      vertex 68.4121 -59.6748 0
      vertex 69.3467 -54.4785 0
    endloop
  endfacet
  facet normal 0 0 -1
    outer loop
      vertex 64.0039 -54.4785 0
      vertex 69.3467 -54.4785 0
      vertex 68.4121 -59.6748 0
    endloop
  endfacet
  facet normal 0 0 -1
    outer loop
      vertex 69.3467 -54.4785 0
      vertex 64.1504 -54.125 0
      vertex 69.2002 -54.125 0
    endloop
  endfacet
  facet normal 0 0 -1
    outer loop
      vertex 69.2002 -54.125 0
      vertex 64.1504 -54.125 0
      vertex 69.2002 -41.125 0
    endloop
  endfacet
  facet normal 0 0 -1
    outer loop
      vertex 64.1504 -41.125 0
      vertex 69.2002 -41.125 0
      vertex 64.1504 -54.125 0
    endloop
  endfacet
  facet normal 0 0 -1
    outer loop
      vertex 64.1504 -41.125 0
      vertex 69.3467 -40.7715 0
      vertex 69.2002 -41.125 0
    endloop
  endfacet
  facet normal 0 0 -1
    outer loop
      vertex 64.0039 -40.7715 0
      vertex 69.3467 -40.7715 0
      vertex 64.1504 -41.125 0
    endloop
  endfacet
  facet normal 0 0 -1
    outer loop
      vertex 69.3467 -40.7715 0
      vertex 64.0039 -40.7715 0
      vertex 73.1748 -35.5752 0
    endloop
  endfacet
  facet normal 0 0 -1
    outer loop
      vertex 60.1748 -35.5752 0
      vertex 64.0039 -40.7715 0
      vertex 63.6504 -40.625 0
    endloop
  endfacet
  facet normal 0 0 -1
    outer loop
      vertex 64.0039 -40.7715 0
      vertex 60.1748 -35.5752 0
      vertex 73.1748 -35.5752 0
    endloop
  endfacet
  facet normal 0 0 -1
    outer loop
      vertex 63.6504 -40.625 0
      vertex 59.8213 -35.4287 0
      vertex 60.1748 -35.5752 0
    endloop
  endfacet
  facet normal 0 0 -1
    outer loop
      vertex 54.625 -22.0752 0
      vertex 59.6748 -22.0752 0
      vertex 59.6748 -35.0752 0
    endloop
  endfacet
  facet normal 0 0 -1
    outer loop
      vertex 59.8213 -21.7217 0
      vertex 54.4785 -21.7217 0
      vertex 59.8213 -16.3789 0
    endloop
  endfacet
  facet normal 0 0 -1
    outer loop
      vertex 54.625 -22.0752 0
      vertex 59.6748 -35.0752 0
      vertex 54.625 -35.0752 0
    endloop
  endfacet
  facet normal 0 0 -1
    outer loop
      vertex 59.8213 -35.4287 0
      vertex 54.625 -35.0752 0
      vertex 59.6748 -35.0752 0
    endloop
  endfacet
  facet normal 0 0 -1
    outer loop
      vertex 54.4785 -35.4287 0
      vertex 59.8213 -35.4287 0
      vertex 63.6504 -40.625 0
    endloop
  endfacet
  facet normal 0 0 -1
    outer loop
      vertex 59.8213 -35.4287 0
      vertex 54.4785 -35.4287 0
      vertex 54.625 -35.0752 0
    endloop
  endfacet
  facet normal 0 0 -1
    outer loop
      vertex 50.6504 -40.625 0
      vertex 54.4785 -35.4287 0
      vertex 63.6504 -40.625 0
    endloop
  endfacet
  facet normal 0 0 -1
    outer loop
      vertex 54.4785 -35.4287 0
      vertex 50.6504 -40.625 0
      vertex 54.125 -35.5752 0
    endloop
  endfacet
  facet normal 0 0 -1
    outer loop
      vertex 50.2969 -40.7715 0
      vertex 54.125 -35.5752 0
      vertex 50.6504 -40.625 0
    endloop
  endfacet
  facet normal -0 0 -1
    outer loop
      vertex 50.6504 -54.625 0
      vertex 49.3623 -59.6748 0
      vertex 50.2969 -54.4785 0
    endloop
  endfacet
  facet normal 0 0 -1
    outer loop
      vertex 44.9531 -54.4785 0
      vertex 50.2969 -54.4785 0
      vertex 49.3623 -59.6748 0
    endloop
  endfacet
  facet normal 0 0 -1
    outer loop
      vertex 50.2969 -54.4785 0
      vertex 45.0996 -54.125 0
      vertex 50.1504 -54.125 0
    endloop
  endfacet
  facet normal 0 0 -1
    outer loop
      vertex 50.1504 -54.125 0
      vertex 45.0996 -54.125 0
      vertex 50.1504 -41.125 0
    endloop
  endfacet
  facet normal 0 0 -1
    outer loop
      vertex 45.0996 -41.125 0
      vertex 50.1504 -41.125 0
      vertex 45.0996 -54.125 0
    endloop
  endfacet
  facet normal 0 0 -1
    outer loop
      vertex 45.0996 -41.125 0
      vertex 50.2969 -40.7715 0
      vertex 50.1504 -41.125 0
    endloop
  endfacet
  facet normal 0 0 -1
    outer loop
      vertex 44.9531 -40.7715 0
      vertex 50.2969 -40.7715 0
      vertex 45.0996 -41.125 0
    endloop
  endfacet
  facet normal 0 0 -1
    outer loop
      vertex 50.2969 -40.7715 0
      vertex 44.9531 -40.7715 0
      vertex 54.125 -35.5752 0
    endloop
  endfacet
  facet normal 0 0 -1
    outer loop
      vertex 41.125 -35.5752 0
      vertex 44.9531 -40.7715 0
      vertex 44.5996 -40.625 0
    endloop
  endfacet
  facet normal 0 0 -1
    outer loop
      vertex 44.9531 -40.7715 0
      vertex 41.125 -35.5752 0
      vertex 54.125 -35.5752 0
    endloop
  endfacet
  facet normal 0 0 -1
    outer loop
      vertex 44.5996 -40.625 0
      vertex 40.7715 -35.4287 0
      vertex 41.125 -35.5752 0
    endloop
  endfacet
  facet normal 0 0 -1
    outer loop
      vertex 35.5752 -22.0752 0
      vertex 40.625 -22.0752 0
      vertex 40.625 -35.0752 0
    endloop
  endfacet
  facet normal 0 0 -1
    outer loop
      vertex 40.7715 -21.7217 0
      vertex 35.4287 -21.7217 0
      vertex 40.7715 -16.3789 0
    endloop
  endfacet
  facet normal 0 0 -1
    outer loop
      vertex 35.5752 -22.0752 0
      vertex 40.625 -35.0752 0
      vertex 35.5752 -35.0752 0
    endloop
  endfacet
  facet normal 0 0 -1
    outer loop
      vertex 40.7715 -35.4287 0
      vertex 35.5752 -35.0752 0
      vertex 40.625 -35.0752 0
    endloop
  endfacet
  facet normal 0 0 -1
    outer loop
      vertex 35.4287 -35.4287 0
      vertex 40.7715 -35.4287 0
      vertex 44.5996 -40.625 0
    endloop
  endfacet
  facet normal 0 0 -1
    outer loop
      vertex 40.7715 -35.4287 0
      vertex 35.4287 -35.4287 0
      vertex 35.5752 -35.0752 0
    endloop
  endfacet
  facet normal 0 0 -1
    outer loop
      vertex 31.5996 -40.625 0
      vertex 35.4287 -35.4287 0
      vertex 44.5996 -40.625 0
    endloop
  endfacet
  facet normal 0 0 -1
    outer loop
      vertex 35.4287 -35.4287 0
      vertex 31.5996 -40.625 0
      vertex 35.0752 -35.5752 0
    endloop
  endfacet
  facet normal 0 0 -1
    outer loop
      vertex 31.2461 -40.7715 0
      vertex 35.0752 -35.5752 0
      vertex 31.5996 -40.625 0
    endloop
  endfacet
  facet normal -0 0 -1
    outer loop
      vertex 31.5996 -54.625 0
      vertex 23.6689 -60.1748 0
      vertex 31.2461 -54.4785 0
    endloop
  endfacet
  facet normal 0 0 -1
    outer loop
      vertex 28.4316 -79.2246 0
      vertex 30.0156 -79.8711 0
      vertex 29.8691 -80.2246 0
    endloop
  endfacet
  facet normal 0 0 -1
    outer loop
      vertex 29.8691 -94.2246 0
      vertex 28.4316 -92.2246 0
      vertex 29.8691 -80.2246 0
    endloop
  endfacet
  facet normal 0 0 -1
    outer loop
      vertex 30.0156 -94.5781 0
      vertex 27.9316 -92.7246 0
      vertex 29.8691 -94.2246 0
    endloop
  endfacet
  facet normal 0 0 -1
    outer loop
      vertex 27.9316 -92.7246 0
      vertex 28.8652 -97.9219 0
      vertex 28.7188 -98.2754 0
    endloop
  endfacet
  facet normal -0 0 -1
    outer loop
      vertex 29.8691 -80.2246 0
      vertex 28.4316 -92.2246 0
      vertex 28.4316 -79.2246 0
    endloop
  endfacet
  facet normal 0 0 -1
    outer loop
      vertex 30.0156 -79.8711 0
      vertex 28.4316 -79.2246 0
      vertex 28.2852 -78.8711 0
    endloop
  endfacet
  facet normal 0 0 -1
    outer loop
      vertex 23.6689 -73.1748 0
      vertex 30.0156 -79.8711 0
      vertex 28.2852 -78.8711 0
    endloop
  endfacet
  facet normal 0 0 -1
    outer loop
      vertex 23.6689 -73.1748 0
      vertex 28.2852 -78.8711 0
      vertex 27.9316 -78.7246 0
    endloop
  endfacet
  facet normal 0 0 -1
    outer loop
      vertex 23.5225 -59.8213 0
      vertex 31.2461 -54.4785 0
      vertex 23.6689 -60.1748 0
    endloop
  endfacet
  facet normal -0 0 -1
    outer loop
      vertex 31.2461 -54.4785 0
      vertex 23.5225 -59.8213 0
      vertex 31.0996 -54.125 0
    endloop
  endfacet
  facet normal 0 0 -1
    outer loop
      vertex 21.2871 -54.125 0
      vertex 31.0996 -54.125 0
      vertex 23.5225 -59.8213 0
    endloop
  endfacet
  facet normal 0 0 -1
    outer loop
      vertex 21.1406 -54.4785 0
      vertex 23.5225 -59.8213 0
      vertex 23.1689 -59.6748 0
    endloop
  endfacet
  facet normal 0 0 -1
    outer loop
      vertex 31.0996 -54.125 0
      vertex 21.2871 -54.125 0
      vertex 31.0996 -41.125 0
    endloop
  endfacet
  facet normal 0 0 -1
    outer loop
      vertex 31.2461 -40.7715 0
      vertex 22.0752 -35.5752 0
      vertex 35.0752 -35.5752 0
    endloop
  endfacet
  facet normal 0 0 -1
    outer loop
      vertex 21.2871 -41.125 0
      vertex 31.0996 -41.125 0
      vertex 21.2871 -54.125 0
    endloop
  endfacet
  facet normal 0 0 -1
    outer loop
      vertex 31.0996 -41.125 0
      vertex 22.0752 -35.5752 0
      vertex 31.2461 -40.7715 0
    endloop
  endfacet
  facet normal 0 0 -1
    outer loop
      vertex 21.1406 -40.7715 0
      vertex 22.0752 -35.5752 0
      vertex 21.2871 -41.125 0
    endloop
  endfacet
  facet normal 0 0 -1
    outer loop
      vertex 16.5254 -22.0752 0
      vertex 21.5752 -22.0752 0
      vertex 21.5752 -35.0752 0
    endloop
  endfacet
  facet normal 0 0 -1
    outer loop
      vertex 21.7217 -21.7217 0
      vertex 16.3789 -21.7217 0
      vertex 21.7217 -16.3789 0
    endloop
  endfacet
  facet normal 0 0 -1
    outer loop
      vertex 20.7871 -40.625 0
      vertex 22.0752 -35.5752 0
      vertex 21.1406 -40.7715 0
    endloop
  endfacet
  facet normal 0 -0 -1
    outer loop
      vertex 22.0752 -35.5752 0
      vertex 31.0996 -41.125 0
      vertex 21.2871 -41.125 0
    endloop
  endfacet
  facet normal 0 0 -1
    outer loop
      vertex 23.5225 -59.8213 0
      vertex 21.1406 -54.4785 0
      vertex 21.2871 -54.125 0
    endloop
  endfacet
  facet normal 0 0 -1
    outer loop
      vertex 23.1689 -59.6748 0
      vertex 20.7871 -54.625 0
      vertex 21.1406 -54.4785 0
    endloop
  endfacet
  facet normal 0 0 -1
    outer loop
      vertex 10.1689 -59.6748 0
      vertex 20.7871 -54.625 0
      vertex 23.1689 -59.6748 0
    endloop
  endfacet
  facet normal 0 0 -1
    outer loop
      vertex 7.78711 -54.625 0
      vertex 10.1689 -59.6748 0
      vertex 9.81543 -59.8213 0
    endloop
  endfacet
  facet normal 0 0 -1
    outer loop
      vertex 10.1689 -59.6748 0
      vertex 7.78711 -54.625 0
      vertex 20.7871 -54.625 0
    endloop
  endfacet
  facet normal 0 0 -1
    outer loop
      vertex 7.78711 -54.625 0
      vertex 9.81543 -59.8213 0
      vertex 9.66895 -60.1748 0
    endloop
  endfacet
  facet normal 0 0 -1
    outer loop
      vertex 278.316 -54.4785 0
      vertex 288.422 -54.4785 0
      vertex 279.61 -60.8213 0
    endloop
  endfacet
  facet normal 0 0 -1
    outer loop
      vertex 282.138 -23.0752 0
      vertex 288.275 -41.125 0
      vertex 282.138 -37.0752 0
    endloop
  endfacet
  facet normal 0 0 -1
    outer loop
      vertex 279.757 -75.1748 0
      vertex 283.078 -78.8711 0
      vertex 282.725 -78.7246 0
    endloop
  endfacet
  facet normal 0 0 -1
    outer loop
      vertex 288.275 -41.125 0
      vertex 282.138 -23.0752 0
      vertex 283.225 -16.0254 0
    endloop
  endfacet
  facet normal 0 0 -1
    outer loop
      vertex 283.225 -16.0254 0
      vertex 282.138 -23.0752 0
      vertex 283.078 -16.3789 0
    endloop
  endfacet
  facet normal 0 0 -1
    outer loop
      vertex 288.422 -54.4785 0
      vertex 278.463 -54.125 0
      vertex 288.275 -54.125 0
    endloop
  endfacet
  facet normal 0 0 -1
    outer loop
      vertex 288.275 -41.125 0
      vertex 281.991 -37.4287 0
      vertex 282.138 -37.0752 0
    endloop
  endfacet
  facet normal 0 0 -1
    outer loop
      vertex 283.078 -78.8711 0
      vertex 279.757 -75.1748 0
      vertex 279.757 -61.1748 0
    endloop
  endfacet
  facet normal 0 0 -1
    outer loop
      vertex 282.725 -78.7246 0
      vertex 279.61 -75.5283 0
      vertex 279.757 -75.1748 0
    endloop
  endfacet
  facet normal 0 0 -1
    outer loop
      vertex 282.725 -78.7246 0
      vertex 279.257 -75.6748 0
      vertex 279.61 -75.5283 0
    endloop
  endfacet
  facet normal 0 0 -1
    outer loop
      vertex 282.725 -78.7246 0
      vertex 273.257 -75.6748 0
      vertex 279.257 -75.6748 0
    endloop
  endfacet
  facet normal 0 0 -1
    outer loop
      vertex 272.757 -75.1748 0
      vertex 271.318 -73.1748 0
      vertex 272.757 -61.1748 0
    endloop
  endfacet
  facet normal 0 0 -1
    outer loop
      vertex 269.725 -78.7246 0
      vertex 272.757 -75.1748 0
      vertex 272.903 -75.5283 0
    endloop
  endfacet
  facet normal 0 0 -1
    outer loop
      vertex 272.757 -75.1748 0
      vertex 271.172 -73.5283 0
      vertex 271.318 -73.1748 0
    endloop
  endfacet
  facet normal 0 0 -1
    outer loop
      vertex 272.757 -75.1748 0
      vertex 270.818 -73.6748 0
      vertex 271.172 -73.5283 0
    endloop
  endfacet
  facet normal 0 0 -1
    outer loop
      vertex 269.725 -78.7246 0
      vertex 273.257 -75.6748 0
      vertex 282.725 -78.7246 0
    endloop
  endfacet
  facet normal 0 0 -1
    outer loop
      vertex 269.725 -78.7246 0
      vertex 272.903 -75.5283 0
      vertex 273.257 -75.6748 0
    endloop
  endfacet
  facet normal -0 0 -1
    outer loop
      vertex 272.757 -75.1748 0
      vertex 269.725 -78.7246 0
      vertex 270.818 -73.6748 0
    endloop
  endfacet
  facet normal 0 0 -1
    outer loop
      vertex 269.371 -78.8711 0
      vertex 270.818 -73.6748 0
      vertex 269.725 -78.7246 0
    endloop
  endfacet
  facet normal 0 0 -1
    outer loop
      vertex 257.818 -73.6748 0
      vertex 269.371 -78.8711 0
      vertex 269.225 -79.2246 0
    endloop
  endfacet
  facet normal -0 0 -1
    outer loop
      vertex 269.371 -92.5781 0
      vertex 264.028 -97.9219 0
      vertex 269.225 -92.2246 0
    endloop
  endfacet
  facet normal 0 0 -1
    outer loop
      vertex 263.675 -97.7754 0
      vertex 269.225 -92.2246 0
      vertex 264.028 -97.9219 0
    endloop
  endfacet
  facet normal 0 0 -1
    outer loop
      vertex 257.031 -92.2246 0
      vertex 269.225 -92.2246 0
      vertex 263.675 -97.7754 0
    endloop
  endfacet
  facet normal 0 0 -1
    outer loop
      vertex 269.225 -92.2246 0
      vertex 257.031 -92.2246 0
      vertex 269.225 -79.2246 0
    endloop
  endfacet
  facet normal 0 0 -1
    outer loop
      vertex 257.031 -79.2246 0
      vertex 269.225 -79.2246 0
      vertex 257.031 -92.2246 0
    endloop
  endfacet
  facet normal 0 0 -1
    outer loop
      vertex 269.371 -78.8711 0
      vertex 257.818 -73.6748 0
      vertex 270.818 -73.6748 0
    endloop
  endfacet
  facet normal 0 0 -1
    outer loop
      vertex 269.225 -79.2246 0
      vertex 257.031 -79.2246 0
      vertex 257.818 -73.6748 0
    endloop
  endfacet
  facet normal 0 0 -1
    outer loop
      vertex 255.881 -75.1748 0
      vertex 257.818 -73.6748 0
      vertex 256.885 -78.8711 0
    endloop
  endfacet
  facet normal 0 0 -1
    outer loop
      vertex 256.885 -78.8711 0
      vertex 257.818 -73.6748 0
      vertex 257.031 -79.2246 0
    endloop
  endfacet
  facet normal 0 0 -1
    outer loop
      vertex 263.675 -97.7754 0
      vertex 256.885 -92.5781 0
      vertex 257.031 -92.2246 0
    endloop
  endfacet
  facet normal 0 0 -1
    outer loop
      vertex 263.675 -97.7754 0
      vertex 256.531 -92.7246 0
      vertex 256.885 -92.5781 0
    endloop
  endfacet
  facet normal 0 0 -1
    outer loop
      vertex 250.675 -97.7754 0
      vertex 256.531 -92.7246 0
      vertex 263.675 -97.7754 0
    endloop
  endfacet
  facet normal 0 0 -1
    outer loop
      vertex 243.531 -92.7246 0
      vertex 250.675 -97.7754 0
      vertex 250.321 -97.9219 0
    endloop
  endfacet
  facet normal 0 0 -1
    outer loop
      vertex 245.125 -98.2754 0
      vertex 250.175 -98.2754 0
      vertex 245.125 -111.275 0
    endloop
  endfacet
  facet normal 0 0 -1
    outer loop
      vertex 245.125 -98.2754 0
      vertex 250.321 -97.9219 0
      vertex 250.175 -98.2754 0
    endloop
  endfacet
  facet normal 0 0 -1
    outer loop
      vertex 244.979 -97.9219 0
      vertex 250.321 -97.9219 0
      vertex 245.125 -98.2754 0
    endloop
  endfacet
  facet normal 0 0 -1
    outer loop
      vertex 243.531 -92.7246 0
      vertex 250.321 -97.9219 0
      vertex 244.979 -97.9219 0
    endloop
  endfacet
  facet normal 0 0 -1
    outer loop
      vertex 243.531 -92.7246 0
      vertex 244.979 -97.9219 0
      vertex 244.625 -97.7754 0
    endloop
  endfacet
  facet normal 0 0 -1
    outer loop
      vertex 250.675 -97.7754 0
      vertex 243.531 -92.7246 0
      vertex 256.531 -92.7246 0
    endloop
  endfacet
  facet normal 0 0 -1
    outer loop
      vertex 244.625 -97.7754 0
      vertex 243.178 -92.5781 0
      vertex 243.531 -92.7246 0
    endloop
  endfacet
  facet normal 0 0 -1
    outer loop
      vertex 231.625 -97.7754 0
      vertex 243.178 -92.5781 0
      vertex 244.625 -97.7754 0
    endloop
  endfacet
  facet normal 0 0 -1
    outer loop
      vertex 230.838 -79.2246 0
      vertex 243.031 -79.2246 0
      vertex 243.031 -92.2246 0
    endloop
  endfacet
  facet normal -0 0 -1
    outer loop
      vertex 248.881 -61.1748 0
      vertex 240.362 -73.1748 0
      vertex 240.362 -60.1748 0
    endloop
  endfacet
  facet normal 0 0 -1
    outer loop
      vertex 249.027 -60.8213 0
      vertex 240.362 -60.1748 0
      vertex 240.216 -59.8213 0
    endloop
  endfacet
  facet normal 0 0 -1
    outer loop
      vertex 239.862 -59.6748 0
      vertex 241.15 -54.625 0
      vertex 240.216 -59.8213 0
    endloop
  endfacet
  facet normal 0 0 -1
    outer loop
      vertex 249.027 -60.8213 0
      vertex 240.216 -59.8213 0
      vertex 241.15 -54.625 0
    endloop
  endfacet
  facet normal 0 0 -1
    outer loop
      vertex 243.531 -78.7246 0
      vertex 240.216 -73.5283 0
      vertex 240.362 -73.1748 0
    endloop
  endfacet
  facet normal 0 0 -1
    outer loop
      vertex 243.178 -78.8711 0
      vertex 239.862 -73.6748 0
      vertex 240.216 -73.5283 0
    endloop
  endfacet
  facet normal -0 0 -1
    outer loop
      vertex 243.178 -92.5781 0
      vertex 231.625 -97.7754 0
      vertex 243.031 -92.2246 0
    endloop
  endfacet
  facet normal 0 0 -1
    outer loop
      vertex 230.838 -92.2246 0
      vertex 243.031 -92.2246 0
      vertex 231.625 -97.7754 0
    endloop
  endfacet
  facet normal 0 0 -1
    outer loop
      vertex 230.338 -92.7246 0
      vertex 231.625 -97.7754 0
      vertex 231.271 -97.9219 0
    endloop
  endfacet
  facet normal 0 0 -1
    outer loop
      vertex 225.929 -97.9219 0
      vertex 231.271 -97.9219 0
      vertex 231.125 -98.2754 0
    endloop
  endfacet
  facet normal 0 0 -1
    outer loop
      vertex 230.838 -79.2246 0
      vertex 243.031 -92.2246 0
      vertex 230.838 -92.2246 0
    endloop
  endfacet
  facet normal 0 0 -1
    outer loop
      vertex 243.031 -79.2246 0
      vertex 230.838 -79.2246 0
      vertex 239.862 -73.6748 0
    endloop
  endfacet
  facet normal 0 0 -1
    outer loop
      vertex 230.691 -78.8711 0
      vertex 239.862 -73.6748 0
      vertex 230.838 -79.2246 0
    endloop
  endfacet
  facet normal 0 0 -1
    outer loop
      vertex 226.862 -73.6748 0
      vertex 230.691 -78.8711 0
      vertex 230.338 -78.7246 0
    endloop
  endfacet
  facet normal 0 0 -1
    outer loop
      vertex 230.691 -78.8711 0
      vertex 226.862 -73.6748 0
      vertex 239.862 -73.6748 0
    endloop
  endfacet
  facet normal 0 0 -1
    outer loop
      vertex 230.338 -78.7246 0
      vertex 226.509 -73.5283 0
      vertex 226.862 -73.6748 0
    endloop
  endfacet
  facet normal 0 0 -1
    outer loop
      vertex 221.312 -73.1748 0
      vertex 226.362 -60.1748 0
      vertex 226.362 -73.1748 0
    endloop
  endfacet
  facet normal 0 0 -1
    outer loop
      vertex 221.312 -60.1748 0
      vertex 226.362 -60.1748 0
      vertex 221.312 -73.1748 0
    endloop
  endfacet
  facet normal 0 0 -1
    outer loop
      vertex 221.166 -59.8213 0
      vertex 226.362 -60.1748 0
      vertex 221.312 -60.1748 0
    endloop
  endfacet
  facet normal 0 0 -1
    outer loop
      vertex 220.812 -59.6748 0
      vertex 222.1 -54.625 0
      vertex 221.166 -59.8213 0
    endloop
  endfacet
  facet normal 0 0 -1
    outer loop
      vertex 226.509 -59.8213 0
      vertex 221.166 -59.8213 0
      vertex 222.1 -54.625 0
    endloop
  endfacet
  facet normal 0 0 -1
    outer loop
      vertex 226.509 -73.5283 0
      vertex 221.312 -73.1748 0
      vertex 226.362 -73.1748 0
    endloop
  endfacet
  facet normal 0 0 -1
    outer loop
      vertex 221.166 -73.5283 0
      vertex 226.509 -73.5283 0
      vertex 230.338 -78.7246 0
    endloop
  endfacet
  facet normal 0 0 -1
    outer loop
      vertex 226.509 -73.5283 0
      vertex 221.166 -73.5283 0
      vertex 221.312 -73.1748 0
    endloop
  endfacet
  facet normal 0 0 -1
    outer loop
      vertex 217.338 -78.7246 0
      vertex 221.166 -73.5283 0
      vertex 230.338 -78.7246 0
    endloop
  endfacet
  facet normal 0 0 -1
    outer loop
      vertex 221.166 -73.5283 0
      vertex 217.338 -78.7246 0
      vertex 220.812 -73.6748 0
    endloop
  endfacet
  facet normal 0 0 -1
    outer loop
      vertex 216.984 -78.8711 0
      vertex 220.812 -73.6748 0
      vertex 217.338 -78.7246 0
    endloop
  endfacet
  facet normal 0 0 -1
    outer loop
      vertex 216.984 -92.5781 0
      vertex 211.641 -92.5781 0
      vertex 216.838 -92.2246 0
    endloop
  endfacet
  facet normal 0 0 -1
    outer loop
      vertex 207.025 -98.2754 0
      vertex 212.222 -97.9219 0
      vertex 212.075 -98.2754 0
    endloop
  endfacet
  facet normal 0 0 -1
    outer loop
      vertex 216.838 -92.2246 0
      vertex 211.787 -92.2246 0
      vertex 216.838 -79.2246 0
    endloop
  endfacet
  facet normal 0 0 -1
    outer loop
      vertex 211.787 -79.2246 0
      vertex 216.838 -79.2246 0
      vertex 211.787 -92.2246 0
    endloop
  endfacet
  facet normal 0 0 -1
    outer loop
      vertex 211.787 -79.2246 0
      vertex 216.984 -78.8711 0
      vertex 216.838 -79.2246 0
    endloop
  endfacet
  facet normal 0 0 -1
    outer loop
      vertex 211.641 -78.8711 0
      vertex 216.984 -78.8711 0
      vertex 211.787 -79.2246 0
    endloop
  endfacet
  facet normal 0 0 -1
    outer loop
      vertex 216.984 -78.8711 0
      vertex 211.641 -78.8711 0
      vertex 220.812 -73.6748 0
    endloop
  endfacet
  facet normal 0 0 -1
    outer loop
      vertex 207.812 -73.6748 0
      vertex 211.641 -78.8711 0
      vertex 211.287 -78.7246 0
    endloop
  endfacet
  facet normal 0 0 -1
    outer loop
      vertex 211.641 -78.8711 0
      vertex 207.812 -73.6748 0
      vertex 220.812 -73.6748 0
    endloop
  endfacet
  facet normal 0 0 -1
    outer loop
      vertex 211.287 -78.7246 0
      vertex 207.459 -73.5283 0
      vertex 207.812 -73.6748 0
    endloop
  endfacet
  facet normal 0 0 -1
    outer loop
      vertex 202.263 -73.1748 0
      vertex 207.312 -60.1748 0
      vertex 207.312 -73.1748 0
    endloop
  endfacet
  facet normal 0 0 -1
    outer loop
      vertex 202.263 -60.1748 0
      vertex 207.312 -60.1748 0
      vertex 202.263 -73.1748 0
    endloop
  endfacet
  facet normal 0 0 -1
    outer loop
      vertex 202.116 -59.8213 0
      vertex 207.312 -60.1748 0
      vertex 202.263 -60.1748 0
    endloop
  endfacet
  facet normal 0 0 -1
    outer loop
      vertex 201.763 -59.6748 0
      vertex 203.05 -54.625 0
      vertex 202.116 -59.8213 0
    endloop
  endfacet
  facet normal 0 0 -1
    outer loop
      vertex 207.459 -59.8213 0
      vertex 202.116 -59.8213 0
      vertex 203.05 -54.625 0
    endloop
  endfacet
  facet normal 0 0 -1
    outer loop
      vertex 207.459 -73.5283 0
      vertex 202.263 -73.1748 0
      vertex 207.312 -73.1748 0
    endloop
  endfacet
  facet normal 0 0 -1
    outer loop
      vertex 202.116 -73.5283 0
      vertex 207.459 -73.5283 0
      vertex 211.287 -78.7246 0
    endloop
  endfacet
  facet normal 0 0 -1
    outer loop
      vertex 207.459 -73.5283 0
      vertex 202.116 -73.5283 0
      vertex 202.263 -73.1748 0
    endloop
  endfacet
  facet normal 0 0 -1
    outer loop
      vertex 198.287 -78.7246 0
      vertex 202.116 -73.5283 0
      vertex 211.287 -78.7246 0
    endloop
  endfacet
  facet normal 0 0 -1
    outer loop
      vertex 202.116 -73.5283 0
      vertex 198.287 -78.7246 0
      vertex 201.763 -73.6748 0
    endloop
  endfacet
  facet normal 0 0 -1
    outer loop
      vertex 197.934 -78.8711 0
      vertex 201.763 -73.6748 0
      vertex 198.287 -78.7246 0
    endloop
  endfacet
  facet normal 0 0 -1
    outer loop
      vertex 192.237 -92.7246 0
      vertex 193.525 -97.7754 0
      vertex 193.172 -97.9219 0
    endloop
  endfacet
  facet normal 0 0 -1
    outer loop
      vertex 184.322 -98.9219 0
      vertex 193.025 -98.2754 0
      vertex 184.469 -99.2754 0
    endloop
  endfacet
  facet normal 0 0 -1
    outer loop
      vertex 197.787 -92.2246 0
      vertex 192.737 -92.2246 0
      vertex 197.787 -79.2246 0
    endloop
  endfacet
  facet normal 0 0 -1
    outer loop
      vertex 192.737 -79.2246 0
      vertex 197.787 -79.2246 0
      vertex 192.737 -92.2246 0
    endloop
  endfacet
  facet normal 0 0 -1
    outer loop
      vertex 192.737 -79.2246 0
      vertex 197.934 -78.8711 0
      vertex 197.787 -79.2246 0
    endloop
  endfacet
  facet normal 0 0 -1
    outer loop
      vertex 192.591 -78.8711 0
      vertex 197.934 -78.8711 0
      vertex 192.737 -79.2246 0
    endloop
  endfacet
  facet normal 0 0 -1
    outer loop
      vertex 197.934 -78.8711 0
      vertex 192.591 -78.8711 0
      vertex 201.763 -73.6748 0
    endloop
  endfacet
  facet normal 0 0 -1
    outer loop
      vertex 188.763 -73.6748 0
      vertex 192.591 -78.8711 0
      vertex 192.237 -78.7246 0
    endloop
  endfacet
  facet normal 0 0 -1
    outer loop
      vertex 192.591 -78.8711 0
      vertex 188.763 -73.6748 0
      vertex 201.763 -73.6748 0
    endloop
  endfacet
  facet normal 0 0 -1
    outer loop
      vertex 192.237 -78.7246 0
      vertex 188.409 -73.5283 0
      vertex 188.763 -73.6748 0
    endloop
  endfacet
  facet normal 0 0 -1
    outer loop
      vertex 183.213 -73.1748 0
      vertex 188.263 -60.1748 0
      vertex 188.263 -73.1748 0
    endloop
  endfacet
  facet normal 0 0 -1
    outer loop
      vertex 183.213 -60.1748 0
      vertex 188.263 -60.1748 0
      vertex 183.213 -73.1748 0
    endloop
  endfacet
  facet normal 0 0 -1
    outer loop
      vertex 183.066 -59.8213 0
      vertex 188.263 -60.1748 0
      vertex 183.213 -60.1748 0
    endloop
  endfacet
  facet normal 0 0 -1
    outer loop
      vertex 182.713 -59.6748 0
      vertex 184 -54.625 0
      vertex 183.066 -59.8213 0
    endloop
  endfacet
  facet normal 0 0 -1
    outer loop
      vertex 188.409 -59.8213 0
      vertex 183.066 -59.8213 0
      vertex 184 -54.625 0
    endloop
  endfacet
  facet normal 0 0 -1
    outer loop
      vertex 188.409 -73.5283 0
      vertex 183.213 -73.1748 0
      vertex 188.263 -73.1748 0
    endloop
  endfacet
  facet normal 0 0 -1
    outer loop
      vertex 183.066 -73.5283 0
      vertex 188.409 -73.5283 0
      vertex 192.237 -78.7246 0
    endloop
  endfacet
  facet normal 0 0 -1
    outer loop
      vertex 188.409 -73.5283 0
      vertex 183.066 -73.5283 0
      vertex 183.213 -73.1748 0
    endloop
  endfacet
  facet normal 0 0 -1
    outer loop
      vertex 179.237 -78.7246 0
      vertex 183.066 -73.5283 0
      vertex 192.237 -78.7246 0
    endloop
  endfacet
  facet normal 0 0 -1
    outer loop
      vertex 183.066 -73.5283 0
      vertex 179.237 -78.7246 0
      vertex 182.713 -73.6748 0
    endloop
  endfacet
  facet normal 0 0 -1
    outer loop
      vertex 178.884 -78.8711 0
      vertex 182.713 -73.6748 0
      vertex 179.237 -78.7246 0
    endloop
  endfacet
  facet normal 0 0 -1
    outer loop
      vertex 173.541 -92.5781 0
      vertex 177.969 -98.7754 0
      vertex 177.615 -98.9219 0
    endloop
  endfacet
  facet normal 0 0 -1
    outer loop
      vertex 173.188 -92.7246 0
      vertex 177.615 -98.9219 0
      vertex 177.469 -99.2754 0
    endloop
  endfacet
  facet normal 0 0 -1
    outer loop
      vertex 178.737 -92.2246 0
      vertex 173.688 -92.2246 0
      vertex 178.737 -79.2246 0
    endloop
  endfacet
  facet normal 0 0 -1
    outer loop
      vertex 173.688 -79.2246 0
      vertex 178.737 -79.2246 0
      vertex 173.688 -92.2246 0
    endloop
  endfacet
  facet normal 0 0 -1
    outer loop
      vertex 173.688 -79.2246 0
      vertex 178.884 -78.8711 0
      vertex 178.737 -79.2246 0
    endloop
  endfacet
  facet normal 0 0 -1
    outer loop
      vertex 173.541 -78.8711 0
      vertex 178.884 -78.8711 0
      vertex 173.688 -79.2246 0
    endloop
  endfacet
  facet normal 0 0 -1
    outer loop
      vertex 178.884 -78.8711 0
      vertex 173.541 -78.8711 0
      vertex 182.713 -73.6748 0
    endloop
  endfacet
  facet normal 0 0 -1
    outer loop
      vertex 169.713 -73.6748 0
      vertex 173.541 -78.8711 0
      vertex 173.188 -78.7246 0
    endloop
  endfacet
  facet normal 0 0 -1
    outer loop
      vertex 173.541 -78.8711 0
      vertex 169.713 -73.6748 0
      vertex 182.713 -73.6748 0
    endloop
  endfacet
  facet normal 0 0 -1
    outer loop
      vertex 173.188 -78.7246 0
      vertex 169.359 -73.5283 0
      vertex 169.713 -73.6748 0
    endloop
  endfacet
  facet normal 0 0 -1
    outer loop
      vertex 164.162 -73.1748 0
      vertex 169.213 -60.1748 0
      vertex 169.213 -73.1748 0
    endloop
  endfacet
  facet normal 0 0 -1
    outer loop
      vertex 164.162 -60.1748 0
      vertex 169.213 -60.1748 0
      vertex 164.162 -73.1748 0
    endloop
  endfacet
  facet normal 0 0 -1
    outer loop
      vertex 164.016 -59.8213 0
      vertex 169.213 -60.1748 0
      vertex 164.162 -60.1748 0
    endloop
  endfacet
  facet normal 0 0 -1
    outer loop
      vertex 163.662 -59.6748 0
      vertex 164.95 -54.625 0
      vertex 164.016 -59.8213 0
    endloop
  endfacet
  facet normal 0 0 -1
    outer loop
      vertex 169.359 -59.8213 0
      vertex 164.016 -59.8213 0
      vertex 164.95 -54.625 0
    endloop
  endfacet
  facet normal 0 0 -1
    outer loop
      vertex 169.359 -73.5283 0
      vertex 164.162 -73.1748 0
      vertex 169.213 -73.1748 0
    endloop
  endfacet
  facet normal 0 0 -1
    outer loop
      vertex 164.016 -73.5283 0
      vertex 169.359 -73.5283 0
      vertex 173.188 -78.7246 0
    endloop
  endfacet
  facet normal 0 0 -1
    outer loop
      vertex 169.359 -73.5283 0
      vertex 164.016 -73.5283 0
      vertex 164.162 -73.1748 0
    endloop
  endfacet
  facet normal 0 0 -1
    outer loop
      vertex 160.188 -78.7246 0
      vertex 164.016 -73.5283 0
      vertex 173.188 -78.7246 0
    endloop
  endfacet
  facet normal 0 0 -1
    outer loop
      vertex 164.016 -73.5283 0
      vertex 160.188 -78.7246 0
      vertex 163.662 -73.6748 0
    endloop
  endfacet
  facet normal 0 0 -1
    outer loop
      vertex 159.834 -78.8711 0
      vertex 163.662 -73.6748 0
      vertex 160.188 -78.7246 0
    endloop
  endfacet
  facet normal 0 0 -1
    outer loop
      vertex 154.638 -79.2246 0
      vertex 159.688 -79.2246 0
      vertex 154.638 -92.2246 0
    endloop
  endfacet
  facet normal 0 0 -1
    outer loop
      vertex 154.638 -79.2246 0
      vertex 159.834 -78.8711 0
      vertex 159.688 -79.2246 0
    endloop
  endfacet
  facet normal 0 0 -1
    outer loop
      vertex 154.491 -78.8711 0
      vertex 159.834 -78.8711 0
      vertex 154.638 -79.2246 0
    endloop
  endfacet
  facet normal 0 0 -1
    outer loop
      vertex 159.834 -78.8711 0
      vertex 154.491 -78.8711 0
      vertex 163.662 -73.6748 0
    endloop
  endfacet
  facet normal 0 0 -1
    outer loop
      vertex 150.662 -73.6748 0
      vertex 154.491 -78.8711 0
      vertex 154.138 -78.7246 0
    endloop
  endfacet
  facet normal 0 0 -1
    outer loop
      vertex 154.491 -78.8711 0
      vertex 150.662 -73.6748 0
      vertex 163.662 -73.6748 0
    endloop
  endfacet
  facet normal 0 0 -1
    outer loop
      vertex 154.138 -78.7246 0
      vertex 150.309 -73.5283 0
      vertex 150.662 -73.6748 0
    endloop
  endfacet
  facet normal 0 0 -1
    outer loop
      vertex 145.112 -73.1748 0
      vertex 150.162 -60.1748 0
      vertex 150.162 -73.1748 0
    endloop
  endfacet
  facet normal 0 0 -1
    outer loop
      vertex 145.112 -60.1748 0
      vertex 150.162 -60.1748 0
      vertex 145.112 -73.1748 0
    endloop
  endfacet
  facet normal 0 0 -1
    outer loop
      vertex 144.966 -59.8213 0
      vertex 150.162 -60.1748 0
      vertex 145.112 -60.1748 0
    endloop
  endfacet
  facet normal 0 0 -1
    outer loop
      vertex 144.612 -59.6748 0
      vertex 145.9 -54.625 0
      vertex 144.966 -59.8213 0
    endloop
  endfacet
  facet normal 0 0 -1
    outer loop
      vertex 150.309 -59.8213 0
      vertex 144.966 -59.8213 0
      vertex 145.9 -54.625 0
    endloop
  endfacet
  facet normal 0 0 -1
    outer loop
      vertex 150.309 -73.5283 0
      vertex 145.112 -73.1748 0
      vertex 150.162 -73.1748 0
    endloop
  endfacet
  facet normal 0 0 -1
    outer loop
      vertex 144.966 -73.5283 0
      vertex 150.309 -73.5283 0
      vertex 154.138 -78.7246 0
    endloop
  endfacet
  facet normal 0 0 -1
    outer loop
      vertex 150.309 -73.5283 0
      vertex 144.966 -73.5283 0
      vertex 145.112 -73.1748 0
    endloop
  endfacet
  facet normal 0 0 -1
    outer loop
      vertex 141.138 -78.7246 0
      vertex 144.966 -73.5283 0
      vertex 154.138 -78.7246 0
    endloop
  endfacet
  facet normal 0 0 -1
    outer loop
      vertex 144.966 -73.5283 0
      vertex 141.138 -78.7246 0
      vertex 144.612 -73.6748 0
    endloop
  endfacet
  facet normal 0 0 -1
    outer loop
      vertex 140.784 -78.8711 0
      vertex 144.612 -73.6748 0
      vertex 141.138 -78.7246 0
    endloop
  endfacet
  facet normal 0 0 -1
    outer loop
      vertex 137.469 -97.7754 0
      vertex 140.784 -92.5781 0
      vertex 137.822 -97.9219 0
    endloop
  endfacet
  facet normal 0 0 -1
    outer loop
      vertex 135.441 -92.5781 0
      vertex 140.784 -92.5781 0
      vertex 137.469 -97.7754 0
    endloop
  endfacet
  facet normal 0 0 -1
    outer loop
      vertex 140.784 -92.5781 0
      vertex 135.588 -92.2246 0
      vertex 140.638 -92.2246 0
    endloop
  endfacet
  facet normal 0 0 -1
    outer loop
      vertex 140.638 -92.2246 0
      vertex 135.588 -92.2246 0
      vertex 140.638 -79.2246 0
    endloop
  endfacet
  facet normal 0 0 -1
    outer loop
      vertex 135.588 -79.2246 0
      vertex 140.638 -79.2246 0
      vertex 135.588 -92.2246 0
    endloop
  endfacet
  facet normal 0 0 -1
    outer loop
      vertex 135.588 -79.2246 0
      vertex 140.784 -78.8711 0
      vertex 140.638 -79.2246 0
    endloop
  endfacet
  facet normal 0 0 -1
    outer loop
      vertex 135.441 -78.8711 0
      vertex 140.784 -78.8711 0
      vertex 135.588 -79.2246 0
    endloop
  endfacet
  facet normal 0 0 -1
    outer loop
      vertex 140.784 -78.8711 0
      vertex 135.441 -78.8711 0
      vertex 144.612 -73.6748 0
    endloop
  endfacet
  facet normal 0 0 -1
    outer loop
      vertex 131.612 -73.6748 0
      vertex 135.441 -78.8711 0
      vertex 135.088 -78.7246 0
    endloop
  endfacet
  facet normal 0 0 -1
    outer loop
      vertex 135.441 -78.8711 0
      vertex 131.612 -73.6748 0
      vertex 144.612 -73.6748 0
    endloop
  endfacet
  facet normal 0 0 -1
    outer loop
      vertex 135.088 -78.7246 0
      vertex 131.259 -73.5283 0
      vertex 131.612 -73.6748 0
    endloop
  endfacet
  facet normal 0 0 -1
    outer loop
      vertex 126.062 -73.1748 0
      vertex 131.112 -60.1748 0
      vertex 131.112 -73.1748 0
    endloop
  endfacet
  facet normal 0 0 -1
    outer loop
      vertex 126.062 -60.1748 0
      vertex 131.112 -60.1748 0
      vertex 126.062 -73.1748 0
    endloop
  endfacet
  facet normal 0 0 -1
    outer loop
      vertex 125.916 -59.8213 0
      vertex 131.112 -60.1748 0
      vertex 126.062 -60.1748 0
    endloop
  endfacet
  facet normal 0 0 -1
    outer loop
      vertex 125.562 -59.6748 0
      vertex 126.85 -54.625 0
      vertex 125.916 -59.8213 0
    endloop
  endfacet
  facet normal 0 0 -1
    outer loop
      vertex 131.259 -59.8213 0
      vertex 125.916 -59.8213 0
      vertex 126.85 -54.625 0
    endloop
  endfacet
  facet normal 0 0 -1
    outer loop
      vertex 131.259 -73.5283 0
      vertex 126.062 -73.1748 0
      vertex 131.112 -73.1748 0
    endloop
  endfacet
  facet normal 0 0 -1
    outer loop
      vertex 125.916 -73.5283 0
      vertex 131.259 -73.5283 0
      vertex 135.088 -78.7246 0
    endloop
  endfacet
  facet normal 0 0 -1
    outer loop
      vertex 131.259 -73.5283 0
      vertex 125.916 -73.5283 0
      vertex 126.062 -73.1748 0
    endloop
  endfacet
  facet normal 0 0 -1
    outer loop
      vertex 122.088 -78.7246 0
      vertex 125.916 -73.5283 0
      vertex 135.088 -78.7246 0
    endloop
  endfacet
  facet normal 0 0 -1
    outer loop
      vertex 125.916 -73.5283 0
      vertex 122.088 -78.7246 0
      vertex 125.562 -73.6748 0
    endloop
  endfacet
  facet normal 0 0 -1
    outer loop
      vertex 121.734 -78.8711 0
      vertex 125.562 -73.6748 0
      vertex 122.088 -78.7246 0
    endloop
  endfacet
  facet normal 0 0 -1
    outer loop
      vertex 116.537 -79.2246 0
      vertex 121.588 -79.2246 0
      vertex 116.537 -92.2246 0
    endloop
  endfacet
  facet normal 0 0 -1
    outer loop
      vertex 116.537 -79.2246 0
      vertex 121.734 -78.8711 0
      vertex 121.588 -79.2246 0
    endloop
  endfacet
  facet normal 0 0 -1
    outer loop
      vertex 116.391 -78.8711 0
      vertex 121.734 -78.8711 0
      vertex 116.537 -79.2246 0
    endloop
  endfacet
  facet normal 0 0 -1
    outer loop
      vertex 121.734 -78.8711 0
      vertex 116.391 -78.8711 0
      vertex 125.562 -73.6748 0
    endloop
  endfacet
  facet normal 0 0 -1
    outer loop
      vertex 112.562 -73.6748 0
      vertex 116.391 -78.8711 0
      vertex 116.037 -78.7246 0
    endloop
  endfacet
  facet normal 0 0 -1
    outer loop
      vertex 116.391 -78.8711 0
      vertex 112.562 -73.6748 0
      vertex 125.562 -73.6748 0
    endloop
  endfacet
  facet normal 0 0 -1
    outer loop
      vertex 116.037 -78.7246 0
      vertex 112.209 -73.5283 0
      vertex 112.562 -73.6748 0
    endloop
  endfacet
  facet normal 0 0 -1
    outer loop
      vertex 107.013 -73.1748 0
      vertex 112.062 -60.1748 0
      vertex 112.062 -73.1748 0
    endloop
  endfacet
  facet normal 0 0 -1
    outer loop
      vertex 107.013 -60.1748 0
      vertex 112.062 -60.1748 0
      vertex 107.013 -73.1748 0
    endloop
  endfacet
  facet normal 0 0 -1
    outer loop
      vertex 106.866 -59.8213 0
      vertex 112.062 -60.1748 0
      vertex 107.013 -60.1748 0
    endloop
  endfacet
  facet normal 0 0 -1
    outer loop
      vertex 106.513 -59.6748 0
      vertex 107.8 -54.625 0
      vertex 106.866 -59.8213 0
    endloop
  endfacet
  facet normal 0 0 -1
    outer loop
      vertex 112.209 -59.8213 0
      vertex 106.866 -59.8213 0
      vertex 107.8 -54.625 0
    endloop
  endfacet
  facet normal 0 0 -1
    outer loop
      vertex 112.209 -73.5283 0
      vertex 107.013 -73.1748 0
      vertex 112.062 -73.1748 0
    endloop
  endfacet
  facet normal 0 0 -1
    outer loop
      vertex 106.866 -73.5283 0
      vertex 112.209 -73.5283 0
      vertex 116.037 -78.7246 0
    endloop
  endfacet
  facet normal 0 0 -1
    outer loop
      vertex 112.209 -73.5283 0
      vertex 106.866 -73.5283 0
      vertex 107.013 -73.1748 0
    endloop
  endfacet
  facet normal 0 0 -1
    outer loop
      vertex 103.037 -78.7246 0
      vertex 106.866 -73.5283 0
      vertex 116.037 -78.7246 0
    endloop
  endfacet
  facet normal 0 0 -1
    outer loop
      vertex 106.866 -73.5283 0
      vertex 103.037 -78.7246 0
      vertex 106.513 -73.6748 0
    endloop
  endfacet
  facet normal 0 0 -1
    outer loop
      vertex 102.684 -78.8711 0
      vertex 106.513 -73.6748 0
      vertex 103.037 -78.7246 0
    endloop
  endfacet
  facet normal 0 0 -1
    outer loop
      vertex 97.4873 -79.2246 0
      vertex 102.537 -79.2246 0
      vertex 97.4873 -92.2246 0
    endloop
  endfacet
  facet normal 0 0 -1
    outer loop
      vertex 97.4873 -79.2246 0
      vertex 102.684 -78.8711 0
      vertex 102.537 -79.2246 0
    endloop
  endfacet
  facet normal 0 0 -1
    outer loop
      vertex 97.3408 -78.8711 0
      vertex 102.684 -78.8711 0
      vertex 97.4873 -79.2246 0
    endloop
  endfacet
  facet normal 0 0 -1
    outer loop
      vertex 102.684 -78.8711 0
      vertex 97.3408 -78.8711 0
      vertex 106.513 -73.6748 0
    endloop
  endfacet
  facet normal 0 0 -1
    outer loop
      vertex 93.5127 -73.6748 0
      vertex 97.3408 -78.8711 0
      vertex 96.9873 -78.7246 0
    endloop
  endfacet
  facet normal 0 0 -1
    outer loop
      vertex 97.3408 -78.8711 0
      vertex 93.5127 -73.6748 0
      vertex 106.513 -73.6748 0
    endloop
  endfacet
  facet normal 0 0 -1
    outer loop
      vertex 96.9873 -78.7246 0
      vertex 93.1592 -73.5283 0
      vertex 93.5127 -73.6748 0
    endloop
  endfacet
  facet normal 0 0 -1
    outer loop
      vertex 87.9629 -73.1748 0
      vertex 93.0127 -60.1748 0
      vertex 93.0127 -73.1748 0
    endloop
  endfacet
  facet normal 0 0 -1
    outer loop
      vertex 87.9629 -60.1748 0
      vertex 93.0127 -60.1748 0
      vertex 87.9629 -73.1748 0
    endloop
  endfacet
  facet normal 0 0 -1
    outer loop
      vertex 87.8164 -59.8213 0
      vertex 93.0127 -60.1748 0
      vertex 87.9629 -60.1748 0
    endloop
  endfacet
  facet normal 0 0 -1
    outer loop
      vertex 87.4629 -59.6748 0
      vertex 88.75 -54.625 0
      vertex 87.8164 -59.8213 0
    endloop
  endfacet
  facet normal 0 0 -1
    outer loop
      vertex 93.1592 -59.8213 0
      vertex 87.8164 -59.8213 0
      vertex 88.75 -54.625 0
    endloop
  endfacet
  facet normal 0 0 -1
    outer loop
      vertex 93.1592 -73.5283 0
      vertex 87.9629 -73.1748 0
      vertex 93.0127 -73.1748 0
    endloop
  endfacet
  facet normal 0 0 -1
    outer loop
      vertex 87.8164 -73.5283 0
      vertex 93.1592 -73.5283 0
      vertex 96.9873 -78.7246 0
    endloop
  endfacet
  facet normal 0 0 -1
    outer loop
      vertex 93.1592 -73.5283 0
      vertex 87.8164 -73.5283 0
      vertex 87.9629 -73.1748 0
    endloop
  endfacet
  facet normal 0 0 -1
    outer loop
      vertex 83.9873 -78.7246 0
      vertex 87.8164 -73.5283 0
      vertex 96.9873 -78.7246 0
    endloop
  endfacet
  facet normal 0 0 -1
    outer loop
      vertex 87.8164 -73.5283 0
      vertex 83.9873 -78.7246 0
      vertex 87.4629 -73.6748 0
    endloop
  endfacet
  facet normal 0 0 -1
    outer loop
      vertex 83.6338 -78.8711 0
      vertex 87.4629 -73.6748 0
      vertex 83.9873 -78.7246 0
    endloop
  endfacet
  facet normal 0 0 -1
    outer loop
      vertex 78.4375 -79.2246 0
      vertex 83.4873 -79.2246 0
      vertex 78.4375 -92.2246 0
    endloop
  endfacet
  facet normal 0 0 -1
    outer loop
      vertex 78.4375 -79.2246 0
      vertex 83.6338 -78.8711 0
      vertex 83.4873 -79.2246 0
    endloop
  endfacet
  facet normal 0 0 -1
    outer loop
      vertex 78.291 -78.8711 0
      vertex 83.6338 -78.8711 0
      vertex 78.4375 -79.2246 0
    endloop
  endfacet
  facet normal 0 0 -1
    outer loop
      vertex 83.6338 -78.8711 0
      vertex 78.291 -78.8711 0
      vertex 87.4629 -73.6748 0
    endloop
  endfacet
  facet normal 0 0 -1
    outer loop
      vertex 74.4629 -73.6748 0
      vertex 78.291 -78.8711 0
      vertex 77.9375 -78.7246 0
    endloop
  endfacet
  facet normal 0 0 -1
    outer loop
      vertex 78.291 -78.8711 0
      vertex 74.4629 -73.6748 0
      vertex 87.4629 -73.6748 0
    endloop
  endfacet
  facet normal 0 0 -1
    outer loop
      vertex 77.9375 -78.7246 0
      vertex 74.1094 -73.5283 0
      vertex 74.4629 -73.6748 0
    endloop
  endfacet
  facet normal 0 0 -1
    outer loop
      vertex 68.9121 -73.1748 0
      vertex 73.9629 -60.1748 0
      vertex 73.9629 -73.1748 0
    endloop
  endfacet
  facet normal 0 0 -1
    outer loop
      vertex 68.9121 -60.1748 0
      vertex 73.9629 -60.1748 0
      vertex 68.9121 -73.1748 0
    endloop
  endfacet
  facet normal 0 0 -1
    outer loop
      vertex 68.7656 -59.8213 0
      vertex 73.9629 -60.1748 0
      vertex 68.9121 -60.1748 0
    endloop
  endfacet
  facet normal 0 0 -1
    outer loop
      vertex 68.4121 -59.6748 0
      vertex 69.7002 -54.625 0
      vertex 68.7656 -59.8213 0
    endloop
  endfacet
  facet normal 0 0 -1
    outer loop
      vertex 74.1094 -59.8213 0
      vertex 68.7656 -59.8213 0
      vertex 69.7002 -54.625 0
    endloop
  endfacet
  facet normal 0 0 -1
    outer loop
      vertex 74.1094 -73.5283 0
      vertex 68.9121 -73.1748 0
      vertex 73.9629 -73.1748 0
    endloop
  endfacet
  facet normal 0 0 -1
    outer loop
      vertex 68.7656 -73.5283 0
      vertex 74.1094 -73.5283 0
      vertex 77.9375 -78.7246 0
    endloop
  endfacet
  facet normal 0 0 -1
    outer loop
      vertex 74.1094 -73.5283 0
      vertex 68.7656 -73.5283 0
      vertex 68.9121 -73.1748 0
    endloop
  endfacet
  facet normal 0 0 -1
    outer loop
      vertex 64.9375 -78.7246 0
      vertex 68.7656 -73.5283 0
      vertex 77.9375 -78.7246 0
    endloop
  endfacet
  facet normal 0 0 -1
    outer loop
      vertex 68.7656 -73.5283 0
      vertex 64.9375 -78.7246 0
      vertex 68.4121 -73.6748 0
    endloop
  endfacet
  facet normal 0 0 -1
    outer loop
      vertex 64.584 -78.8711 0
      vertex 68.4121 -73.6748 0
      vertex 64.9375 -78.7246 0
    endloop
  endfacet
  facet normal 0 0 -1
    outer loop
      vertex 59.3877 -79.2246 0
      vertex 64.4375 -79.2246 0
      vertex 59.3877 -92.2246 0
    endloop
  endfacet
  facet normal 0 0 -1
    outer loop
      vertex 59.3877 -79.2246 0
      vertex 64.584 -78.8711 0
      vertex 64.4375 -79.2246 0
    endloop
  endfacet
  facet normal 0 0 -1
    outer loop
      vertex 59.2412 -78.8711 0
      vertex 64.584 -78.8711 0
      vertex 59.3877 -79.2246 0
    endloop
  endfacet
  facet normal 0 0 -1
    outer loop
      vertex 64.584 -78.8711 0
      vertex 59.2412 -78.8711 0
      vertex 68.4121 -73.6748 0
    endloop
  endfacet
  facet normal 0 0 -1
    outer loop
      vertex 55.4121 -73.6748 0
      vertex 59.2412 -78.8711 0
      vertex 58.8877 -78.7246 0
    endloop
  endfacet
  facet normal 0 0 -1
    outer loop
      vertex 59.2412 -78.8711 0
      vertex 55.4121 -73.6748 0
      vertex 68.4121 -73.6748 0
    endloop
  endfacet
  facet normal 0 0 -1
    outer loop
      vertex 58.8877 -78.7246 0
      vertex 55.0586 -73.5283 0
      vertex 55.4121 -73.6748 0
    endloop
  endfacet
  facet normal 0 0 -1
    outer loop
      vertex 49.8623 -73.1748 0
      vertex 54.9121 -60.1748 0
      vertex 54.9121 -73.1748 0
    endloop
  endfacet
  facet normal 0 0 -1
    outer loop
      vertex 49.8623 -60.1748 0
      vertex 54.9121 -60.1748 0
      vertex 49.8623 -73.1748 0
    endloop
  endfacet
  facet normal 0 0 -1
    outer loop
      vertex 49.7158 -59.8213 0
      vertex 54.9121 -60.1748 0
      vertex 49.8623 -60.1748 0
    endloop
  endfacet
  facet normal 0 0 -1
    outer loop
      vertex 49.3623 -59.6748 0
      vertex 50.6504 -54.625 0
      vertex 49.7158 -59.8213 0
    endloop
  endfacet
  facet normal 0 0 -1
    outer loop
      vertex 55.0586 -59.8213 0
      vertex 49.7158 -59.8213 0
      vertex 50.6504 -54.625 0
    endloop
  endfacet
  facet normal 0 0 -1
    outer loop
      vertex 55.0586 -73.5283 0
      vertex 49.8623 -73.1748 0
      vertex 54.9121 -73.1748 0
    endloop
  endfacet
  facet normal 0 0 -1
    outer loop
      vertex 49.7158 -73.5283 0
      vertex 55.0586 -73.5283 0
      vertex 58.8877 -78.7246 0
    endloop
  endfacet
  facet normal 0 0 -1
    outer loop
      vertex 55.0586 -73.5283 0
      vertex 49.7158 -73.5283 0
      vertex 49.8623 -73.1748 0
    endloop
  endfacet
  facet normal 0 0 -1
    outer loop
      vertex 45.8877 -78.7246 0
      vertex 49.7158 -73.5283 0
      vertex 58.8877 -78.7246 0
    endloop
  endfacet
  facet normal 0 0 -1
    outer loop
      vertex 49.7158 -73.5283 0
      vertex 45.8877 -78.7246 0
      vertex 49.3623 -73.6748 0
    endloop
  endfacet
  facet normal 0 0 -1
    outer loop
      vertex 45.5342 -78.8711 0
      vertex 49.3623 -73.6748 0
      vertex 45.8877 -78.7246 0
    endloop
  endfacet
  facet normal 0 0 -1
    outer loop
      vertex 42.2188 -97.7754 0
      vertex 45.5342 -92.5781 0
      vertex 42.5723 -97.9219 0
    endloop
  endfacet
  facet normal -0 0 -1
    outer loop
      vertex 45.5342 -92.5781 0
      vertex 42.2188 -97.7754 0
      vertex 45.3877 -92.2246 0
    endloop
  endfacet
  facet normal 0 0 -1
    outer loop
      vertex 36.8691 -94.2246 0
      vertex 45.3877 -92.2246 0
      vertex 42.2188 -97.7754 0
    endloop
  endfacet
  facet normal 0 0 -1
    outer loop
      vertex 36.8691 -80.2246 0
      vertex 45.3877 -92.2246 0
      vertex 36.8691 -94.2246 0
    endloop
  endfacet
  facet normal 0 0 -1
    outer loop
      vertex 45.3877 -92.2246 0
      vertex 36.8691 -80.2246 0
      vertex 45.3877 -79.2246 0
    endloop
  endfacet
  facet normal 0 0 -1
    outer loop
      vertex 36.7227 -79.8711 0
      vertex 45.3877 -79.2246 0
      vertex 36.8691 -80.2246 0
    endloop
  endfacet
  facet normal -0 0 -1
    outer loop
      vertex 45.3877 -79.2246 0
      vertex 36.7227 -79.8711 0
      vertex 45.5342 -78.8711 0
    endloop
  endfacet
  facet normal 0 0 -1
    outer loop
      vertex 36.3623 -73.6748 0
      vertex 45.5342 -78.8711 0
      vertex 36.7227 -79.8711 0
    endloop
  endfacet
  facet normal 0 0 -1
    outer loop
      vertex 36.3623 -73.6748 0
      vertex 36.7227 -79.8711 0
      vertex 36.3691 -79.7246 0
    endloop
  endfacet
  facet normal 0 0 -1
    outer loop
      vertex 45.5342 -78.8711 0
      vertex 36.3623 -73.6748 0
      vertex 49.3623 -73.6748 0
    endloop
  endfacet
  facet normal 0 0 -1
    outer loop
      vertex 36.3691 -79.7246 0
      vertex 36.0088 -73.5283 0
      vertex 36.3623 -73.6748 0
    endloop
  endfacet
  facet normal 0 0 -1
    outer loop
      vertex 30.3691 -79.7246 0
      vertex 36.0088 -73.5283 0
      vertex 36.3691 -79.7246 0
    endloop
  endfacet
  facet normal 0 0 -1
    outer loop
      vertex 23.6689 -73.1748 0
      vertex 35.8623 -60.1748 0
      vertex 35.8623 -73.1748 0
    endloop
  endfacet
  facet normal -0 0 -1
    outer loop
      vertex 36.0088 -73.5283 0
      vertex 30.3691 -79.7246 0
      vertex 35.8623 -73.1748 0
    endloop
  endfacet
  facet normal 0 0 -1
    outer loop
      vertex 23.6689 -73.1748 0
      vertex 30.3691 -79.7246 0
      vertex 30.0156 -79.8711 0
    endloop
  endfacet
  facet normal 0 0 -1
    outer loop
      vertex 23.6689 -60.1748 0
      vertex 31.5996 -54.625 0
      vertex 35.8623 -60.1748 0
    endloop
  endfacet
  facet normal 0 0 -1
    outer loop
      vertex 23.6689 -60.1748 0
      vertex 35.8623 -60.1748 0
      vertex 23.6689 -73.1748 0
    endloop
  endfacet
  facet normal 0 0 -1
    outer loop
      vertex 30.3691 -79.7246 0
      vertex 23.6689 -73.1748 0
      vertex 35.8623 -73.1748 0
    endloop
  endfacet
  facet normal 0 0 -1
    outer loop
      vertex 283.078 -92.5781 0
      vertex 288.422 -92.5781 0
      vertex 283.078 -97.9219 0
    endloop
  endfacet
  facet normal 0 0 -1
    outer loop
      vertex 288.422 -92.5781 0
      vertex 283.078 -92.5781 0
      vertex 283.225 -92.2246 0
    endloop
  endfacet
  facet normal 0 0 -1
    outer loop
      vertex 282.725 -97.7754 0
      vertex 283.078 -92.5781 0
      vertex 283.078 -97.9219 0
    endloop
  endfacet
  facet normal 0 0 -1
    outer loop
      vertex 282.725 -97.7754 0
      vertex 282.725 -92.7246 0
      vertex 283.078 -92.5781 0
    endloop
  endfacet
  facet normal 0 0 -1
    outer loop
      vertex 269.725 -97.7754 0
      vertex 282.725 -92.7246 0
      vertex 282.725 -97.7754 0
    endloop
  endfacet
  facet normal 0 0 -1
    outer loop
      vertex 269.725 -97.7754 0
      vertex 269.725 -92.7246 0
      vertex 282.725 -92.7246 0
    endloop
  endfacet
  facet normal 0 0 -1
    outer loop
      vertex 269.371 -97.9219 0
      vertex 269.725 -92.7246 0
      vertex 269.725 -97.7754 0
    endloop
  endfacet
  facet normal 0 0 -1
    outer loop
      vertex 269.371 -97.9219 0
      vertex 269.371 -92.5781 0
      vertex 269.725 -92.7246 0
    endloop
  endfacet
  facet normal 0 0 -1
    outer loop
      vertex 264.175 -98.2754 0
      vertex 269.371 -97.9219 0
      vertex 269.225 -98.2754 0
    endloop
  endfacet
  facet normal 0 0 -1
    outer loop
      vertex 264.028 -97.9219 0
      vertex 269.371 -97.9219 0
      vertex 264.175 -98.2754 0
    endloop
  endfacet
  facet normal 0 0 -1
    outer loop
      vertex 302.129 -16.3789 0
      vertex 311 -15.86 0
      vertex 302.129 -21.7217 0
    endloop
  endfacet
  facet normal 0 0 -1
    outer loop
      vertex 311 -15.86 0
      vertex 302.129 -16.3789 0
      vertex 302.275 -16.0254 0
    endloop
  endfacet
  facet normal 0 0 -1
    outer loop
      vertex 301.775 -21.5752 0
      vertex 302.129 -16.3789 0
      vertex 302.129 -21.7217 0
    endloop
  endfacet
  facet normal 0 0 -1
    outer loop
      vertex 301.775 -21.5752 0
      vertex 301.775 -16.5254 0
      vertex 302.129 -16.3789 0
    endloop
  endfacet
  facet normal 0 0 -1
    outer loop
      vertex 288.775 -21.5752 0
      vertex 301.775 -16.5254 0
      vertex 301.775 -21.5752 0
    endloop
  endfacet
  facet normal 0 0 -1
    outer loop
      vertex 288.775 -21.5752 0
      vertex 288.775 -16.5254 0
      vertex 301.775 -16.5254 0
    endloop
  endfacet
  facet normal 0 0 -1
    outer loop
      vertex 288.422 -21.7217 0
      vertex 288.775 -16.5254 0
      vertex 288.775 -21.5752 0
    endloop
  endfacet
  facet normal 0 0 -1
    outer loop
      vertex 288.422 -21.7217 0
      vertex 288.422 -16.3789 0
      vertex 288.775 -16.5254 0
    endloop
  endfacet
  facet normal 0 0 -1
    outer loop
      vertex 283.225 -16.0254 0
      vertex 288.422 -21.7217 0
      vertex 288.275 -22.0752 0
    endloop
  endfacet
  facet normal 0 0 -1
    outer loop
      vertex 288.422 -21.7217 0
      vertex 283.225 -16.0254 0
      vertex 288.422 -16.3789 0
    endloop
  endfacet
  facet normal 0 0 -1
    outer loop
      vertex 302.129 -40.7715 0
      vertex 302.275 -35.0752 0
      vertex 302.275 -41.125 0
    endloop
  endfacet
  facet normal 0 0 -1
    outer loop
      vertex 302.129 -40.7715 0
      vertex 302.129 -35.4287 0
      vertex 302.275 -35.0752 0
    endloop
  endfacet
  facet normal 0 0 -1
    outer loop
      vertex 301.775 -40.625 0
      vertex 302.129 -35.4287 0
      vertex 302.129 -40.7715 0
    endloop
  endfacet
  facet normal 0 0 -1
    outer loop
      vertex 301.775 -40.625 0
      vertex 301.775 -35.5752 0
      vertex 302.129 -35.4287 0
    endloop
  endfacet
  facet normal 0 0 -1
    outer loop
      vertex 288.775 -40.625 0
      vertex 301.775 -35.5752 0
      vertex 301.775 -40.625 0
    endloop
  endfacet
  facet normal 0 0 -1
    outer loop
      vertex 288.775 -40.625 0
      vertex 288.775 -35.5752 0
      vertex 301.775 -35.5752 0
    endloop
  endfacet
  facet normal 0 0 -1
    outer loop
      vertex 288.422 -40.7715 0
      vertex 288.775 -35.5752 0
      vertex 288.775 -40.625 0
    endloop
  endfacet
  facet normal 0 0 -1
    outer loop
      vertex 288.422 -40.7715 0
      vertex 288.422 -35.4287 0
      vertex 288.775 -35.5752 0
    endloop
  endfacet
  facet normal 0 0 -1
    outer loop
      vertex 288.275 -41.125 0
      vertex 288.422 -35.4287 0
      vertex 288.422 -40.7715 0
    endloop
  endfacet
  facet normal -0 0 -1
    outer loop
      vertex 288.422 -35.4287 0
      vertex 288.275 -41.125 0
      vertex 288.275 -35.0752 0
    endloop
  endfacet
  facet normal 0 0 -1
    outer loop
      vertex 302.129 -59.8213 0
      vertex 302.275 -54.125 0
      vertex 302.275 -60.1748 0
    endloop
  endfacet
  facet normal 0 0 -1
    outer loop
      vertex 302.129 -59.8213 0
      vertex 302.129 -54.4785 0
      vertex 302.275 -54.125 0
    endloop
  endfacet
  facet normal 0 0 -1
    outer loop
      vertex 301.775 -59.6748 0
      vertex 302.129 -54.4785 0
      vertex 302.129 -59.8213 0
    endloop
  endfacet
  facet normal 0 0 -1
    outer loop
      vertex 301.775 -59.6748 0
      vertex 301.775 -54.625 0
      vertex 302.129 -54.4785 0
    endloop
  endfacet
  facet normal 0 0 -1
    outer loop
      vertex 288.775 -59.6748 0
      vertex 301.775 -54.625 0
      vertex 301.775 -59.6748 0
    endloop
  endfacet
  facet normal 0 0 -1
    outer loop
      vertex 288.775 -59.6748 0
      vertex 288.775 -54.625 0
      vertex 301.775 -54.625 0
    endloop
  endfacet
  facet normal 0 0 -1
    outer loop
      vertex 288.422 -59.8213 0
      vertex 288.775 -54.625 0
      vertex 288.775 -59.6748 0
    endloop
  endfacet
  facet normal 0 0 -1
    outer loop
      vertex 288.422 -59.8213 0
      vertex 288.422 -54.4785 0
      vertex 288.775 -54.625 0
    endloop
  endfacet
  facet normal 0 0 -1
    outer loop
      vertex 279.61 -60.8213 0
      vertex 288.275 -60.1748 0
      vertex 279.757 -61.1748 0
    endloop
  endfacet
  facet normal -0 0 -1
    outer loop
      vertex 288.275 -60.1748 0
      vertex 279.61 -60.8213 0
      vertex 288.422 -59.8213 0
    endloop
  endfacet
  facet normal 0 0 -1
    outer loop
      vertex 302.129 -78.8711 0
      vertex 302.275 -73.1748 0
      vertex 302.275 -79.2246 0
    endloop
  endfacet
  facet normal 0 0 -1
    outer loop
      vertex 302.129 -78.8711 0
      vertex 302.129 -73.5283 0
      vertex 302.275 -73.1748 0
    endloop
  endfacet
  facet normal 0 0 -1
    outer loop
      vertex 301.775 -78.7246 0
      vertex 302.129 -73.5283 0
      vertex 302.129 -78.8711 0
    endloop
  endfacet
  facet normal 0 0 -1
    outer loop
      vertex 301.775 -78.7246 0
      vertex 301.775 -73.6748 0
      vertex 302.129 -73.5283 0
    endloop
  endfacet
  facet normal 0 0 -1
    outer loop
      vertex 288.775 -78.7246 0
      vertex 301.775 -73.6748 0
      vertex 301.775 -78.7246 0
    endloop
  endfacet
  facet normal 0 0 -1
    outer loop
      vertex 288.775 -78.7246 0
      vertex 288.775 -73.6748 0
      vertex 301.775 -73.6748 0
    endloop
  endfacet
  facet normal 0 0 -1
    outer loop
      vertex 288.422 -78.8711 0
      vertex 288.775 -73.6748 0
      vertex 288.775 -78.7246 0
    endloop
  endfacet
  facet normal 0 0 -1
    outer loop
      vertex 288.422 -78.8711 0
      vertex 288.422 -73.5283 0
      vertex 288.775 -73.6748 0
    endloop
  endfacet
  facet normal 0 0 -1
    outer loop
      vertex 283.225 -79.2246 0
      vertex 288.422 -78.8711 0
      vertex 288.275 -79.2246 0
    endloop
  endfacet
  facet normal 0 0 -1
    outer loop
      vertex 283.078 -78.8711 0
      vertex 288.422 -78.8711 0
      vertex 283.225 -79.2246 0
    endloop
  endfacet
  facet normal 0 0 -1
    outer loop
      vertex 302.129 -97.9219 0
      vertex 302.275 -92.2246 0
      vertex 302.275 -98.2754 0
    endloop
  endfacet
  facet normal 0 0 -1
    outer loop
      vertex 302.129 -97.9219 0
      vertex 302.129 -92.5781 0
      vertex 302.275 -92.2246 0
    endloop
  endfacet
  facet normal 0 0 -1
    outer loop
      vertex 301.775 -97.7754 0
      vertex 302.129 -92.5781 0
      vertex 302.129 -97.9219 0
    endloop
  endfacet
  facet normal 0 0 -1
    outer loop
      vertex 301.775 -97.7754 0
      vertex 301.775 -92.7246 0
      vertex 302.129 -92.5781 0
    endloop
  endfacet
  facet normal 0 0 -1
    outer loop
      vertex 288.775 -97.7754 0
      vertex 301.775 -92.7246 0
      vertex 301.775 -97.7754 0
    endloop
  endfacet
  facet normal 0 0 -1
    outer loop
      vertex 288.775 -97.7754 0
      vertex 288.775 -92.7246 0
      vertex 301.775 -92.7246 0
    endloop
  endfacet
  facet normal 0 0 -1
    outer loop
      vertex 288.422 -97.9219 0
      vertex 288.775 -92.7246 0
      vertex 288.775 -97.7754 0
    endloop
  endfacet
  facet normal 0 0 -1
    outer loop
      vertex 288.422 -97.9219 0
      vertex 288.422 -92.5781 0
      vertex 288.775 -92.7246 0
    endloop
  endfacet
  facet normal 0 0 -1
    outer loop
      vertex 283.225 -98.2754 0
      vertex 288.422 -97.9219 0
      vertex 288.275 -98.2754 0
    endloop
  endfacet
  facet normal 0 0 -1
    outer loop
      vertex 283.078 -97.9219 0
      vertex 288.422 -97.9219 0
      vertex 283.225 -98.2754 0
    endloop
  endfacet
  facet normal 0 0 -1
    outer loop
      vertex 308.901 -118.681 0
      vertex 310.001 -119.37 0
      vertex 309.07 -120.301 0
    endloop
  endfacet
  facet normal 0 0 -1
    outer loop
      vertex 310.001 -119.37 0
      vertex 308.901 -118.681 0
      vertex 309.35 -117.3 0
    endloop
  endfacet
  facet normal 0 0 -1
    outer loop
      vertex 307.726 -119.535 0
      vertex 309.07 -120.301 0
      vertex 307.93 -120.959 0
    endloop
  endfacet
  facet normal 0 0 -1
    outer loop
      vertex 309.07 -120.301 0
      vertex 307.726 -119.535 0
      vertex 308.901 -118.681 0
    endloop
  endfacet
  facet normal 0 0 -1
    outer loop
      vertex 306.658 -121.3 0
      vertex 307.726 -119.535 0
      vertex 307.93 -120.959 0
    endloop
  endfacet
  facet normal 0 0 -1
    outer loop
      vertex 306.658 -121.3 0
      vertex 306.274 -119.535 0
      vertex 307.726 -119.535 0
    endloop
  endfacet
  facet normal 0 0 -1
    outer loop
      vertex 306.658 -121.3 0
      vertex 305.099 -118.681 0
      vertex 306.274 -119.535 0
    endloop
  endfacet
  facet normal 0 0 -1
    outer loop
      vertex 288.775 -111.775 0
      vertex 304.65 -117.3 0
      vertex 305.099 -118.681 0
    endloop
  endfacet
  facet normal 0 0 -1
    outer loop
      vertex 304.65 -117.3 0
      vertex 302.129 -111.629 0
      vertex 302.275 -111.275 0
    endloop
  endfacet
  facet normal 0 0 -1
    outer loop
      vertex 304.65 -117.3 0
      vertex 301.775 -111.775 0
      vertex 302.129 -111.629 0
    endloop
  endfacet
  facet normal 0 0 -1
    outer loop
      vertex 304.65 -117.3 0
      vertex 288.775 -111.775 0
      vertex 301.775 -111.775 0
    endloop
  endfacet
  facet normal 0 0 -1
    outer loop
      vertex 306.658 -121.3 0
      vertex 288.775 -111.775 0
      vertex 305.099 -118.681 0
    endloop
  endfacet
  facet normal 0 0 -1
    outer loop
      vertex 282.725 -111.775 0
      vertex 288.775 -111.775 0
      vertex 306.658 -121.3 0
    endloop
  endfacet
  facet normal 0 0 -1
    outer loop
      vertex 283.225 -98.2754 0
      vertex 288.275 -98.2754 0
      vertex 288.275 -111.275 0
    endloop
  endfacet
  facet normal 0 0 -1
    outer loop
      vertex 288.422 -97.9219 0
      vertex 283.078 -97.9219 0
      vertex 288.422 -92.5781 0
    endloop
  endfacet
  facet normal 0 0 -1
    outer loop
      vertex 288.275 -92.2246 0
      vertex 283.225 -92.2246 0
      vertex 288.275 -79.2246 0
    endloop
  endfacet
  facet normal 0 0 -1
    outer loop
      vertex 283.225 -79.2246 0
      vertex 288.275 -79.2246 0
      vertex 283.225 -92.2246 0
    endloop
  endfacet
  facet normal -0 0 -1
    outer loop
      vertex 288.422 -73.5283 0
      vertex 283.078 -78.8711 0
      vertex 288.275 -73.1748 0
    endloop
  endfacet
  facet normal 0 0 -1
    outer loop
      vertex 279.757 -61.1748 0
      vertex 288.275 -73.1748 0
      vertex 283.078 -78.8711 0
    endloop
  endfacet
  facet normal 0 0 -1
    outer loop
      vertex 288.275 -73.1748 0
      vertex 279.757 -61.1748 0
      vertex 288.275 -60.1748 0
    endloop
  endfacet
  facet normal -0 0 -1
    outer loop
      vertex 288.422 -59.8213 0
      vertex 279.61 -60.8213 0
      vertex 288.422 -54.4785 0
    endloop
  endfacet
  facet normal 0 0 -1
    outer loop
      vertex 288.275 -41.125 0
      vertex 283.225 -16.0254 0
      vertex 288.275 -35.0752 0
    endloop
  endfacet
  facet normal 0 0 -1
    outer loop
      vertex 288.275 -35.0752 0
      vertex 283.225 -16.0254 0
      vertex 288.275 -22.0752 0
    endloop
  endfacet
  facet normal 0 0 -1
    outer loop
      vertex 283.225 -98.2754 0
      vertex 288.275 -111.275 0
      vertex 283.225 -111.275 0
    endloop
  endfacet
  facet normal 0 0 -1
    outer loop
      vertex 288.422 -111.629 0
      vertex 283.225 -111.275 0
      vertex 288.275 -111.275 0
    endloop
  endfacet
  facet normal 0 0 -1
    outer loop
      vertex 288.775 -111.775 0
      vertex 282.725 -111.775 0
      vertex 288.422 -111.629 0
    endloop
  endfacet
  facet normal 0 0 -1
    outer loop
      vertex 288.422 -111.629 0
      vertex 283.078 -111.629 0
      vertex 283.225 -111.275 0
    endloop
  endfacet
  facet normal -0 0 -1
    outer loop
      vertex 288.422 -111.629 0
      vertex 282.725 -111.775 0
      vertex 283.078 -111.629 0
    endloop
  endfacet
  facet normal 0 0 -1
    outer loop
      vertex 306.658 -121.3 0
      vertex 269.725 -111.775 0
      vertex 282.725 -111.775 0
    endloop
  endfacet
  facet normal 0 0 -1
    outer loop
      vertex 264.175 -111.275 0
      vertex 269.225 -98.2754 0
      vertex 269.225 -111.275 0
    endloop
  endfacet
  facet normal 0 0 -1
    outer loop
      vertex 264.175 -98.2754 0
      vertex 269.225 -98.2754 0
      vertex 264.175 -111.275 0
    endloop
  endfacet
  facet normal 0 0 -1
    outer loop
      vertex 269.371 -97.9219 0
      vertex 264.028 -97.9219 0
      vertex 269.371 -92.5781 0
    endloop
  endfacet
  facet normal 0 0 -1
    outer loop
      vertex 269.371 -111.629 0
      vertex 264.175 -111.275 0
      vertex 269.225 -111.275 0
    endloop
  endfacet
  facet normal 0 0 -1
    outer loop
      vertex 264.028 -111.629 0
      vertex 269.371 -111.629 0
      vertex 269.725 -111.775 0
    endloop
  endfacet
  facet normal 0 0 -1
    outer loop
      vertex 263.675 -111.775 0
      vertex 269.725 -111.775 0
      vertex 306.658 -121.3 0
    endloop
  endfacet
  facet normal 0 0 -1
    outer loop
      vertex 269.371 -111.629 0
      vertex 264.028 -111.629 0
      vertex 264.175 -111.275 0
    endloop
  endfacet
  facet normal 0 0 -1
    outer loop
      vertex 269.725 -111.775 0
      vertex 263.675 -111.775 0
      vertex 264.028 -111.629 0
    endloop
  endfacet
  facet normal 0 0 -1
    outer loop
      vertex 306.658 -121.3 0
      vertex 250.675 -111.775 0
      vertex 263.675 -111.775 0
    endloop
  endfacet
  facet normal 0 0 -1
    outer loop
      vertex 250.175 -111.275 0
      vertex 245.125 -111.275 0
      vertex 250.175 -98.2754 0
    endloop
  endfacet
  facet normal 0 0 -1
    outer loop
      vertex 250.321 -111.629 0
      vertex 245.125 -111.275 0
      vertex 250.175 -111.275 0
    endloop
  endfacet
  facet normal 0 0 -1
    outer loop
      vertex 244.979 -111.629 0
      vertex 250.321 -111.629 0
      vertex 250.675 -111.775 0
    endloop
  endfacet
  facet normal 0 0 -1
    outer loop
      vertex 244.625 -111.775 0
      vertex 250.675 -111.775 0
      vertex 306.658 -121.3 0
    endloop
  endfacet
  facet normal 0 0 -1
    outer loop
      vertex 250.321 -111.629 0
      vertex 244.979 -111.629 0
      vertex 245.125 -111.275 0
    endloop
  endfacet
  facet normal 0 0 -1
    outer loop
      vertex 250.675 -111.775 0
      vertex 244.625 -111.775 0
      vertex 244.979 -111.629 0
    endloop
  endfacet
  facet normal 0 0 -1
    outer loop
      vertex 306.658 -121.3 0
      vertex 231.625 -111.775 0
      vertex 244.625 -111.775 0
    endloop
  endfacet
  facet normal 0 0 -1
    outer loop
      vertex 226.075 -98.2754 0
      vertex 231.125 -98.2754 0
      vertex 231.125 -111.275 0
    endloop
  endfacet
  facet normal 0 0 -1
    outer loop
      vertex 231.625 -97.7754 0
      vertex 230.691 -92.5781 0
      vertex 230.838 -92.2246 0
    endloop
  endfacet
  facet normal 0 0 -1
    outer loop
      vertex 225.929 -97.9219 0
      vertex 231.125 -98.2754 0
      vertex 226.075 -98.2754 0
    endloop
  endfacet
  facet normal 0 0 -1
    outer loop
      vertex 226.075 -98.2754 0
      vertex 231.125 -111.275 0
      vertex 226.075 -111.275 0
    endloop
  endfacet
  facet normal 0 0 -1
    outer loop
      vertex 231.271 -111.629 0
      vertex 226.075 -111.275 0
      vertex 231.125 -111.275 0
    endloop
  endfacet
  facet normal 0 0 -1
    outer loop
      vertex 225.929 -111.629 0
      vertex 231.271 -111.629 0
      vertex 231.625 -111.775 0
    endloop
  endfacet
  facet normal 0 0 -1
    outer loop
      vertex 225.575 -111.775 0
      vertex 231.625 -111.775 0
      vertex 306.658 -121.3 0
    endloop
  endfacet
  facet normal 0 0 -1
    outer loop
      vertex 231.271 -111.629 0
      vertex 225.929 -111.629 0
      vertex 226.075 -111.275 0
    endloop
  endfacet
  facet normal 0 0 -1
    outer loop
      vertex 231.625 -111.775 0
      vertex 225.575 -111.775 0
      vertex 225.929 -111.629 0
    endloop
  endfacet
  facet normal 0 0 -1
    outer loop
      vertex 183.969 -113.775 0
      vertex 225.575 -111.775 0
      vertex 306.658 -121.3 0
    endloop
  endfacet
  facet normal 0 0 -1
    outer loop
      vertex 207.025 -111.275 0
      vertex 212.075 -98.2754 0
      vertex 212.075 -111.275 0
    endloop
  endfacet
  facet normal -0 0 -1
    outer loop
      vertex 216.838 -92.2246 0
      vertex 211.641 -92.5781 0
      vertex 211.787 -92.2246 0
    endloop
  endfacet
  facet normal 0 0 -1
    outer loop
      vertex 212.222 -97.9219 0
      vertex 211.287 -92.7246 0
      vertex 211.641 -92.5781 0
    endloop
  endfacet
  facet normal 0 0 -1
    outer loop
      vertex 207.025 -98.2754 0
      vertex 212.075 -98.2754 0
      vertex 207.025 -111.275 0
    endloop
  endfacet
  facet normal 0 0 -1
    outer loop
      vertex 212.222 -111.629 0
      vertex 207.025 -111.275 0
      vertex 212.075 -111.275 0
    endloop
  endfacet
  facet normal 0 0 -1
    outer loop
      vertex 206.879 -111.629 0
      vertex 212.222 -111.629 0
      vertex 212.575 -111.775 0
    endloop
  endfacet
  facet normal -0 0 -1
    outer loop
      vertex 225.575 -111.775 0
      vertex 183.969 -113.775 0
      vertex 212.575 -111.775 0
    endloop
  endfacet
  facet normal 0 0 -1
    outer loop
      vertex 212.222 -111.629 0
      vertex 206.879 -111.629 0
      vertex 207.025 -111.275 0
    endloop
  endfacet
  facet normal 0 0 -1
    outer loop
      vertex 212.575 -111.775 0
      vertex 206.525 -111.775 0
      vertex 206.879 -111.629 0
    endloop
  endfacet
  facet normal -0 0 -1
    outer loop
      vertex 212.575 -111.775 0
      vertex 183.969 -113.775 0
      vertex 206.525 -111.775 0
    endloop
  endfacet
  facet normal 0 0 -1
    outer loop
      vertex 184.469 -99.2754 0
      vertex 193.025 -111.275 0
      vertex 184.469 -113.275 0
    endloop
  endfacet
  facet normal -0 0 -1
    outer loop
      vertex 197.787 -92.2246 0
      vertex 192.591 -92.5781 0
      vertex 192.737 -92.2246 0
    endloop
  endfacet
  facet normal 0 0 -1
    outer loop
      vertex 193.525 -97.7754 0
      vertex 192.237 -92.7246 0
      vertex 192.591 -92.5781 0
    endloop
  endfacet
  facet normal 0 0 -1
    outer loop
      vertex 193.025 -111.275 0
      vertex 184.469 -99.2754 0
      vertex 193.025 -98.2754 0
    endloop
  endfacet
  facet normal -0 0 -1
    outer loop
      vertex 193.172 -111.629 0
      vertex 184.469 -113.275 0
      vertex 193.025 -111.275 0
    endloop
  endfacet
  facet normal 0 0 -1
    outer loop
      vertex 184.322 -113.629 0
      vertex 193.172 -111.629 0
      vertex 193.525 -111.775 0
    endloop
  endfacet
  facet normal -0 0 -1
    outer loop
      vertex 206.525 -111.775 0
      vertex 183.969 -113.775 0
      vertex 193.525 -111.775 0
    endloop
  endfacet
  facet normal 0 0 -1
    outer loop
      vertex 193.172 -111.629 0
      vertex 184.322 -113.629 0
      vertex 184.469 -113.275 0
    endloop
  endfacet
  facet normal 0 0 -1
    outer loop
      vertex 193.525 -111.775 0
      vertex 183.969 -113.775 0
      vertex 184.322 -113.629 0
    endloop
  endfacet
  facet normal 0 0 -1
    outer loop
      vertex 306.658 -121.3 0
      vertex 177.969 -113.775 0
      vertex 183.969 -113.775 0
    endloop
  endfacet
  facet normal 0 0 -1
    outer loop
      vertex 160.188 -92.7246 0
      vertex 177.469 -99.2754 0
      vertex 177.469 -113.275 0
    endloop
  endfacet
  facet normal -0 0 -1
    outer loop
      vertex 178.737 -92.2246 0
      vertex 173.541 -92.5781 0
      vertex 173.688 -92.2246 0
    endloop
  endfacet
  facet normal 0 0 -1
    outer loop
      vertex 177.615 -98.9219 0
      vertex 173.188 -92.7246 0
      vertex 173.541 -92.5781 0
    endloop
  endfacet
  facet normal 0 0 -1
    outer loop
      vertex 177.469 -99.2754 0
      vertex 160.188 -92.7246 0
      vertex 173.188 -92.7246 0
    endloop
  endfacet
  facet normal 0 0 -1
    outer loop
      vertex 137.822 -111.629 0
      vertex 177.469 -113.275 0
      vertex 177.615 -113.629 0
    endloop
  endfacet
  facet normal 0 0 -1
    outer loop
      vertex 177.469 -113.275 0
      vertex 137.969 -111.275 0
      vertex 160.188 -92.7246 0
    endloop
  endfacet
  facet normal 0 0 -1
    outer loop
      vertex 159.688 -92.2246 0
      vertex 154.638 -92.2246 0
      vertex 159.688 -79.2246 0
    endloop
  endfacet
  facet normal 0 0 -1
    outer loop
      vertex 159.834 -92.5781 0
      vertex 154.638 -92.2246 0
      vertex 159.688 -92.2246 0
    endloop
  endfacet
  facet normal 0 -0 -1
    outer loop
      vertex 154.138 -92.7246 0
      vertex 160.188 -92.7246 0
      vertex 137.969 -111.275 0
    endloop
  endfacet
  facet normal 0 0 -1
    outer loop
      vertex 159.834 -92.5781 0
      vertex 154.491 -92.5781 0
      vertex 154.638 -92.2246 0
    endloop
  endfacet
  facet normal -0 0 -1
    outer loop
      vertex 159.834 -92.5781 0
      vertex 154.138 -92.7246 0
      vertex 154.491 -92.5781 0
    endloop
  endfacet
  facet normal 0 0 -1
    outer loop
      vertex 160.188 -92.7246 0
      vertex 154.138 -92.7246 0
      vertex 159.834 -92.5781 0
    endloop
  endfacet
  facet normal 0 0 -1
    outer loop
      vertex 137.969 -98.2754 0
      vertex 154.138 -92.7246 0
      vertex 137.969 -111.275 0
    endloop
  endfacet
  facet normal -0 0 -1
    outer loop
      vertex 141.138 -92.7246 0
      vertex 137.822 -97.9219 0
      vertex 140.784 -92.5781 0
    endloop
  endfacet
  facet normal 0 0 -1
    outer loop
      vertex 137.822 -97.9219 0
      vertex 141.138 -92.7246 0
      vertex 137.969 -98.2754 0
    endloop
  endfacet
  facet normal -0 0 -1
    outer loop
      vertex 154.138 -92.7246 0
      vertex 137.969 -98.2754 0
      vertex 141.138 -92.7246 0
    endloop
  endfacet
  facet normal 0 0 -1
    outer loop
      vertex 137.469 -111.775 0
      vertex 177.615 -113.629 0
      vertex 177.969 -113.775 0
    endloop
  endfacet
  facet normal 0 0 -1
    outer loop
      vertex 177.469 -113.275 0
      vertex 137.822 -111.629 0
      vertex 137.969 -111.275 0
    endloop
  endfacet
  facet normal 0 0 -1
    outer loop
      vertex -2.65826 -121.3 0
      vertex 177.969 -113.775 0
      vertex 306.658 -121.3 0
    endloop
  endfacet
  facet normal 0 0 -1
    outer loop
      vertex 177.615 -113.629 0
      vertex 137.469 -111.775 0
      vertex 137.822 -111.629 0
    endloop
  endfacet
  facet normal 0 0 -1
    outer loop
      vertex 177.969 -113.775 0
      vertex 83.9688 -113.775 0
      vertex 137.469 -111.775 0
    endloop
  endfacet
  facet normal 0 0 -1
    outer loop
      vertex 116.037 -92.7246 0
      vertex 123.969 -98.2754 0
      vertex 123.969 -111.275 0
    endloop
  endfacet
  facet normal 0 -0 -1
    outer loop
      vertex 116.391 -92.5781 0
      vertex 123.969 -98.2754 0
      vertex 116.037 -92.7246 0
    endloop
  endfacet
  facet normal 0 0 -1
    outer loop
      vertex 124.115 -97.9219 0
      vertex 121.734 -92.5781 0
      vertex 122.088 -92.7246 0
    endloop
  endfacet
  facet normal 0 0 -1
    outer loop
      vertex 121.588 -92.2246 0
      vertex 116.537 -92.2246 0
      vertex 121.588 -79.2246 0
    endloop
  endfacet
  facet normal 0 0 -1
    outer loop
      vertex 123.969 -98.2754 0
      vertex 116.391 -92.5781 0
      vertex 121.734 -92.5781 0
    endloop
  endfacet
  facet normal -0 0 -1
    outer loop
      vertex 121.588 -92.2246 0
      vertex 116.391 -92.5781 0
      vertex 116.537 -92.2246 0
    endloop
  endfacet
  facet normal 0 0 -1
    outer loop
      vertex 121.734 -92.5781 0
      vertex 116.391 -92.5781 0
      vertex 121.588 -92.2246 0
    endloop
  endfacet
  facet normal 0 0 -1
    outer loop
      vertex 84.4688 -113.275 0
      vertex 123.969 -111.275 0
      vertex 124.115 -111.629 0
    endloop
  endfacet
  facet normal 0 0 -1
    outer loop
      vertex 123.969 -111.275 0
      vertex 103.037 -92.7246 0
      vertex 116.037 -92.7246 0
    endloop
  endfacet
  facet normal -0 0 -1
    outer loop
      vertex 123.969 -111.275 0
      vertex 84.4688 -113.275 0
      vertex 103.037 -92.7246 0
    endloop
  endfacet
  facet normal 0 0 -1
    outer loop
      vertex 102.537 -92.2246 0
      vertex 97.4873 -92.2246 0
      vertex 102.537 -79.2246 0
    endloop
  endfacet
  facet normal 0 0 -1
    outer loop
      vertex 102.684 -92.5781 0
      vertex 97.4873 -92.2246 0
      vertex 102.537 -92.2246 0
    endloop
  endfacet
  facet normal 0 -0 -1
    outer loop
      vertex 96.9873 -92.7246 0
      vertex 103.037 -92.7246 0
      vertex 84.4688 -113.275 0
    endloop
  endfacet
  facet normal 0 0 -1
    outer loop
      vertex 102.684 -92.5781 0
      vertex 97.3408 -92.5781 0
      vertex 97.4873 -92.2246 0
    endloop
  endfacet
  facet normal -0 0 -1
    outer loop
      vertex 102.684 -92.5781 0
      vertex 96.9873 -92.7246 0
      vertex 97.3408 -92.5781 0
    endloop
  endfacet
  facet normal 0 0 -1
    outer loop
      vertex 103.037 -92.7246 0
      vertex 96.9873 -92.7246 0
      vertex 102.684 -92.5781 0
    endloop
  endfacet
  facet normal 0 0 -1
    outer loop
      vertex 84.3223 -113.629 0
      vertex 124.115 -111.629 0
      vertex 124.469 -111.775 0
    endloop
  endfacet
  facet normal -0 0 -1
    outer loop
      vertex 137.469 -111.775 0
      vertex 83.9688 -113.775 0
      vertex 124.469 -111.775 0
    endloop
  endfacet
  facet normal 0 0 -1
    outer loop
      vertex 124.115 -111.629 0
      vertex 84.3223 -113.629 0
      vertex 84.4688 -113.275 0
    endloop
  endfacet
  facet normal 0 0 -1
    outer loop
      vertex 124.469 -111.775 0
      vertex 83.9688 -113.775 0
      vertex 84.3223 -113.629 0
    endloop
  endfacet
  facet normal -0 0 -1
    outer loop
      vertex 177.969 -113.775 0
      vertex -2.65826 -121.3 0
      vertex 83.9688 -113.775 0
    endloop
  endfacet
  facet normal 0 0 -1
    outer loop
      vertex 77.4688 -113.275 0
      vertex 66.5312 -111.275 0
      vertex 77.4688 -99.2754 0
    endloop
  endfacet
  facet normal 0 0 -1
    outer loop
      vertex 66.3848 -111.629 0
      vertex 77.4688 -113.275 0
      vertex 77.6152 -113.629 0
    endloop
  endfacet
  facet normal 0 0 -1
    outer loop
      vertex 66.0312 -111.775 0
      vertex 77.6152 -113.629 0
      vertex 77.9688 -113.775 0
    endloop
  endfacet
  facet normal 0 0 -1
    outer loop
      vertex 77.4688 -113.275 0
      vertex 66.3848 -111.629 0
      vertex 66.5312 -111.275 0
    endloop
  endfacet
  facet normal 0 0 -1
    outer loop
      vertex 77.6152 -113.629 0
      vertex 66.0312 -111.775 0
      vertex 66.3848 -111.629 0
    endloop
  endfacet
  facet normal 0 0 -1
    outer loop
      vertex 77.9688 -113.775 0
      vertex 53.0312 -111.775 0
      vertex 66.0312 -111.775 0
    endloop
  endfacet
  facet normal 0 0 -1
    outer loop
      vertex 42.7188 -111.275 0
      vertex 52.5312 -98.2754 0
      vertex 52.5312 -111.275 0
    endloop
  endfacet
  facet normal 0 0 -1
    outer loop
      vertex 42.7188 -98.2754 0
      vertex 52.5312 -98.2754 0
      vertex 42.7188 -111.275 0
    endloop
  endfacet
  facet normal 0 0 -1
    outer loop
      vertex 52.5312 -98.2754 0
      vertex 42.7188 -98.2754 0
      vertex 45.8877 -92.7246 0
    endloop
  endfacet
  facet normal -0 0 -1
    outer loop
      vertex 45.8877 -92.7246 0
      vertex 42.5723 -97.9219 0
      vertex 45.5342 -92.5781 0
    endloop
  endfacet
  facet normal 0 0 -1
    outer loop
      vertex 42.5723 -97.9219 0
      vertex 45.8877 -92.7246 0
      vertex 42.7188 -98.2754 0
    endloop
  endfacet
  facet normal 0 0 -1
    outer loop
      vertex 52.6777 -111.629 0
      vertex 42.7188 -111.275 0
      vertex 52.5312 -111.275 0
    endloop
  endfacet
  facet normal 0 0 -1
    outer loop
      vertex 42.5723 -111.629 0
      vertex 52.6777 -111.629 0
      vertex 53.0312 -111.775 0
    endloop
  endfacet
  facet normal 0 0 -1
    outer loop
      vertex -2.65826 -121.3 0
      vertex 53.0312 -111.775 0
      vertex 77.9688 -113.775 0
    endloop
  endfacet
  facet normal 0 0 -1
    outer loop
      vertex 52.6777 -111.629 0
      vertex 42.5723 -111.629 0
      vertex 42.7188 -111.275 0
    endloop
  endfacet
  facet normal 0 0 -1
    outer loop
      vertex 53.0312 -111.775 0
      vertex 42.2188 -111.775 0
      vertex 42.5723 -111.629 0
    endloop
  endfacet
  facet normal -0 0 -1
    outer loop
      vertex 53.0312 -111.775 0
      vertex -2.65826 -121.3 0
      vertex 42.2188 -111.775 0
    endloop
  endfacet
  facet normal 0 0 -1
    outer loop
      vertex 18.9062 -111.275 0
      vertex 28.7188 -98.2754 0
      vertex 28.7188 -111.275 0
    endloop
  endfacet
  facet normal 0 0 -1
    outer loop
      vertex 29.8691 -94.2246 0
      vertex 28.2852 -92.5781 0
      vertex 28.4316 -92.2246 0
    endloop
  endfacet
  facet normal 0 0 -1
    outer loop
      vertex 29.8691 -94.2246 0
      vertex 27.9316 -92.7246 0
      vertex 28.2852 -92.5781 0
    endloop
  endfacet
  facet normal 0 0 -1
    outer loop
      vertex 18.9062 -98.2754 0
      vertex 28.7188 -98.2754 0
      vertex 18.9062 -111.275 0
    endloop
  endfacet
  facet normal 0 0 -1
    outer loop
      vertex 28.8652 -111.629 0
      vertex 18.9062 -111.275 0
      vertex 28.7188 -111.275 0
    endloop
  endfacet
  facet normal 0 0 -1
    outer loop
      vertex 18.7598 -111.629 0
      vertex 28.8652 -111.629 0
      vertex 29.2188 -111.775 0
    endloop
  endfacet
  facet normal 0 0 -1
    outer loop
      vertex 28.8652 -111.629 0
      vertex 18.7598 -111.629 0
      vertex 18.9062 -111.275 0
    endloop
  endfacet
  facet normal -0 0 -1
    outer loop
      vertex 42.2188 -111.775 0
      vertex -2.65826 -121.3 0
      vertex 29.2188 -111.775 0
    endloop
  endfacet
  facet normal 0 0 -1
    outer loop
      vertex 29.2188 -111.775 0
      vertex 18.4062 -111.775 0
      vertex 18.7598 -111.629 0
    endloop
  endfacet
  facet normal -0 0 -1
    outer loop
      vertex 29.2188 -111.775 0
      vertex -2.65826 -121.3 0
      vertex 18.4062 -111.775 0
    endloop
  endfacet
  facet normal -0 0 -1
    outer loop
      vertex 83.9688 -113.775 0
      vertex -2.65826 -121.3 0
      vertex 77.9688 -113.775 0
    endloop
  endfacet
  facet normal -0 0 -1
    outer loop
      vertex 5.05273 -111.629 0
      vertex -1.09881 -115.919 0
      vertex 4.90625 -111.275 0
    endloop
  endfacet
  facet normal 0 0 -1
    outer loop
      vertex 7.28711 -41.125 0
      vertex 2.67188 -35.4287 0
      vertex 3.02539 -35.5752 0
    endloop
  endfacet
  facet normal 0 0 -1
    outer loop
      vertex -3.72619 -115.065 0
      vertex 4.90625 -111.275 0
      vertex -2.27381 -115.065 0
    endloop
  endfacet
  facet normal 0 0 -1
    outer loop
      vertex -0.65 3 0
      vertex 2.52539 -22.0752 0
      vertex 2.52539 -35.0752 0
    endloop
  endfacet
  facet normal 0 0 -1
    outer loop
      vertex 2.52539 -22.0752 0
      vertex -0.65 3 0
      vertex 2.52539 -16.0254 0
    endloop
  endfacet
  facet normal -0 0 -1
    outer loop
      vertex 4.90625 -111.275 0
      vertex -3.72619 -115.065 0
      vertex 4.90625 -98.2754 0
    endloop
  endfacet
  facet normal 0 0 -1
    outer loop
      vertex 7.28711 -54.125 0
      vertex 2.52539 -35.0752 0
      vertex 2.67188 -35.4287 0
    endloop
  endfacet
  facet normal 0 0 -1
    outer loop
      vertex -1.09881 -115.919 0
      vertex 5.05273 -111.629 0
      vertex -0.65 -117.3 0
    endloop
  endfacet
  facet normal -0 0 -1
    outer loop
      vertex 5.40625 -111.775 0
      vertex -0.65 -117.3 0
      vertex 5.05273 -111.629 0
    endloop
  endfacet
  facet normal 0 -0 -1
    outer loop
      vertex -1.09881 -118.681 0
      vertex 18.4062 -111.775 0
      vertex -2.65826 -121.3 0
    endloop
  endfacet
  facet normal 0 0 -1
    outer loop
      vertex 5.40625 -111.775 0
      vertex -1.09881 -118.681 0
      vertex -0.65 -117.3 0
    endloop
  endfacet
  facet normal -0 0 -1
    outer loop
      vertex 18.4062 -111.775 0
      vertex -1.09881 -118.681 0
      vertex 5.40625 -111.775 0
    endloop
  endfacet
  facet normal 0 0 -1
    outer loop
      vertex -1.09881 -118.681 0
      vertex -2.65826 -121.3 0
      vertex -2.27381 -119.535 0
    endloop
  endfacet
  facet normal 0 0 -1
    outer loop
      vertex -2.65826 -121.3 0
      vertex -3.72619 -119.535 0
      vertex -2.27381 -119.535 0
    endloop
  endfacet
  facet normal 0 0 -1
    outer loop
      vertex -3.92993 -120.959 0
      vertex -3.72619 -119.535 0
      vertex -2.65826 -121.3 0
    endloop
  endfacet
  facet normal 0 0 -1
    outer loop
      vertex -5.07007 -120.301 0
      vertex -3.72619 -119.535 0
      vertex -3.92993 -120.959 0
    endloop
  endfacet
  facet normal -0 0 -1
    outer loop
      vertex -3.72619 -119.535 0
      vertex -5.07007 -120.301 0
      vertex -4.90119 -118.681 0
    endloop
  endfacet
  facet normal 0 0 -1
    outer loop
      vertex -6.001 -119.37 0
      vertex -4.90119 -118.681 0
      vertex -5.07007 -120.301 0
    endloop
  endfacet
  facet normal 0 0 -1
    outer loop
      vertex -4.90119 -118.681 0
      vertex -6.65926 -118.23 0
      vertex -5.35 -117.3 0
    endloop
  endfacet
  facet normal 0 0 -1
    outer loop
      vertex -6.65926 -118.23 0
      vertex -4.90119 -118.681 0
      vertex -6.001 -119.37 0
    endloop
  endfacet
  facet normal 0 0 -1
    outer loop
      vertex 309.35 -117.3 0
      vertex 311 -116.958 0
      vertex 310.659 -118.23 0
    endloop
  endfacet
  facet normal 0 0 -1
    outer loop
      vertex 309.35 -117.3 0
      vertex 310.659 -118.23 0
      vertex 310.001 -119.37 0
    endloop
  endfacet
  facet normal -0 0 -1
    outer loop
      vertex 311 -116.958 0
      vertex 309.35 -117.3 0
      vertex 308.901 -115.919 0
    endloop
  endfacet
  facet normal 0 0 -1
    outer loop
      vertex 307.726 -115.065 0
      vertex 311 -116.958 0
      vertex 308.901 -115.919 0
    endloop
  endfacet
  facet normal 0 0 -1
    outer loop
      vertex 311 -116.958 0
      vertex 307.726 -115.065 0
      vertex 302.275 -98.2754 0
    endloop
  endfacet
  facet normal 0 0 -1
    outer loop
      vertex 302.275 -111.275 0
      vertex 307.726 -115.065 0
      vertex 306.274 -115.065 0
    endloop
  endfacet
  facet normal 0 0 -1
    outer loop
      vertex 302.275 -111.275 0
      vertex 306.274 -115.065 0
      vertex 305.099 -115.919 0
    endloop
  endfacet
  facet normal 0 0 -1
    outer loop
      vertex 302.275 -111.275 0
      vertex 305.099 -115.919 0
      vertex 304.65 -117.3 0
    endloop
  endfacet
  facet normal 0 0 -1
    outer loop
      vertex 307.726 -115.065 0
      vertex 302.275 -111.275 0
      vertex 302.275 -98.2754 0
    endloop
  endfacet
  facet normal 0 0 -1
    outer loop
      vertex 311 -116.958 0
      vertex 302.275 -98.2754 0
      vertex 302.275 -92.2246 0
    endloop
  endfacet
  facet normal 0 0 -1
    outer loop
      vertex 311 -116.958 0
      vertex 302.275 -92.2246 0
      vertex 302.275 -79.2246 0
    endloop
  endfacet
  facet normal 0 0 -1
    outer loop
      vertex 311 -116.958 0
      vertex 302.275 -79.2246 0
      vertex 302.275 -73.1748 0
    endloop
  endfacet
  facet normal 0 0 -1
    outer loop
      vertex 311 -116.958 0
      vertex 302.275 -73.1748 0
      vertex 311 -15.86 0
    endloop
  endfacet
  facet normal 0 0 -1
    outer loop
      vertex 302.275 -60.1748 0
      vertex 311 -15.86 0
      vertex 302.275 -73.1748 0
    endloop
  endfacet
  facet normal 0 0 -1
    outer loop
      vertex 302.275 -54.125 0
      vertex 311 -15.86 0
      vertex 302.275 -60.1748 0
    endloop
  endfacet
  facet normal 0 0 -1
    outer loop
      vertex 302.275 -41.125 0
      vertex 311 -15.86 0
      vertex 302.275 -54.125 0
    endloop
  endfacet
  facet normal 0 0 -1
    outer loop
      vertex 302.275 -35.0752 0
      vertex 311 -15.86 0
      vertex 302.275 -41.125 0
    endloop
  endfacet
  facet normal 0 0 -1
    outer loop
      vertex 302.275 -22.0752 0
      vertex 311 -15.86 0
      vertex 302.275 -35.0752 0
    endloop
  endfacet
  facet normal 0 0 -1
    outer loop
      vertex 302.129 -21.7217 0
      vertex 311 -15.86 0
      vertex 302.275 -22.0752 0
    endloop
  endfacet
  facet normal -0 0 -1
    outer loop
      vertex 311 -15.86 0
      vertex 302.275 -16.0254 0
      vertex 302.275 -15.86 0
    endloop
  endfacet
  facet normal 0 0 -1
    outer loop
      vertex 281.991 -22.7217 0
      vertex 283.078 -16.3789 0
      vertex 282.138 -23.0752 0
    endloop
  endfacet
  facet normal 0 0 -1
    outer loop
      vertex 283.078 -16.3789 0
      vertex 281.991 -22.7217 0
      vertex 282.725 -16.5254 0
    endloop
  endfacet
  facet normal 0 0 -1
    outer loop
      vertex 281.638 -22.5752 0
      vertex 282.725 -16.5254 0
      vertex 281.991 -22.7217 0
    endloop
  endfacet
  facet normal 0 0 -1
    outer loop
      vertex 275.638 -22.5752 0
      vertex 282.725 -16.5254 0
      vertex 281.638 -22.5752 0
    endloop
  endfacet
  facet normal 0 0 -1
    outer loop
      vertex 273.554 -21.7217 0
      vertex 275.638 -22.5752 0
      vertex 275.284 -22.7217 0
    endloop
  endfacet
  facet normal 0 0 -1
    outer loop
      vertex 273.7 -22.0752 0
      vertex 275.138 -23.0752 0
      vertex 273.7 -35.0752 0
    endloop
  endfacet
  facet normal 0 0 -1
    outer loop
      vertex 273.7 -22.0752 0
      vertex 275.284 -22.7217 0
      vertex 275.138 -23.0752 0
    endloop
  endfacet
  facet normal 0 0 -1
    outer loop
      vertex 273.554 -21.7217 0
      vertex 275.284 -22.7217 0
      vertex 273.7 -22.0752 0
    endloop
  endfacet
  facet normal 0 0 -1
    outer loop
      vertex 275.638 -22.5752 0
      vertex 273.554 -21.7217 0
      vertex 282.725 -16.5254 0
    endloop
  endfacet
  facet normal 0 0 -1
    outer loop
      vertex 269.725 -16.5254 0
      vertex 273.554 -21.7217 0
      vertex 273.2 -21.5752 0
    endloop
  endfacet
  facet normal 0 0 -1
    outer loop
      vertex 273.554 -21.7217 0
      vertex 269.725 -16.5254 0
      vertex 282.725 -16.5254 0
    endloop
  endfacet
  facet normal 0 0 -1
    outer loop
      vertex 273.2 -21.5752 0
      vertex 269.371 -16.3789 0
      vertex 269.725 -16.5254 0
    endloop
  endfacet
  facet normal 0 0 -1
    outer loop
      vertex 269.225 -16.0254 0
      vertex 264.175 -16.0254 0
      vertex 269.225 -3.02539 0
    endloop
  endfacet
  facet normal 0 0 -1
    outer loop
      vertex 269.371 -16.3789 0
      vertex 264.175 -16.0254 0
      vertex 269.225 -16.0254 0
    endloop
  endfacet
  facet normal 0 0 -1
    outer loop
      vertex 264.028 -16.3789 0
      vertex 269.371 -16.3789 0
      vertex 273.2 -21.5752 0
    endloop
  endfacet
  facet normal 0 0 -1
    outer loop
      vertex 269.371 -16.3789 0
      vertex 264.028 -16.3789 0
      vertex 264.175 -16.0254 0
    endloop
  endfacet
  facet normal 0 0 -1
    outer loop
      vertex 260.2 -21.5752 0
      vertex 264.028 -16.3789 0
      vertex 273.2 -21.5752 0
    endloop
  endfacet
  facet normal 0 0 -1
    outer loop
      vertex 264.028 -16.3789 0
      vertex 260.2 -21.5752 0
      vertex 263.675 -16.5254 0
    endloop
  endfacet
  facet normal 0 0 -1
    outer loop
      vertex 259.847 -21.7217 0
      vertex 263.675 -16.5254 0
      vertex 260.2 -21.5752 0
    endloop
  endfacet
  facet normal 0 0 -1
    outer loop
      vertex 259.7 -35.0752 0
      vertex 258.262 -23.0752 0
      vertex 259.7 -22.0752 0
    endloop
  endfacet
  facet normal 0 0 -1
    outer loop
      vertex 258.115 -22.7217 0
      vertex 259.7 -22.0752 0
      vertex 258.262 -23.0752 0
    endloop
  endfacet
  facet normal -0 0 -1
    outer loop
      vertex 259.7 -22.0752 0
      vertex 258.115 -22.7217 0
      vertex 259.847 -21.7217 0
    endloop
  endfacet
  facet normal 0 0 -1
    outer loop
      vertex 257.762 -22.5752 0
      vertex 259.847 -21.7217 0
      vertex 258.115 -22.7217 0
    endloop
  endfacet
  facet normal 0 0 -1
    outer loop
      vertex 250.675 -16.5254 0
      vertex 259.847 -21.7217 0
      vertex 257.762 -22.5752 0
    endloop
  endfacet
  facet normal 0 0 -1
    outer loop
      vertex 250.675 -16.5254 0
      vertex 257.762 -22.5752 0
      vertex 251.762 -22.5752 0
    endloop
  endfacet
  facet normal 0 0 -1
    outer loop
      vertex 250.675 -16.5254 0
      vertex 251.762 -22.5752 0
      vertex 251.408 -22.7217 0
    endloop
  endfacet
  facet normal 0 0 -1
    outer loop
      vertex 259.847 -21.7217 0
      vertex 250.675 -16.5254 0
      vertex 263.675 -16.5254 0
    endloop
  endfacet
  facet normal 0 0 -1
    outer loop
      vertex 250.675 -16.5254 0
      vertex 251.408 -22.7217 0
      vertex 251.262 -23.0752 0
    endloop
  endfacet
  facet normal 0 0 -1
    outer loop
      vertex 278.463 -41.125 0
      vertex 288.275 -41.125 0
      vertex 278.463 -54.125 0
    endloop
  endfacet
  facet normal 0 0 -1
    outer loop
      vertex 288.275 -54.125 0
      vertex 278.463 -54.125 0
      vertex 288.275 -41.125 0
    endloop
  endfacet
  facet normal 0 0 -1
    outer loop
      vertex 278.316 -54.4785 0
      vertex 279.61 -60.8213 0
      vertex 279.257 -60.6748 0
    endloop
  endfacet
  facet normal 0 -0 -1
    outer loop
      vertex 281.638 -37.5752 0
      vertex 288.275 -41.125 0
      vertex 278.463 -41.125 0
    endloop
  endfacet
  facet normal 0 0 -1
    outer loop
      vertex 288.275 -41.125 0
      vertex 281.638 -37.5752 0
      vertex 281.991 -37.4287 0
    endloop
  endfacet
  facet normal 0 0 -1
    outer loop
      vertex 278.316 -40.7715 0
      vertex 281.638 -37.5752 0
      vertex 278.463 -41.125 0
    endloop
  endfacet
  facet normal 0 0 -1
    outer loop
      vertex 277.963 -40.625 0
      vertex 281.638 -37.5752 0
      vertex 278.316 -40.7715 0
    endloop
  endfacet
  facet normal 0 0 -1
    outer loop
      vertex 277.963 -40.625 0
      vertex 275.638 -37.5752 0
      vertex 281.638 -37.5752 0
    endloop
  endfacet
  facet normal 0 0 -1
    outer loop
      vertex 277.963 -40.625 0
      vertex 275.284 -37.4287 0
      vertex 275.638 -37.5752 0
    endloop
  endfacet
  facet normal 0 0 -1
    outer loop
      vertex 275.138 -37.0752 0
      vertex 273.7 -35.0752 0
      vertex 275.138 -23.0752 0
    endloop
  endfacet
  facet normal 0 0 -1
    outer loop
      vertex 273.2 -35.5752 0
      vertex 275.138 -37.0752 0
      vertex 275.284 -37.4287 0
    endloop
  endfacet
  facet normal 0 0 -1
    outer loop
      vertex 275.138 -37.0752 0
      vertex 273.554 -35.4287 0
      vertex 273.7 -35.0752 0
    endloop
  endfacet
  facet normal 0 0 -1
    outer loop
      vertex 264.963 -40.625 0
      vertex 275.284 -37.4287 0
      vertex 277.963 -40.625 0
    endloop
  endfacet
  facet normal 0 0 -1
    outer loop
      vertex 275.138 -37.0752 0
      vertex 273.2 -35.5752 0
      vertex 273.554 -35.4287 0
    endloop
  endfacet
  facet normal -0 0 -1
    outer loop
      vertex 275.284 -37.4287 0
      vertex 264.963 -40.625 0
      vertex 273.2 -35.5752 0
    endloop
  endfacet
  facet normal 0 0 -1
    outer loop
      vertex 260.2 -35.5752 0
      vertex 264.963 -40.625 0
      vertex 264.609 -40.7715 0
    endloop
  endfacet
  facet normal 0 0 -1
    outer loop
      vertex 264.963 -40.625 0
      vertex 260.2 -35.5752 0
      vertex 273.2 -35.5752 0
    endloop
  endfacet
  facet normal 0 0 -1
    outer loop
      vertex 260.2 -35.5752 0
      vertex 264.609 -40.7715 0
      vertex 264.463 -41.125 0
    endloop
  endfacet
  facet normal 0 0 -1
    outer loop
      vertex 231.625 -97.7754 0
      vertex 230.338 -92.7246 0
      vertex 230.691 -92.5781 0
    endloop
  endfacet
  facet normal 0 0 -1
    outer loop
      vertex 231.271 -97.9219 0
      vertex 225.929 -97.9219 0
      vertex 230.338 -92.7246 0
    endloop
  endfacet
  facet normal 0 0 -1
    outer loop
      vertex 225.575 -97.7754 0
      vertex 230.338 -92.7246 0
      vertex 225.929 -97.9219 0
    endloop
  endfacet
  facet normal 0 0 -1
    outer loop
      vertex 225.575 -97.7754 0
      vertex 217.338 -92.7246 0
      vertex 230.338 -92.7246 0
    endloop
  endfacet
  facet normal 0 0 -1
    outer loop
      vertex 212.575 -97.7754 0
      vertex 217.338 -92.7246 0
      vertex 225.575 -97.7754 0
    endloop
  endfacet
  facet normal 0 0 -1
    outer loop
      vertex 211.641 -92.5781 0
      vertex 212.575 -97.7754 0
      vertex 212.222 -97.9219 0
    endloop
  endfacet
  facet normal 0 0 -1
    outer loop
      vertex 211.641 -92.5781 0
      vertex 216.984 -92.5781 0
      vertex 212.575 -97.7754 0
    endloop
  endfacet
  facet normal -0 0 -1
    outer loop
      vertex 217.338 -92.7246 0
      vertex 212.575 -97.7754 0
      vertex 216.984 -92.5781 0
    endloop
  endfacet
  facet normal 0 0 -1
    outer loop
      vertex 308.901 1.6187 0
      vertex 311 2.65826 0
      vertex 311 -3.96 0
    endloop
  endfacet
  facet normal 0 -0 -1
    outer loop
      vertex 309.35 3 0
      vertex 311 2.65826 0
      vertex 308.901 1.6187 0
    endloop
  endfacet
  facet normal 0 0 -1
    outer loop
      vertex 308.901 4.3813 0
      vertex 310.659 3.92993 0
      vertex 309.35 3 0
    endloop
  endfacet
  facet normal 0 0 -1
    outer loop
      vertex 311 2.65826 0
      vertex 309.35 3 0
      vertex 310.659 3.92993 0
    endloop
  endfacet
  facet normal 0 0 -1
    outer loop
      vertex 311 -3.96 0
      vertex 307.726 0.765017 0
      vertex 308.901 1.6187 0
    endloop
  endfacet
  facet normal 0 0 -1
    outer loop
      vertex 311 -3.96 0
      vertex 306.274 0.765017 0
      vertex 307.726 0.765017 0
    endloop
  endfacet
  facet normal 0 0 -1
    outer loop
      vertex 302.275 -3.96 0
      vertex 306.274 0.765017 0
      vertex 311 -3.96 0
    endloop
  endfacet
  facet normal 0 0 -1
    outer loop
      vertex 302.129 -2.67188 0
      vertex 306.274 0.765017 0
      vertex 302.275 -3.02539 0
    endloop
  endfacet
  facet normal 0 0 -1
    outer loop
      vertex 306.274 0.765017 0
      vertex 302.275 -3.96 0
      vertex 302.275 -3.02539 0
    endloop
  endfacet
  facet normal 0 0 -1
    outer loop
      vertex 310.659 3.92993 0
      vertex 308.901 4.3813 0
      vertex 310.001 5.07007 0
    endloop
  endfacet
  facet normal -0 0 -1
    outer loop
      vertex 310.001 5.07007 0
      vertex 308.901 4.3813 0
      vertex 309.07 6.001 0
    endloop
  endfacet
  facet normal 0 0 -1
    outer loop
      vertex 307.726 5.23498 0
      vertex 309.07 6.001 0
      vertex 308.901 4.3813 0
    endloop
  endfacet
  facet normal -0 0 -1
    outer loop
      vertex 309.07 6.001 0
      vertex 307.726 5.23498 0
      vertex 307.93 6.65926 0
    endloop
  endfacet
  facet normal 0 0 -1
    outer loop
      vertex 307.726 5.23498 0
      vertex 306.658 7 0
      vertex 307.93 6.65926 0
    endloop
  endfacet
  facet normal 0 0 -1
    outer loop
      vertex 306.274 5.23498 0
      vertex 306.658 7 0
      vertex 307.726 5.23498 0
    endloop
  endfacet
  facet normal 0 0 -1
    outer loop
      vertex 305.099 4.3813 0
      vertex 306.658 7 0
      vertex 306.274 5.23498 0
    endloop
  endfacet
  facet normal -0 0 -1
    outer loop
      vertex 306.274 0.765017 0
      vertex 302.129 -2.67188 0
      vertex 305.099 1.6187 0
    endloop
  endfacet
  facet normal 0 0 -1
    outer loop
      vertex 301.775 -2.52539 0
      vertex 305.099 1.6187 0
      vertex 302.129 -2.67188 0
    endloop
  endfacet
  facet normal -0 0 -1
    outer loop
      vertex 305.099 1.6187 0
      vertex 301.775 -2.52539 0
      vertex 304.65 3 0
    endloop
  endfacet
  facet normal 0 0 -1
    outer loop
      vertex 288.775 -2.52539 0
      vertex 304.65 3 0
      vertex 301.775 -2.52539 0
    endloop
  endfacet
  facet normal -0 0 -1
    outer loop
      vertex 304.65 3 0
      vertex 288.775 -2.52539 0
      vertex 305.099 4.3813 0
    endloop
  endfacet
  facet normal 0 0 -1
    outer loop
      vertex 288.775 -2.52539 0
      vertex 306.658 7 0
      vertex 305.099 4.3813 0
    endloop
  endfacet
  facet normal 0 0 -1
    outer loop
      vertex 282.725 -2.52539 0
      vertex 288.775 -2.52539 0
      vertex 288.422 -2.67188 0
    endloop
  endfacet
  facet normal 0 0 -1
    outer loop
      vertex 288.422 -92.5781 0
      vertex 283.225 -92.2246 0
      vertex 288.275 -92.2246 0
    endloop
  endfacet
  facet normal 0 0 -1
    outer loop
      vertex 288.422 -78.8711 0
      vertex 283.078 -78.8711 0
      vertex 288.422 -73.5283 0
    endloop
  endfacet
  facet normal 0 0 -1
    outer loop
      vertex 288.422 -16.3789 0
      vertex 283.225 -16.0254 0
      vertex 288.275 -16.0254 0
    endloop
  endfacet
  facet normal 0 0 -1
    outer loop
      vertex 288.275 -16.0254 0
      vertex 283.225 -16.0254 0
      vertex 288.275 -3.02539 0
    endloop
  endfacet
  facet normal 0 0 -1
    outer loop
      vertex 283.225 -3.02539 0
      vertex 288.275 -3.02539 0
      vertex 283.225 -16.0254 0
    endloop
  endfacet
  facet normal 0 0 -1
    outer loop
      vertex 283.225 -3.02539 0
      vertex 288.422 -2.67188 0
      vertex 288.275 -3.02539 0
    endloop
  endfacet
  facet normal 0 0 -1
    outer loop
      vertex 283.078 -2.67188 0
      vertex 288.422 -2.67188 0
      vertex 283.225 -3.02539 0
    endloop
  endfacet
  facet normal 0 0 -1
    outer loop
      vertex 282.725 -2.52539 0
      vertex 288.422 -2.67188 0
      vertex 283.078 -2.67188 0
    endloop
  endfacet
  facet normal 0 0 -1
    outer loop
      vertex 288.775 -2.52539 0
      vertex 282.725 -2.52539 0
      vertex 306.658 7 0
    endloop
  endfacet
  facet normal 0 0 -1
    outer loop
      vertex 269.725 -2.52539 0
      vertex 306.658 7 0
      vertex 282.725 -2.52539 0
    endloop
  endfacet
  facet normal 0 0 -1
    outer loop
      vertex 264.175 -3.02539 0
      vertex 269.225 -3.02539 0
      vertex 264.175 -16.0254 0
    endloop
  endfacet
  facet normal 0 0 -1
    outer loop
      vertex 264.175 -3.02539 0
      vertex 269.371 -2.67188 0
      vertex 269.225 -3.02539 0
    endloop
  endfacet
  facet normal 0 0 -1
    outer loop
      vertex 264.028 -2.67188 0
      vertex 269.371 -2.67188 0
      vertex 264.175 -3.02539 0
    endloop
  endfacet
  facet normal 0 0 -1
    outer loop
      vertex 269.371 -2.67188 0
      vertex 264.028 -2.67188 0
      vertex 269.725 -2.52539 0
    endloop
  endfacet
  facet normal 0 0 -1
    outer loop
      vertex 263.675 -2.52539 0
      vertex 269.725 -2.52539 0
      vertex 264.028 -2.67188 0
    endloop
  endfacet
  facet normal 0 0 -1
    outer loop
      vertex 269.725 -2.52539 0
      vertex 263.675 -2.52539 0
      vertex 306.658 7 0
    endloop
  endfacet
  facet normal 0 0 -1
    outer loop
      vertex 250.675 -2.52539 0
      vertex 306.658 7 0
      vertex 263.675 -2.52539 0
    endloop
  endfacet
  facet normal 0 0 -1
    outer loop
      vertex 250.321 -16.3789 0
      vertex 245.125 -16.0254 0
      vertex 250.175 -16.0254 0
    endloop
  endfacet
  facet normal 0 0 -1
    outer loop
      vertex 250.175 -16.0254 0
      vertex 245.125 -16.0254 0
      vertex 250.175 -3.02539 0
    endloop
  endfacet
  facet normal 0 0 -1
    outer loop
      vertex 245.125 -3.02539 0
      vertex 250.175 -3.02539 0
      vertex 245.125 -16.0254 0
    endloop
  endfacet
  facet normal 0 0 -1
    outer loop
      vertex 245.125 -3.02539 0
      vertex 250.321 -2.67188 0
      vertex 250.175 -3.02539 0
    endloop
  endfacet
  facet normal 0 0 -1
    outer loop
      vertex 244.979 -2.67188 0
      vertex 250.321 -2.67188 0
      vertex 245.125 -3.02539 0
    endloop
  endfacet
  facet normal 0 0 -1
    outer loop
      vertex 250.321 -2.67188 0
      vertex 244.979 -2.67188 0
      vertex 250.675 -2.52539 0
    endloop
  endfacet
  facet normal 0 0 -1
    outer loop
      vertex 244.625 -2.52539 0
      vertex 250.675 -2.52539 0
      vertex 244.979 -2.67188 0
    endloop
  endfacet
  facet normal 0 0 -1
    outer loop
      vertex 250.675 -2.52539 0
      vertex 244.625 -2.52539 0
      vertex 306.658 7 0
    endloop
  endfacet
  facet normal 0 0 -1
    outer loop
      vertex 231.625 -2.52539 0
      vertex 306.658 7 0
      vertex 244.625 -2.52539 0
    endloop
  endfacet
  facet normal 0 0 -1
    outer loop
      vertex 231.271 -16.3789 0
      vertex 226.075 -16.0254 0
      vertex 231.125 -16.0254 0
    endloop
  endfacet
  facet normal 0 0 -1
    outer loop
      vertex 231.125 -16.0254 0
      vertex 226.075 -16.0254 0
      vertex 231.125 -3.02539 0
    endloop
  endfacet
  facet normal 0 0 -1
    outer loop
      vertex 226.075 -3.02539 0
      vertex 231.125 -3.02539 0
      vertex 226.075 -16.0254 0
    endloop
  endfacet
  facet normal 0 0 -1
    outer loop
      vertex 226.075 -3.02539 0
      vertex 231.271 -2.67188 0
      vertex 231.125 -3.02539 0
    endloop
  endfacet
  facet normal 0 0 -1
    outer loop
      vertex 225.929 -2.67188 0
      vertex 231.271 -2.67188 0
      vertex 226.075 -3.02539 0
    endloop
  endfacet
  facet normal 0 0 -1
    outer loop
      vertex 231.271 -2.67188 0
      vertex 225.929 -2.67188 0
      vertex 231.625 -2.52539 0
    endloop
  endfacet
  facet normal 0 0 -1
    outer loop
      vertex 225.575 -2.52539 0
      vertex 231.625 -2.52539 0
      vertex 225.929 -2.67188 0
    endloop
  endfacet
  facet normal 0 0 -1
    outer loop
      vertex 231.625 -2.52539 0
      vertex 225.575 -2.52539 0
      vertex 306.658 7 0
    endloop
  endfacet
  facet normal 0 0 -1
    outer loop
      vertex 212.575 -2.52539 0
      vertex 306.658 7 0
      vertex 225.575 -2.52539 0
    endloop
  endfacet
  facet normal 0 0 -1
    outer loop
      vertex 212.222 -16.3789 0
      vertex 207.025 -16.0254 0
      vertex 212.075 -16.0254 0
    endloop
  endfacet
  facet normal 0 0 -1
    outer loop
      vertex 212.075 -16.0254 0
      vertex 207.025 -16.0254 0
      vertex 212.075 -3.02539 0
    endloop
  endfacet
  facet normal 0 0 -1
    outer loop
      vertex 207.025 -3.02539 0
      vertex 212.075 -3.02539 0
      vertex 207.025 -16.0254 0
    endloop
  endfacet
  facet normal 0 0 -1
    outer loop
      vertex 207.025 -3.02539 0
      vertex 212.222 -2.67188 0
      vertex 212.075 -3.02539 0
    endloop
  endfacet
  facet normal 0 0 -1
    outer loop
      vertex 206.879 -2.67188 0
      vertex 212.222 -2.67188 0
      vertex 207.025 -3.02539 0
    endloop
  endfacet
  facet normal 0 0 -1
    outer loop
      vertex 212.222 -2.67188 0
      vertex 206.879 -2.67188 0
      vertex 212.575 -2.52539 0
    endloop
  endfacet
  facet normal 0 0 -1
    outer loop
      vertex 206.525 -2.52539 0
      vertex 212.575 -2.52539 0
      vertex 206.879 -2.67188 0
    endloop
  endfacet
  facet normal 0 0 -1
    outer loop
      vertex 212.575 -2.52539 0
      vertex 206.525 -2.52539 0
      vertex 306.658 7 0
    endloop
  endfacet
  facet normal 0 0 -1
    outer loop
      vertex 193.525 -2.52539 0
      vertex 306.658 7 0
      vertex 206.525 -2.52539 0
    endloop
  endfacet
  facet normal 0 0 -1
    outer loop
      vertex 193.172 -16.3789 0
      vertex 187.975 -16.0254 0
      vertex 193.025 -16.0254 0
    endloop
  endfacet
  facet normal 0 0 -1
    outer loop
      vertex 193.025 -16.0254 0
      vertex 187.975 -16.0254 0
      vertex 193.025 -3.02539 0
    endloop
  endfacet
  facet normal 0 0 -1
    outer loop
      vertex 187.975 -3.02539 0
      vertex 193.025 -3.02539 0
      vertex 187.975 -16.0254 0
    endloop
  endfacet
  facet normal 0 0 -1
    outer loop
      vertex 187.975 -3.02539 0
      vertex 193.172 -2.67188 0
      vertex 193.025 -3.02539 0
    endloop
  endfacet
  facet normal 0 0 -1
    outer loop
      vertex 187.828 -2.67188 0
      vertex 193.172 -2.67188 0
      vertex 187.975 -3.02539 0
    endloop
  endfacet
  facet normal 0 0 -1
    outer loop
      vertex 193.172 -2.67188 0
      vertex 187.828 -2.67188 0
      vertex 193.525 -2.52539 0
    endloop
  endfacet
  facet normal 0 0 -1
    outer loop
      vertex 187.475 -2.52539 0
      vertex 193.525 -2.52539 0
      vertex 187.828 -2.67188 0
    endloop
  endfacet
  facet normal 0 0 -1
    outer loop
      vertex 193.525 -2.52539 0
      vertex 187.475 -2.52539 0
      vertex 306.658 7 0
    endloop
  endfacet
  facet normal 0 0 -1
    outer loop
      vertex 174.475 -2.52539 0
      vertex 306.658 7 0
      vertex 187.475 -2.52539 0
    endloop
  endfacet
  facet normal 0 0 -1
    outer loop
      vertex 174.121 -16.3789 0
      vertex 168.925 -16.0254 0
      vertex 173.975 -16.0254 0
    endloop
  endfacet
  facet normal 0 0 -1
    outer loop
      vertex 173.975 -16.0254 0
      vertex 168.925 -16.0254 0
      vertex 173.975 -3.02539 0
    endloop
  endfacet
  facet normal 0 0 -1
    outer loop
      vertex 168.925 -3.02539 0
      vertex 173.975 -3.02539 0
      vertex 168.925 -16.0254 0
    endloop
  endfacet
  facet normal 0 0 -1
    outer loop
      vertex 168.925 -3.02539 0
      vertex 174.121 -2.67188 0
      vertex 173.975 -3.02539 0
    endloop
  endfacet
  facet normal 0 0 -1
    outer loop
      vertex 168.778 -2.67188 0
      vertex 174.121 -2.67188 0
      vertex 168.925 -3.02539 0
    endloop
  endfacet
  facet normal 0 0 -1
    outer loop
      vertex 174.121 -2.67188 0
      vertex 168.778 -2.67188 0
      vertex 174.475 -2.52539 0
    endloop
  endfacet
  facet normal 0 0 -1
    outer loop
      vertex 168.425 -2.52539 0
      vertex 174.475 -2.52539 0
      vertex 168.778 -2.67188 0
    endloop
  endfacet
  facet normal 0 0 -1
    outer loop
      vertex 174.475 -2.52539 0
      vertex 168.425 -2.52539 0
      vertex 306.658 7 0
    endloop
  endfacet
  facet normal 0 0 -1
    outer loop
      vertex 155.425 -2.52539 0
      vertex 306.658 7 0
      vertex 168.425 -2.52539 0
    endloop
  endfacet
  facet normal 0 0 -1
    outer loop
      vertex 155.071 -16.3789 0
      vertex 149.875 -16.0254 0
      vertex 154.925 -16.0254 0
    endloop
  endfacet
  facet normal 0 0 -1
    outer loop
      vertex 154.925 -16.0254 0
      vertex 149.875 -16.0254 0
      vertex 154.925 -3.02539 0
    endloop
  endfacet
  facet normal 0 0 -1
    outer loop
      vertex 149.875 -3.02539 0
      vertex 154.925 -3.02539 0
      vertex 149.875 -16.0254 0
    endloop
  endfacet
  facet normal 0 0 -1
    outer loop
      vertex 149.875 -3.02539 0
      vertex 155.071 -2.67188 0
      vertex 154.925 -3.02539 0
    endloop
  endfacet
  facet normal 0 0 -1
    outer loop
      vertex 149.729 -2.67188 0
      vertex 155.071 -2.67188 0
      vertex 149.875 -3.02539 0
    endloop
  endfacet
  facet normal 0 0 -1
    outer loop
      vertex 155.071 -2.67188 0
      vertex 149.729 -2.67188 0
      vertex 155.425 -2.52539 0
    endloop
  endfacet
  facet normal 0 0 -1
    outer loop
      vertex 149.375 -2.52539 0
      vertex 155.425 -2.52539 0
      vertex 149.729 -2.67188 0
    endloop
  endfacet
  facet normal 0 0 -1
    outer loop
      vertex 155.425 -2.52539 0
      vertex 149.375 -2.52539 0
      vertex 306.658 7 0
    endloop
  endfacet
  facet normal 0 0 -1
    outer loop
      vertex 136.375 -2.52539 0
      vertex 306.658 7 0
      vertex 149.375 -2.52539 0
    endloop
  endfacet
  facet normal 0 0 -1
    outer loop
      vertex 136.021 -16.3789 0
      vertex 130.825 -16.0254 0
      vertex 135.875 -16.0254 0
    endloop
  endfacet
  facet normal 0 0 -1
    outer loop
      vertex 135.875 -16.0254 0
      vertex 130.825 -16.0254 0
      vertex 135.875 -3.02539 0
    endloop
  endfacet
  facet normal 0 0 -1
    outer loop
      vertex 130.825 -3.02539 0
      vertex 135.875 -3.02539 0
      vertex 130.825 -16.0254 0
    endloop
  endfacet
  facet normal 0 0 -1
    outer loop
      vertex 130.825 -3.02539 0
      vertex 136.021 -2.67188 0
      vertex 135.875 -3.02539 0
    endloop
  endfacet
  facet normal 0 0 -1
    outer loop
      vertex 130.679 -2.67188 0
      vertex 136.021 -2.67188 0
      vertex 130.825 -3.02539 0
    endloop
  endfacet
  facet normal 0 0 -1
    outer loop
      vertex 136.021 -2.67188 0
      vertex 130.679 -2.67188 0
      vertex 136.375 -2.52539 0
    endloop
  endfacet
  facet normal 0 0 -1
    outer loop
      vertex 130.325 -2.52539 0
      vertex 136.375 -2.52539 0
      vertex 130.679 -2.67188 0
    endloop
  endfacet
  facet normal 0 0 -1
    outer loop
      vertex -2.65826 7 0
      vertex 136.375 -2.52539 0
      vertex 130.325 -2.52539 0
    endloop
  endfacet
  facet normal 0 0 -1
    outer loop
      vertex -2.65826 7 0
      vertex 130.325 -2.52539 0
      vertex 117.325 -2.52539 0
    endloop
  endfacet
  facet normal 0 0 -1
    outer loop
      vertex 116.972 -16.3789 0
      vertex 111.775 -16.0254 0
      vertex 116.825 -16.0254 0
    endloop
  endfacet
  facet normal 0 0 -1
    outer loop
      vertex 116.825 -16.0254 0
      vertex 111.775 -16.0254 0
      vertex 116.825 -3.02539 0
    endloop
  endfacet
  facet normal 0 0 -1
    outer loop
      vertex 111.775 -3.02539 0
      vertex 116.825 -3.02539 0
      vertex 111.775 -16.0254 0
    endloop
  endfacet
  facet normal 0 0 -1
    outer loop
      vertex 111.775 -3.02539 0
      vertex 116.972 -2.67188 0
      vertex 116.825 -3.02539 0
    endloop
  endfacet
  facet normal 0 0 -1
    outer loop
      vertex 111.629 -2.67188 0
      vertex 116.972 -2.67188 0
      vertex 111.775 -3.02539 0
    endloop
  endfacet
  facet normal 0 0 -1
    outer loop
      vertex 116.972 -2.67188 0
      vertex 111.629 -2.67188 0
      vertex 117.325 -2.52539 0
    endloop
  endfacet
  facet normal 0 0 -1
    outer loop
      vertex 111.275 -2.52539 0
      vertex 117.325 -2.52539 0
      vertex 111.629 -2.67188 0
    endloop
  endfacet
  facet normal 0 0 -1
    outer loop
      vertex -2.65826 7 0
      vertex 117.325 -2.52539 0
      vertex 111.275 -2.52539 0
    endloop
  endfacet
  facet normal 0 0 -1
    outer loop
      vertex -2.65826 7 0
      vertex 111.275 -2.52539 0
      vertex 98.2754 -2.52539 0
    endloop
  endfacet
  facet normal 0 0 -1
    outer loop
      vertex 97.9219 -16.3789 0
      vertex 92.7246 -16.0254 0
      vertex 97.7754 -16.0254 0
    endloop
  endfacet
  facet normal 0 0 -1
    outer loop
      vertex 97.7754 -16.0254 0
      vertex 92.7246 -16.0254 0
      vertex 97.7754 -3.02539 0
    endloop
  endfacet
  facet normal 0 0 -1
    outer loop
      vertex 92.7246 -3.02539 0
      vertex 97.7754 -3.02539 0
      vertex 92.7246 -16.0254 0
    endloop
  endfacet
  facet normal 0 0 -1
    outer loop
      vertex 92.7246 -3.02539 0
      vertex 97.9219 -2.67188 0
      vertex 97.7754 -3.02539 0
    endloop
  endfacet
  facet normal 0 0 -1
    outer loop
      vertex 92.5781 -2.67188 0
      vertex 97.9219 -2.67188 0
      vertex 92.7246 -3.02539 0
    endloop
  endfacet
  facet normal 0 0 -1
    outer loop
      vertex 97.9219 -2.67188 0
      vertex 92.5781 -2.67188 0
      vertex 98.2754 -2.52539 0
    endloop
  endfacet
  facet normal 0 0 -1
    outer loop
      vertex 92.2246 -2.52539 0
      vertex 98.2754 -2.52539 0
      vertex 92.5781 -2.67188 0
    endloop
  endfacet
  facet normal 0 0 -1
    outer loop
      vertex -2.65826 7 0
      vertex 98.2754 -2.52539 0
      vertex 92.2246 -2.52539 0
    endloop
  endfacet
  facet normal 0 0 -1
    outer loop
      vertex -2.65826 7 0
      vertex 92.2246 -2.52539 0
      vertex 79.2246 -2.52539 0
    endloop
  endfacet
  facet normal 0 0 -1
    outer loop
      vertex 78.8711 -16.3789 0
      vertex 73.6748 -16.0254 0
      vertex 78.7246 -16.0254 0
    endloop
  endfacet
  facet normal 0 0 -1
    outer loop
      vertex 78.7246 -16.0254 0
      vertex 73.6748 -16.0254 0
      vertex 78.7246 -3.02539 0
    endloop
  endfacet
  facet normal 0 0 -1
    outer loop
      vertex 73.6748 -3.02539 0
      vertex 78.7246 -3.02539 0
      vertex 73.6748 -16.0254 0
    endloop
  endfacet
  facet normal 0 0 -1
    outer loop
      vertex 73.6748 -3.02539 0
      vertex 78.8711 -2.67188 0
      vertex 78.7246 -3.02539 0
    endloop
  endfacet
  facet normal 0 0 -1
    outer loop
      vertex 73.5283 -2.67188 0
      vertex 78.8711 -2.67188 0
      vertex 73.6748 -3.02539 0
    endloop
  endfacet
  facet normal 0 0 -1
    outer loop
      vertex 78.8711 -2.67188 0
      vertex 73.5283 -2.67188 0
      vertex 79.2246 -2.52539 0
    endloop
  endfacet
  facet normal 0 0 -1
    outer loop
      vertex 73.1748 -2.52539 0
      vertex 79.2246 -2.52539 0
      vertex 73.5283 -2.67188 0
    endloop
  endfacet
  facet normal 0 0 -1
    outer loop
      vertex -2.65826 7 0
      vertex 79.2246 -2.52539 0
      vertex 73.1748 -2.52539 0
    endloop
  endfacet
  facet normal 0 0 -1
    outer loop
      vertex -2.65826 7 0
      vertex 73.1748 -2.52539 0
      vertex 60.1748 -2.52539 0
    endloop
  endfacet
  facet normal 0 0 -1
    outer loop
      vertex 59.8213 -16.3789 0
      vertex 54.625 -16.0254 0
      vertex 59.6748 -16.0254 0
    endloop
  endfacet
  facet normal 0 0 -1
    outer loop
      vertex 59.6748 -16.0254 0
      vertex 54.625 -16.0254 0
      vertex 59.6748 -3.02539 0
    endloop
  endfacet
  facet normal 0 0 -1
    outer loop
      vertex 54.625 -3.02539 0
      vertex 59.6748 -3.02539 0
      vertex 54.625 -16.0254 0
    endloop
  endfacet
  facet normal 0 0 -1
    outer loop
      vertex 54.625 -3.02539 0
      vertex 59.8213 -2.67188 0
      vertex 59.6748 -3.02539 0
    endloop
  endfacet
  facet normal 0 0 -1
    outer loop
      vertex 54.4785 -2.67188 0
      vertex 59.8213 -2.67188 0
      vertex 54.625 -3.02539 0
    endloop
  endfacet
  facet normal 0 0 -1
    outer loop
      vertex 59.8213 -2.67188 0
      vertex 54.4785 -2.67188 0
      vertex 60.1748 -2.52539 0
    endloop
  endfacet
  facet normal 0 0 -1
    outer loop
      vertex 54.125 -2.52539 0
      vertex 60.1748 -2.52539 0
      vertex 54.4785 -2.67188 0
    endloop
  endfacet
  facet normal 0 0 -1
    outer loop
      vertex -2.65826 7 0
      vertex 60.1748 -2.52539 0
      vertex 54.125 -2.52539 0
    endloop
  endfacet
  facet normal 0 0 -1
    outer loop
      vertex -2.65826 7 0
      vertex 54.125 -2.52539 0
      vertex 41.125 -2.52539 0
    endloop
  endfacet
  facet normal 0 0 -1
    outer loop
      vertex 40.7715 -16.3789 0
      vertex 35.5752 -16.0254 0
      vertex 40.625 -16.0254 0
    endloop
  endfacet
  facet normal 0 0 -1
    outer loop
      vertex 40.625 -16.0254 0
      vertex 35.5752 -16.0254 0
      vertex 40.625 -3.02539 0
    endloop
  endfacet
  facet normal 0 0 -1
    outer loop
      vertex 35.5752 -3.02539 0
      vertex 40.625 -3.02539 0
      vertex 35.5752 -16.0254 0
    endloop
  endfacet
  facet normal 0 0 -1
    outer loop
      vertex 35.5752 -3.02539 0
      vertex 40.7715 -2.67188 0
      vertex 40.625 -3.02539 0
    endloop
  endfacet
  facet normal 0 0 -1
    outer loop
      vertex 35.4287 -2.67188 0
      vertex 40.7715 -2.67188 0
      vertex 35.5752 -3.02539 0
    endloop
  endfacet
  facet normal 0 0 -1
    outer loop
      vertex 40.7715 -2.67188 0
      vertex 35.4287 -2.67188 0
      vertex 41.125 -2.52539 0
    endloop
  endfacet
  facet normal 0 0 -1
    outer loop
      vertex 35.0752 -2.52539 0
      vertex 41.125 -2.52539 0
      vertex 35.4287 -2.67188 0
    endloop
  endfacet
  facet normal 0 0 -1
    outer loop
      vertex -2.65826 7 0
      vertex 41.125 -2.52539 0
      vertex 35.0752 -2.52539 0
    endloop
  endfacet
  facet normal 0 0 -1
    outer loop
      vertex -2.65826 7 0
      vertex 35.0752 -2.52539 0
      vertex 22.0752 -2.52539 0
    endloop
  endfacet
  facet normal -0 0 -1
    outer loop
      vertex 22.0752 -35.5752 0
      vertex 20.7871 -40.625 0
      vertex 21.7217 -35.4287 0
    endloop
  endfacet
  facet normal 0 0 -1
    outer loop
      vertex 16.3789 -35.4287 0
      vertex 21.7217 -35.4287 0
      vertex 20.7871 -40.625 0
    endloop
  endfacet
  facet normal 0 0 -1
    outer loop
      vertex 21.7217 -35.4287 0
      vertex 16.5254 -35.0752 0
      vertex 21.5752 -35.0752 0
    endloop
  endfacet
  facet normal 0 0 -1
    outer loop
      vertex 21.5752 -35.0752 0
      vertex 16.5254 -35.0752 0
      vertex 16.5254 -22.0752 0
    endloop
  endfacet
  facet normal 0 0 -1
    outer loop
      vertex 21.7217 -16.3789 0
      vertex 16.5254 -16.0254 0
      vertex 21.5752 -16.0254 0
    endloop
  endfacet
  facet normal 0 0 -1
    outer loop
      vertex 21.5752 -16.0254 0
      vertex 16.5254 -16.0254 0
      vertex 21.5752 -3.02539 0
    endloop
  endfacet
  facet normal 0 0 -1
    outer loop
      vertex 16.5254 -3.02539 0
      vertex 21.5752 -3.02539 0
      vertex 16.5254 -16.0254 0
    endloop
  endfacet
  facet normal 0 0 -1
    outer loop
      vertex 16.5254 -3.02539 0
      vertex 21.7217 -2.67188 0
      vertex 21.5752 -3.02539 0
    endloop
  endfacet
  facet normal 0 0 -1
    outer loop
      vertex 16.3789 -2.67188 0
      vertex 21.7217 -2.67188 0
      vertex 16.5254 -3.02539 0
    endloop
  endfacet
  facet normal 0 0 -1
    outer loop
      vertex 21.7217 -2.67188 0
      vertex 16.3789 -2.67188 0
      vertex 22.0752 -2.52539 0
    endloop
  endfacet
  facet normal 0 0 -1
    outer loop
      vertex 16.0254 -2.52539 0
      vertex 22.0752 -2.52539 0
      vertex 16.3789 -2.67188 0
    endloop
  endfacet
  facet normal 0 0 -1
    outer loop
      vertex 22.0752 -2.52539 0
      vertex 16.0254 -2.52539 0
      vertex -2.65826 7 0
    endloop
  endfacet
  facet normal 0 0 -1
    outer loop
      vertex -0.65 3 0
      vertex 16.0254 -2.52539 0
      vertex 3.02539 -2.52539 0
    endloop
  endfacet
  facet normal 0 0 -1
    outer loop
      vertex 2.52539 -16.0254 0
      vertex -0.65 3 0
      vertex 2.52539 -3.02539 0
    endloop
  endfacet
  facet normal 0 0 -1
    outer loop
      vertex -0.65 3 0
      vertex 2.67188 -2.67188 0
      vertex 2.52539 -3.02539 0
    endloop
  endfacet
  facet normal 0 0 -1
    outer loop
      vertex -0.65 3 0
      vertex 3.02539 -2.52539 0
      vertex 2.67188 -2.67188 0
    endloop
  endfacet
  facet normal 0 0 -1
    outer loop
      vertex 16.0254 -2.52539 0
      vertex -0.65 3 0
      vertex -1.09881 4.3813 0
    endloop
  endfacet
  facet normal 0 0 -1
    outer loop
      vertex -2.65826 7 0
      vertex 16.0254 -2.52539 0
      vertex -1.09881 4.3813 0
    endloop
  endfacet
  facet normal 0 0 -1
    outer loop
      vertex -2.65826 7 0
      vertex -1.09881 4.3813 0
      vertex -2.27381 5.23498 0
    endloop
  endfacet
  facet normal 0 0 -1
    outer loop
      vertex 136.375 -2.52539 0
      vertex -2.65826 7 0
      vertex 306.658 7 0
    endloop
  endfacet
  facet normal 0 0 -1
    outer loop
      vertex -3.72619 5.23498 0
      vertex -2.65826 7 0
      vertex -2.27381 5.23498 0
    endloop
  endfacet
  facet normal 0 0 -1
    outer loop
      vertex -3.72619 5.23498 0
      vertex -3.92993 6.65926 0
      vertex -2.65826 7 0
    endloop
  endfacet
  facet normal 0 0 -1
    outer loop
      vertex -5.07007 6.001 0
      vertex -3.72619 5.23498 0
      vertex -4.90119 4.3813 0
    endloop
  endfacet
  facet normal 0 0 -1
    outer loop
      vertex -3.72619 5.23498 0
      vertex -5.07007 6.001 0
      vertex -3.92993 6.65926 0
    endloop
  endfacet
  facet normal 0 0 -1
    outer loop
      vertex -6.65926 3.92993 0
      vertex -4.90119 4.3813 0
      vertex -5.35 3 0
    endloop
  endfacet
  facet normal 0 0 -1
    outer loop
      vertex -4.90119 4.3813 0
      vertex -6.001 5.07007 0
      vertex -5.07007 6.001 0
    endloop
  endfacet
  facet normal 0 0 -1
    outer loop
      vertex -3.72619 0.765017 0
      vertex -7 2.65826 0
      vertex -4.90119 1.6187 0
    endloop
  endfacet
  facet normal -0 0 -1
    outer loop
      vertex -5.35 -117.3 0
      vertex -6.65926 -118.23 0
      vertex -7 -116.958 0
    endloop
  endfacet
  facet normal 0 0 -1
    outer loop
      vertex -4.90119 1.6187 0
      vertex -7 2.65826 0
      vertex -5.35 3 0
    endloop
  endfacet
  facet normal 0 -0 -1
    outer loop
      vertex -6.65926 3.92993 0
      vertex -5.35 3 0
      vertex -7 2.65826 0
    endloop
  endfacet
  facet normal -0 0 -1
    outer loop
      vertex -4.90119 4.3813 0
      vertex -6.65926 3.92993 0
      vertex -6.001 5.07007 0
    endloop
  endfacet
  facet normal -0.92381 0.382852 0
    outer loop
      vertex 35.4287 -16.3789 0
      vertex 35.5752 -16.0254 1.5
      vertex 35.5752 -16.0254 0
    endloop
  endfacet
  facet normal -0.92381 0.382852 0
    outer loop
      vertex 35.5752 -16.0254 1.5
      vertex 35.4287 -16.3789 0
      vertex 35.4287 -16.3789 1.5
    endloop
  endfacet
  facet normal -1 0 0
    outer loop
      vertex 35.5752 -16.0254 0
      vertex 35.5752 -3.02539 1.5
      vertex 35.5752 -3.02539 0
    endloop
  endfacet
  facet normal -1 -0 0
    outer loop
      vertex 35.5752 -3.02539 1.5
      vertex 35.5752 -16.0254 0
      vertex 35.5752 -16.0254 1.5
    endloop
  endfacet
  facet normal -0.923814 -0.382843 0
    outer loop
      vertex 35.5752 -3.02539 0
      vertex 35.4287 -2.67188 1.5
      vertex 35.4287 -2.67188 0
    endloop
  endfacet
  facet normal -0.923814 -0.382843 0
    outer loop
      vertex 35.4287 -2.67188 1.5
      vertex 35.5752 -3.02539 0
      vertex 35.5752 -3.02539 1.5
    endloop
  endfacet
  facet normal -0.38283 -0.923819 0
    outer loop
      vertex 35.0752 -2.52539 0
      vertex 35.4287 -2.67188 1.5
      vertex 35.0752 -2.52539 1.5
    endloop
  endfacet
  facet normal -0.38283 -0.923819 -0
    outer loop
      vertex 35.4287 -2.67188 1.5
      vertex 35.0752 -2.52539 0
      vertex 35.4287 -2.67188 0
    endloop
  endfacet
  facet normal 0 -1 0
    outer loop
      vertex 22.0752 -2.52539 0
      vertex 35.0752 -2.52539 1.5
      vertex 22.0752 -2.52539 1.5
    endloop
  endfacet
  facet normal 0 -1 -0
    outer loop
      vertex 35.0752 -2.52539 1.5
      vertex 22.0752 -2.52539 0
      vertex 35.0752 -2.52539 0
    endloop
  endfacet
  facet normal 0.38283 -0.923819 0
    outer loop
      vertex 21.7217 -2.67188 0
      vertex 22.0752 -2.52539 1.5
      vertex 21.7217 -2.67188 1.5
    endloop
  endfacet
  facet normal 0.38283 -0.923819 0
    outer loop
      vertex 22.0752 -2.52539 1.5
      vertex 21.7217 -2.67188 0
      vertex 22.0752 -2.52539 0
    endloop
  endfacet
  facet normal 0.923814 -0.382843 0
    outer loop
      vertex 21.5752 -3.02539 1.5
      vertex 21.7217 -2.67188 0
      vertex 21.7217 -2.67188 1.5
    endloop
  endfacet
  facet normal 0.923814 -0.382843 0
    outer loop
      vertex 21.7217 -2.67188 0
      vertex 21.5752 -3.02539 1.5
      vertex 21.5752 -3.02539 0
    endloop
  endfacet
  facet normal 1 -0 0
    outer loop
      vertex 21.5752 -16.0254 1.5
      vertex 21.5752 -3.02539 0
      vertex 21.5752 -3.02539 1.5
    endloop
  endfacet
  facet normal 1 0 0
    outer loop
      vertex 21.5752 -3.02539 0
      vertex 21.5752 -16.0254 1.5
      vertex 21.5752 -16.0254 0
    endloop
  endfacet
  facet normal 0.92381 0.382852 0
    outer loop
      vertex 21.7217 -16.3789 1.5
      vertex 21.5752 -16.0254 0
      vertex 21.5752 -16.0254 1.5
    endloop
  endfacet
  facet normal 0.92381 0.382852 0
    outer loop
      vertex 21.5752 -16.0254 0
      vertex 21.7217 -16.3789 1.5
      vertex 21.7217 -16.3789 0
    endloop
  endfacet
  facet normal 0.382852 0.92381 -0
    outer loop
      vertex 22.0752 -16.5254 0
      vertex 21.7217 -16.3789 1.5
      vertex 22.0752 -16.5254 1.5
    endloop
  endfacet
  facet normal 0.382852 0.92381 0
    outer loop
      vertex 21.7217 -16.3789 1.5
      vertex 22.0752 -16.5254 0
      vertex 21.7217 -16.3789 0
    endloop
  endfacet
  facet normal 0 1 -0
    outer loop
      vertex 35.0752 -16.5254 0
      vertex 22.0752 -16.5254 1.5
      vertex 35.0752 -16.5254 1.5
    endloop
  endfacet
  facet normal 0 1 0
    outer loop
      vertex 22.0752 -16.5254 1.5
      vertex 35.0752 -16.5254 0
      vertex 22.0752 -16.5254 0
    endloop
  endfacet
  facet normal -0.382852 0.92381 0
    outer loop
      vertex 35.4287 -16.3789 0
      vertex 35.0752 -16.5254 1.5
      vertex 35.4287 -16.3789 1.5
    endloop
  endfacet
  facet normal -0.382852 0.92381 0
    outer loop
      vertex 35.0752 -16.5254 1.5
      vertex 35.4287 -16.3789 0
      vertex 35.0752 -16.5254 0
    endloop
  endfacet
  facet normal -0.92381 0.382852 0
    outer loop
      vertex 54.4785 -16.3789 0
      vertex 54.625 -16.0254 1.5
      vertex 54.625 -16.0254 0
    endloop
  endfacet
  facet normal -0.92381 0.382852 0
    outer loop
      vertex 54.625 -16.0254 1.5
      vertex 54.4785 -16.3789 0
      vertex 54.4785 -16.3789 1.5
    endloop
  endfacet
  facet normal -1 0 0
    outer loop
      vertex 54.625 -16.0254 0
      vertex 54.625 -3.02539 1.5
      vertex 54.625 -3.02539 0
    endloop
  endfacet
  facet normal -1 -0 0
    outer loop
      vertex 54.625 -3.02539 1.5
      vertex 54.625 -16.0254 0
      vertex 54.625 -16.0254 1.5
    endloop
  endfacet
  facet normal -0.923814 -0.382843 0
    outer loop
      vertex 54.625 -3.02539 0
      vertex 54.4785 -2.67188 1.5
      vertex 54.4785 -2.67188 0
    endloop
  endfacet
  facet normal -0.923814 -0.382843 0
    outer loop
      vertex 54.4785 -2.67188 1.5
      vertex 54.625 -3.02539 0
      vertex 54.625 -3.02539 1.5
    endloop
  endfacet
  facet normal -0.38283 -0.923819 0
    outer loop
      vertex 54.125 -2.52539 0
      vertex 54.4785 -2.67188 1.5
      vertex 54.125 -2.52539 1.5
    endloop
  endfacet
  facet normal -0.38283 -0.923819 -0
    outer loop
      vertex 54.4785 -2.67188 1.5
      vertex 54.125 -2.52539 0
      vertex 54.4785 -2.67188 0
    endloop
  endfacet
  facet normal 0 -1 0
    outer loop
      vertex 41.125 -2.52539 0
      vertex 54.125 -2.52539 1.5
      vertex 41.125 -2.52539 1.5
    endloop
  endfacet
  facet normal 0 -1 -0
    outer loop
      vertex 54.125 -2.52539 1.5
      vertex 41.125 -2.52539 0
      vertex 54.125 -2.52539 0
    endloop
  endfacet
  facet normal 0.38283 -0.923819 0
    outer loop
      vertex 40.7715 -2.67188 0
      vertex 41.125 -2.52539 1.5
      vertex 40.7715 -2.67188 1.5
    endloop
  endfacet
  facet normal 0.38283 -0.923819 0
    outer loop
      vertex 41.125 -2.52539 1.5
      vertex 40.7715 -2.67188 0
      vertex 41.125 -2.52539 0
    endloop
  endfacet
  facet normal 0.923814 -0.382843 0
    outer loop
      vertex 40.625 -3.02539 1.5
      vertex 40.7715 -2.67188 0
      vertex 40.7715 -2.67188 1.5
    endloop
  endfacet
  facet normal 0.923814 -0.382843 0
    outer loop
      vertex 40.7715 -2.67188 0
      vertex 40.625 -3.02539 1.5
      vertex 40.625 -3.02539 0
    endloop
  endfacet
  facet normal 1 -0 0
    outer loop
      vertex 40.625 -16.0254 1.5
      vertex 40.625 -3.02539 0
      vertex 40.625 -3.02539 1.5
    endloop
  endfacet
  facet normal 1 0 0
    outer loop
      vertex 40.625 -3.02539 0
      vertex 40.625 -16.0254 1.5
      vertex 40.625 -16.0254 0
    endloop
  endfacet
  facet normal 0.92381 0.382852 0
    outer loop
      vertex 40.7715 -16.3789 1.5
      vertex 40.625 -16.0254 0
      vertex 40.625 -16.0254 1.5
    endloop
  endfacet
  facet normal 0.92381 0.382852 0
    outer loop
      vertex 40.625 -16.0254 0
      vertex 40.7715 -16.3789 1.5
      vertex 40.7715 -16.3789 0
    endloop
  endfacet
  facet normal 0.382852 0.92381 -0
    outer loop
      vertex 41.125 -16.5254 0
      vertex 40.7715 -16.3789 1.5
      vertex 41.125 -16.5254 1.5
    endloop
  endfacet
  facet normal 0.382852 0.92381 0
    outer loop
      vertex 40.7715 -16.3789 1.5
      vertex 41.125 -16.5254 0
      vertex 40.7715 -16.3789 0
    endloop
  endfacet
  facet normal 0 1 -0
    outer loop
      vertex 54.125 -16.5254 0
      vertex 41.125 -16.5254 1.5
      vertex 54.125 -16.5254 1.5
    endloop
  endfacet
  facet normal 0 1 0
    outer loop
      vertex 41.125 -16.5254 1.5
      vertex 54.125 -16.5254 0
      vertex 41.125 -16.5254 0
    endloop
  endfacet
  facet normal -0.382852 0.92381 0
    outer loop
      vertex 54.4785 -16.3789 0
      vertex 54.125 -16.5254 1.5
      vertex 54.4785 -16.3789 1.5
    endloop
  endfacet
  facet normal -0.382852 0.92381 0
    outer loop
      vertex 54.125 -16.5254 1.5
      vertex 54.4785 -16.3789 0
      vertex 54.125 -16.5254 0
    endloop
  endfacet
  facet normal -0.92381 0.382852 0
    outer loop
      vertex 73.5283 -16.3789 0
      vertex 73.6748 -16.0254 1.5
      vertex 73.6748 -16.0254 0
    endloop
  endfacet
  facet normal -0.92381 0.382852 0
    outer loop
      vertex 73.6748 -16.0254 1.5
      vertex 73.5283 -16.3789 0
      vertex 73.5283 -16.3789 1.5
    endloop
  endfacet
  facet normal -1 0 0
    outer loop
      vertex 73.6748 -16.0254 0
      vertex 73.6748 -3.02539 1.5
      vertex 73.6748 -3.02539 0
    endloop
  endfacet
  facet normal -1 -0 0
    outer loop
      vertex 73.6748 -3.02539 1.5
      vertex 73.6748 -16.0254 0
      vertex 73.6748 -16.0254 1.5
    endloop
  endfacet
  facet normal -0.923814 -0.382843 0
    outer loop
      vertex 73.6748 -3.02539 0
      vertex 73.5283 -2.67188 1.5
      vertex 73.5283 -2.67188 0
    endloop
  endfacet
  facet normal -0.923814 -0.382843 0
    outer loop
      vertex 73.5283 -2.67188 1.5
      vertex 73.6748 -3.02539 0
      vertex 73.6748 -3.02539 1.5
    endloop
  endfacet
  facet normal -0.38283 -0.923819 0
    outer loop
      vertex 73.1748 -2.52539 0
      vertex 73.5283 -2.67188 1.5
      vertex 73.1748 -2.52539 1.5
    endloop
  endfacet
  facet normal -0.38283 -0.923819 -0
    outer loop
      vertex 73.5283 -2.67188 1.5
      vertex 73.1748 -2.52539 0
      vertex 73.5283 -2.67188 0
    endloop
  endfacet
  facet normal 0 -1 0
    outer loop
      vertex 60.1748 -2.52539 0
      vertex 73.1748 -2.52539 1.5
      vertex 60.1748 -2.52539 1.5
    endloop
  endfacet
  facet normal 0 -1 -0
    outer loop
      vertex 73.1748 -2.52539 1.5
      vertex 60.1748 -2.52539 0
      vertex 73.1748 -2.52539 0
    endloop
  endfacet
  facet normal 0.38283 -0.923819 0
    outer loop
      vertex 59.8213 -2.67188 0
      vertex 60.1748 -2.52539 1.5
      vertex 59.8213 -2.67188 1.5
    endloop
  endfacet
  facet normal 0.38283 -0.923819 0
    outer loop
      vertex 60.1748 -2.52539 1.5
      vertex 59.8213 -2.67188 0
      vertex 60.1748 -2.52539 0
    endloop
  endfacet
  facet normal 0.923814 -0.382843 0
    outer loop
      vertex 59.6748 -3.02539 1.5
      vertex 59.8213 -2.67188 0
      vertex 59.8213 -2.67188 1.5
    endloop
  endfacet
  facet normal 0.923814 -0.382843 0
    outer loop
      vertex 59.8213 -2.67188 0
      vertex 59.6748 -3.02539 1.5
      vertex 59.6748 -3.02539 0
    endloop
  endfacet
  facet normal 1 -0 0
    outer loop
      vertex 59.6748 -16.0254 1.5
      vertex 59.6748 -3.02539 0
      vertex 59.6748 -3.02539 1.5
    endloop
  endfacet
  facet normal 1 0 0
    outer loop
      vertex 59.6748 -3.02539 0
      vertex 59.6748 -16.0254 1.5
      vertex 59.6748 -16.0254 0
    endloop
  endfacet
  facet normal 0.92381 0.382852 0
    outer loop
      vertex 59.8213 -16.3789 1.5
      vertex 59.6748 -16.0254 0
      vertex 59.6748 -16.0254 1.5
    endloop
  endfacet
  facet normal 0.92381 0.382852 0
    outer loop
      vertex 59.6748 -16.0254 0
      vertex 59.8213 -16.3789 1.5
      vertex 59.8213 -16.3789 0
    endloop
  endfacet
  facet normal 0.382852 0.92381 -0
    outer loop
      vertex 60.1748 -16.5254 0
      vertex 59.8213 -16.3789 1.5
      vertex 60.1748 -16.5254 1.5
    endloop
  endfacet
  facet normal 0.382852 0.92381 0
    outer loop
      vertex 59.8213 -16.3789 1.5
      vertex 60.1748 -16.5254 0
      vertex 59.8213 -16.3789 0
    endloop
  endfacet
  facet normal 0 1 -0
    outer loop
      vertex 73.1748 -16.5254 0
      vertex 60.1748 -16.5254 1.5
      vertex 73.1748 -16.5254 1.5
    endloop
  endfacet
  facet normal 0 1 0
    outer loop
      vertex 60.1748 -16.5254 1.5
      vertex 73.1748 -16.5254 0
      vertex 60.1748 -16.5254 0
    endloop
  endfacet
  facet normal -0.382852 0.92381 0
    outer loop
      vertex 73.5283 -16.3789 0
      vertex 73.1748 -16.5254 1.5
      vertex 73.5283 -16.3789 1.5
    endloop
  endfacet
  facet normal -0.382852 0.92381 0
    outer loop
      vertex 73.1748 -16.5254 1.5
      vertex 73.5283 -16.3789 0
      vertex 73.1748 -16.5254 0
    endloop
  endfacet
  facet normal -0.92381 0.382852 0
    outer loop
      vertex 92.5781 -16.3789 0
      vertex 92.7246 -16.0254 1.5
      vertex 92.7246 -16.0254 0
    endloop
  endfacet
  facet normal -0.92381 0.382852 0
    outer loop
      vertex 92.7246 -16.0254 1.5
      vertex 92.5781 -16.3789 0
      vertex 92.5781 -16.3789 1.5
    endloop
  endfacet
  facet normal -1 0 0
    outer loop
      vertex 92.7246 -16.0254 0
      vertex 92.7246 -3.02539 1.5
      vertex 92.7246 -3.02539 0
    endloop
  endfacet
  facet normal -1 -0 0
    outer loop
      vertex 92.7246 -3.02539 1.5
      vertex 92.7246 -16.0254 0
      vertex 92.7246 -16.0254 1.5
    endloop
  endfacet
  facet normal -0.923814 -0.382843 0
    outer loop
      vertex 92.7246 -3.02539 0
      vertex 92.5781 -2.67188 1.5
      vertex 92.5781 -2.67188 0
    endloop
  endfacet
  facet normal -0.923814 -0.382843 0
    outer loop
      vertex 92.5781 -2.67188 1.5
      vertex 92.7246 -3.02539 0
      vertex 92.7246 -3.02539 1.5
    endloop
  endfacet
  facet normal -0.38283 -0.923819 0
    outer loop
      vertex 92.2246 -2.52539 0
      vertex 92.5781 -2.67188 1.5
      vertex 92.2246 -2.52539 1.5
    endloop
  endfacet
  facet normal -0.38283 -0.923819 -0
    outer loop
      vertex 92.5781 -2.67188 1.5
      vertex 92.2246 -2.52539 0
      vertex 92.5781 -2.67188 0
    endloop
  endfacet
  facet normal 0 -1 0
    outer loop
      vertex 79.2246 -2.52539 0
      vertex 92.2246 -2.52539 1.5
      vertex 79.2246 -2.52539 1.5
    endloop
  endfacet
  facet normal 0 -1 -0
    outer loop
      vertex 92.2246 -2.52539 1.5
      vertex 79.2246 -2.52539 0
      vertex 92.2246 -2.52539 0
    endloop
  endfacet
  facet normal 0.38283 -0.923819 0
    outer loop
      vertex 78.8711 -2.67188 0
      vertex 79.2246 -2.52539 1.5
      vertex 78.8711 -2.67188 1.5
    endloop
  endfacet
  facet normal 0.38283 -0.923819 0
    outer loop
      vertex 79.2246 -2.52539 1.5
      vertex 78.8711 -2.67188 0
      vertex 79.2246 -2.52539 0
    endloop
  endfacet
  facet normal 0.923814 -0.382843 0
    outer loop
      vertex 78.7246 -3.02539 1.5
      vertex 78.8711 -2.67188 0
      vertex 78.8711 -2.67188 1.5
    endloop
  endfacet
  facet normal 0.923814 -0.382843 0
    outer loop
      vertex 78.8711 -2.67188 0
      vertex 78.7246 -3.02539 1.5
      vertex 78.7246 -3.02539 0
    endloop
  endfacet
  facet normal 1 -0 0
    outer loop
      vertex 78.7246 -16.0254 1.5
      vertex 78.7246 -3.02539 0
      vertex 78.7246 -3.02539 1.5
    endloop
  endfacet
  facet normal 1 0 0
    outer loop
      vertex 78.7246 -3.02539 0
      vertex 78.7246 -16.0254 1.5
      vertex 78.7246 -16.0254 0
    endloop
  endfacet
  facet normal 0.92381 0.382852 0
    outer loop
      vertex 78.8711 -16.3789 1.5
      vertex 78.7246 -16.0254 0
      vertex 78.7246 -16.0254 1.5
    endloop
  endfacet
  facet normal 0.92381 0.382852 0
    outer loop
      vertex 78.7246 -16.0254 0
      vertex 78.8711 -16.3789 1.5
      vertex 78.8711 -16.3789 0
    endloop
  endfacet
  facet normal 0.382852 0.92381 -0
    outer loop
      vertex 79.2246 -16.5254 0
      vertex 78.8711 -16.3789 1.5
      vertex 79.2246 -16.5254 1.5
    endloop
  endfacet
  facet normal 0.382852 0.92381 0
    outer loop
      vertex 78.8711 -16.3789 1.5
      vertex 79.2246 -16.5254 0
      vertex 78.8711 -16.3789 0
    endloop
  endfacet
  facet normal 0 1 -0
    outer loop
      vertex 92.2246 -16.5254 0
      vertex 79.2246 -16.5254 1.5
      vertex 92.2246 -16.5254 1.5
    endloop
  endfacet
  facet normal 0 1 0
    outer loop
      vertex 79.2246 -16.5254 1.5
      vertex 92.2246 -16.5254 0
      vertex 79.2246 -16.5254 0
    endloop
  endfacet
  facet normal -0.382852 0.92381 0
    outer loop
      vertex 92.5781 -16.3789 0
      vertex 92.2246 -16.5254 1.5
      vertex 92.5781 -16.3789 1.5
    endloop
  endfacet
  facet normal -0.382852 0.92381 0
    outer loop
      vertex 92.2246 -16.5254 1.5
      vertex 92.5781 -16.3789 0
      vertex 92.2246 -16.5254 0
    endloop
  endfacet
  facet normal -0.924271 0.381736 0
    outer loop
      vertex 111.629 -16.3789 0
      vertex 111.775 -16.0254 1.5
      vertex 111.775 -16.0254 0
    endloop
  endfacet
  facet normal -0.924271 0.381736 0
    outer loop
      vertex 111.775 -16.0254 1.5
      vertex 111.629 -16.3789 0
      vertex 111.629 -16.3789 1.5
    endloop
  endfacet
  facet normal -1 0 0
    outer loop
      vertex 111.775 -16.0254 0
      vertex 111.775 -3.02539 1.5
      vertex 111.775 -3.02539 0
    endloop
  endfacet
  facet normal -1 -0 0
    outer loop
      vertex 111.775 -3.02539 1.5
      vertex 111.775 -16.0254 0
      vertex 111.775 -16.0254 1.5
    endloop
  endfacet
  facet normal -0.924275 -0.381727 0
    outer loop
      vertex 111.775 -3.02539 0
      vertex 111.629 -2.67188 1.5
      vertex 111.629 -2.67188 0
    endloop
  endfacet
  facet normal -0.924275 -0.381727 0
    outer loop
      vertex 111.629 -2.67188 1.5
      vertex 111.775 -3.02539 0
      vertex 111.775 -3.02539 1.5
    endloop
  endfacet
  facet normal -0.382368 -0.92401 0
    outer loop
      vertex 111.275 -2.52539 0
      vertex 111.629 -2.67188 1.5
      vertex 111.275 -2.52539 1.5
    endloop
  endfacet
  facet normal -0.382368 -0.92401 -0
    outer loop
      vertex 111.629 -2.67188 1.5
      vertex 111.275 -2.52539 0
      vertex 111.629 -2.67188 0
    endloop
  endfacet
  facet normal 0 -1 0
    outer loop
      vertex 98.2754 -2.52539 0
      vertex 111.275 -2.52539 1.5
      vertex 98.2754 -2.52539 1.5
    endloop
  endfacet
  facet normal 0 -1 -0
    outer loop
      vertex 111.275 -2.52539 1.5
      vertex 98.2754 -2.52539 0
      vertex 111.275 -2.52539 0
    endloop
  endfacet
  facet normal 0.38283 -0.923819 0
    outer loop
      vertex 97.9219 -2.67188 0
      vertex 98.2754 -2.52539 1.5
      vertex 97.9219 -2.67188 1.5
    endloop
  endfacet
  facet normal 0.38283 -0.923819 0
    outer loop
      vertex 98.2754 -2.52539 1.5
      vertex 97.9219 -2.67188 0
      vertex 98.2754 -2.52539 0
    endloop
  endfacet
  facet normal 0.923814 -0.382843 0
    outer loop
      vertex 97.7754 -3.02539 1.5
      vertex 97.9219 -2.67188 0
      vertex 97.9219 -2.67188 1.5
    endloop
  endfacet
  facet normal 0.923814 -0.382843 0
    outer loop
      vertex 97.9219 -2.67188 0
      vertex 97.7754 -3.02539 1.5
      vertex 97.7754 -3.02539 0
    endloop
  endfacet
  facet normal 1 -0 0
    outer loop
      vertex 97.7754 -16.0254 1.5
      vertex 97.7754 -3.02539 0
      vertex 97.7754 -3.02539 1.5
    endloop
  endfacet
  facet normal 1 0 0
    outer loop
      vertex 97.7754 -3.02539 0
      vertex 97.7754 -16.0254 1.5
      vertex 97.7754 -16.0254 0
    endloop
  endfacet
  facet normal 0.92381 0.382852 0
    outer loop
      vertex 97.9219 -16.3789 1.5
      vertex 97.7754 -16.0254 0
      vertex 97.7754 -16.0254 1.5
    endloop
  endfacet
  facet normal 0.92381 0.382852 0
    outer loop
      vertex 97.7754 -16.0254 0
      vertex 97.9219 -16.3789 1.5
      vertex 97.9219 -16.3789 0
    endloop
  endfacet
  facet normal 0.382852 0.92381 -0
    outer loop
      vertex 98.2754 -16.5254 0
      vertex 97.9219 -16.3789 1.5
      vertex 98.2754 -16.5254 1.5
    endloop
  endfacet
  facet normal 0.382852 0.92381 0
    outer loop
      vertex 97.9219 -16.3789 1.5
      vertex 98.2754 -16.5254 0
      vertex 97.9219 -16.3789 0
    endloop
  endfacet
  facet normal 0 1 -0
    outer loop
      vertex 111.275 -16.5254 0
      vertex 98.2754 -16.5254 1.5
      vertex 111.275 -16.5254 1.5
    endloop
  endfacet
  facet normal 0 1 0
    outer loop
      vertex 98.2754 -16.5254 1.5
      vertex 111.275 -16.5254 0
      vertex 98.2754 -16.5254 0
    endloop
  endfacet
  facet normal -0.38239 0.924001 0
    outer loop
      vertex 111.629 -16.3789 0
      vertex 111.275 -16.5254 1.5
      vertex 111.629 -16.3789 1.5
    endloop
  endfacet
  facet normal -0.38239 0.924001 0
    outer loop
      vertex 111.275 -16.5254 1.5
      vertex 111.629 -16.3789 0
      vertex 111.275 -16.5254 0
    endloop
  endfacet
  facet normal -0.924271 0.381736 0
    outer loop
      vertex 130.679 -16.3789 0
      vertex 130.825 -16.0254 1.5
      vertex 130.825 -16.0254 0
    endloop
  endfacet
  facet normal -0.924271 0.381736 0
    outer loop
      vertex 130.825 -16.0254 1.5
      vertex 130.679 -16.3789 0
      vertex 130.679 -16.3789 1.5
    endloop
  endfacet
  facet normal -1 0 0
    outer loop
      vertex 130.825 -16.0254 0
      vertex 130.825 -3.02539 1.5
      vertex 130.825 -3.02539 0
    endloop
  endfacet
  facet normal -1 -0 0
    outer loop
      vertex 130.825 -3.02539 1.5
      vertex 130.825 -16.0254 0
      vertex 130.825 -16.0254 1.5
    endloop
  endfacet
  facet normal -0.924275 -0.381727 0
    outer loop
      vertex 130.825 -3.02539 0
      vertex 130.679 -2.67188 1.5
      vertex 130.679 -2.67188 0
    endloop
  endfacet
  facet normal -0.924275 -0.381727 0
    outer loop
      vertex 130.679 -2.67188 1.5
      vertex 130.825 -3.02539 0
      vertex 130.825 -3.02539 1.5
    endloop
  endfacet
  facet normal -0.382368 -0.92401 0
    outer loop
      vertex 130.325 -2.52539 0
      vertex 130.679 -2.67188 1.5
      vertex 130.325 -2.52539 1.5
    endloop
  endfacet
  facet normal -0.382368 -0.92401 -0
    outer loop
      vertex 130.679 -2.67188 1.5
      vertex 130.325 -2.52539 0
      vertex 130.679 -2.67188 0
    endloop
  endfacet
  facet normal 0 -1 0
    outer loop
      vertex 117.325 -2.52539 0
      vertex 130.325 -2.52539 1.5
      vertex 117.325 -2.52539 1.5
    endloop
  endfacet
  facet normal 0 -1 -0
    outer loop
      vertex 130.325 -2.52539 1.5
      vertex 117.325 -2.52539 0
      vertex 130.325 -2.52539 0
    endloop
  endfacet
  facet normal 0.383292 -0.923627 0
    outer loop
      vertex 116.972 -2.67188 0
      vertex 117.325 -2.52539 1.5
      vertex 116.972 -2.67188 1.5
    endloop
  endfacet
  facet normal 0.383292 -0.923627 0
    outer loop
      vertex 117.325 -2.52539 1.5
      vertex 116.972 -2.67188 0
      vertex 117.325 -2.52539 0
    endloop
  endfacet
  facet normal 0.923351 -0.383957 0
    outer loop
      vertex 116.825 -3.02539 1.5
      vertex 116.972 -2.67188 0
      vertex 116.972 -2.67188 1.5
    endloop
  endfacet
  facet normal 0.923351 -0.383957 0
    outer loop
      vertex 116.972 -2.67188 0
      vertex 116.825 -3.02539 1.5
      vertex 116.825 -3.02539 0
    endloop
  endfacet
  facet normal 1 -0 0
    outer loop
      vertex 116.825 -16.0254 1.5
      vertex 116.825 -3.02539 0
      vertex 116.825 -3.02539 1.5
    endloop
  endfacet
  facet normal 1 0 0
    outer loop
      vertex 116.825 -3.02539 0
      vertex 116.825 -16.0254 1.5
      vertex 116.825 -16.0254 0
    endloop
  endfacet
  facet normal 0.923347 0.383966 0
    outer loop
      vertex 116.972 -16.3789 1.5
      vertex 116.825 -16.0254 0
      vertex 116.825 -16.0254 1.5
    endloop
  endfacet
  facet normal 0.923347 0.383966 0
    outer loop
      vertex 116.825 -16.0254 0
      vertex 116.972 -16.3789 1.5
      vertex 116.972 -16.3789 0
    endloop
  endfacet
  facet normal 0.383315 0.923618 -0
    outer loop
      vertex 117.325 -16.5254 0
      vertex 116.972 -16.3789 1.5
      vertex 117.325 -16.5254 1.5
    endloop
  endfacet
  facet normal 0.383315 0.923618 0
    outer loop
      vertex 116.972 -16.3789 1.5
      vertex 117.325 -16.5254 0
      vertex 116.972 -16.3789 0
    endloop
  endfacet
  facet normal 0 1 -0
    outer loop
      vertex 130.325 -16.5254 0
      vertex 117.325 -16.5254 1.5
      vertex 130.325 -16.5254 1.5
    endloop
  endfacet
  facet normal 0 1 0
    outer loop
      vertex 117.325 -16.5254 1.5
      vertex 130.325 -16.5254 0
      vertex 117.325 -16.5254 0
    endloop
  endfacet
  facet normal -0.38239 0.924001 0
    outer loop
      vertex 130.679 -16.3789 0
      vertex 130.325 -16.5254 1.5
      vertex 130.679 -16.3789 1.5
    endloop
  endfacet
  facet normal -0.38239 0.924001 0
    outer loop
      vertex 130.325 -16.5254 1.5
      vertex 130.679 -16.3789 0
      vertex 130.325 -16.5254 0
    endloop
  endfacet
  facet normal -0.924271 0.381736 0
    outer loop
      vertex 149.729 -16.3789 0
      vertex 149.875 -16.0254 1.5
      vertex 149.875 -16.0254 0
    endloop
  endfacet
  facet normal -0.924271 0.381736 0
    outer loop
      vertex 149.875 -16.0254 1.5
      vertex 149.729 -16.3789 0
      vertex 149.729 -16.3789 1.5
    endloop
  endfacet
  facet normal -1 0 0
    outer loop
      vertex 149.875 -16.0254 0
      vertex 149.875 -3.02539 1.5
      vertex 149.875 -3.02539 0
    endloop
  endfacet
  facet normal -1 -0 0
    outer loop
      vertex 149.875 -3.02539 1.5
      vertex 149.875 -16.0254 0
      vertex 149.875 -16.0254 1.5
    endloop
  endfacet
  facet normal -0.924275 -0.381727 0
    outer loop
      vertex 149.875 -3.02539 0
      vertex 149.729 -2.67188 1.5
      vertex 149.729 -2.67188 0
    endloop
  endfacet
  facet normal -0.924275 -0.381727 0
    outer loop
      vertex 149.729 -2.67188 1.5
      vertex 149.875 -3.02539 0
      vertex 149.875 -3.02539 1.5
    endloop
  endfacet
  facet normal -0.382368 -0.92401 0
    outer loop
      vertex 149.375 -2.52539 0
      vertex 149.729 -2.67188 1.5
      vertex 149.375 -2.52539 1.5
    endloop
  endfacet
  facet normal -0.382368 -0.92401 -0
    outer loop
      vertex 149.729 -2.67188 1.5
      vertex 149.375 -2.52539 0
      vertex 149.729 -2.67188 0
    endloop
  endfacet
  facet normal 0 -1 0
    outer loop
      vertex 136.375 -2.52539 0
      vertex 149.375 -2.52539 1.5
      vertex 136.375 -2.52539 1.5
    endloop
  endfacet
  facet normal 0 -1 -0
    outer loop
      vertex 149.375 -2.52539 1.5
      vertex 136.375 -2.52539 0
      vertex 149.375 -2.52539 0
    endloop
  endfacet
  facet normal 0.382368 -0.92401 0
    outer loop
      vertex 136.021 -2.67188 0
      vertex 136.375 -2.52539 1.5
      vertex 136.021 -2.67188 1.5
    endloop
  endfacet
  facet normal 0.382368 -0.92401 0
    outer loop
      vertex 136.375 -2.52539 1.5
      vertex 136.021 -2.67188 0
      vertex 136.375 -2.52539 0
    endloop
  endfacet
  facet normal 0.924275 -0.381727 0
    outer loop
      vertex 135.875 -3.02539 1.5
      vertex 136.021 -2.67188 0
      vertex 136.021 -2.67188 1.5
    endloop
  endfacet
  facet normal 0.924275 -0.381727 0
    outer loop
      vertex 136.021 -2.67188 0
      vertex 135.875 -3.02539 1.5
      vertex 135.875 -3.02539 0
    endloop
  endfacet
  facet normal 1 -0 0
    outer loop
      vertex 135.875 -16.0254 1.5
      vertex 135.875 -3.02539 0
      vertex 135.875 -3.02539 1.5
    endloop
  endfacet
  facet normal 1 0 0
    outer loop
      vertex 135.875 -3.02539 0
      vertex 135.875 -16.0254 1.5
      vertex 135.875 -16.0254 0
    endloop
  endfacet
  facet normal 0.924271 0.381736 0
    outer loop
      vertex 136.021 -16.3789 1.5
      vertex 135.875 -16.0254 0
      vertex 135.875 -16.0254 1.5
    endloop
  endfacet
  facet normal 0.924271 0.381736 0
    outer loop
      vertex 135.875 -16.0254 0
      vertex 136.021 -16.3789 1.5
      vertex 136.021 -16.3789 0
    endloop
  endfacet
  facet normal 0.38239 0.924001 -0
    outer loop
      vertex 136.375 -16.5254 0
      vertex 136.021 -16.3789 1.5
      vertex 136.375 -16.5254 1.5
    endloop
  endfacet
  facet normal 0.38239 0.924001 0
    outer loop
      vertex 136.021 -16.3789 1.5
      vertex 136.375 -16.5254 0
      vertex 136.021 -16.3789 0
    endloop
  endfacet
  facet normal 0 1 -0
    outer loop
      vertex 149.375 -16.5254 0
      vertex 136.375 -16.5254 1.5
      vertex 149.375 -16.5254 1.5
    endloop
  endfacet
  facet normal 0 1 0
    outer loop
      vertex 136.375 -16.5254 1.5
      vertex 149.375 -16.5254 0
      vertex 136.375 -16.5254 0
    endloop
  endfacet
  facet normal -0.38239 0.924001 0
    outer loop
      vertex 149.729 -16.3789 0
      vertex 149.375 -16.5254 1.5
      vertex 149.729 -16.3789 1.5
    endloop
  endfacet
  facet normal -0.38239 0.924001 0
    outer loop
      vertex 149.375 -16.5254 1.5
      vertex 149.729 -16.3789 0
      vertex 149.375 -16.5254 0
    endloop
  endfacet
  facet normal -0.923347 0.383966 0
    outer loop
      vertex 168.778 -16.3789 0
      vertex 168.925 -16.0254 1.5
      vertex 168.925 -16.0254 0
    endloop
  endfacet
  facet normal -0.923347 0.383966 0
    outer loop
      vertex 168.925 -16.0254 1.5
      vertex 168.778 -16.3789 0
      vertex 168.778 -16.3789 1.5
    endloop
  endfacet
  facet normal -1 0 0
    outer loop
      vertex 168.925 -16.0254 0
      vertex 168.925 -3.02539 1.5
      vertex 168.925 -3.02539 0
    endloop
  endfacet
  facet normal -1 -0 0
    outer loop
      vertex 168.925 -3.02539 1.5
      vertex 168.925 -16.0254 0
      vertex 168.925 -16.0254 1.5
    endloop
  endfacet
  facet normal -0.923351 -0.383957 0
    outer loop
      vertex 168.925 -3.02539 0
      vertex 168.778 -2.67188 1.5
      vertex 168.778 -2.67188 0
    endloop
  endfacet
  facet normal -0.923351 -0.383957 0
    outer loop
      vertex 168.778 -2.67188 1.5
      vertex 168.925 -3.02539 0
      vertex 168.925 -3.02539 1.5
    endloop
  endfacet
  facet normal -0.383292 -0.923627 0
    outer loop
      vertex 168.425 -2.52539 0
      vertex 168.778 -2.67188 1.5
      vertex 168.425 -2.52539 1.5
    endloop
  endfacet
  facet normal -0.383292 -0.923627 -0
    outer loop
      vertex 168.778 -2.67188 1.5
      vertex 168.425 -2.52539 0
      vertex 168.778 -2.67188 0
    endloop
  endfacet
  facet normal 0 -1 0
    outer loop
      vertex 155.425 -2.52539 0
      vertex 168.425 -2.52539 1.5
      vertex 155.425 -2.52539 1.5
    endloop
  endfacet
  facet normal 0 -1 -0
    outer loop
      vertex 168.425 -2.52539 1.5
      vertex 155.425 -2.52539 0
      vertex 168.425 -2.52539 0
    endloop
  endfacet
  facet normal 0.382368 -0.92401 0
    outer loop
      vertex 155.071 -2.67188 0
      vertex 155.425 -2.52539 1.5
      vertex 155.071 -2.67188 1.5
    endloop
  endfacet
  facet normal 0.382368 -0.92401 0
    outer loop
      vertex 155.425 -2.52539 1.5
      vertex 155.071 -2.67188 0
      vertex 155.425 -2.52539 0
    endloop
  endfacet
  facet normal 0.924275 -0.381727 0
    outer loop
      vertex 154.925 -3.02539 1.5
      vertex 155.071 -2.67188 0
      vertex 155.071 -2.67188 1.5
    endloop
  endfacet
  facet normal 0.924275 -0.381727 0
    outer loop
      vertex 155.071 -2.67188 0
      vertex 154.925 -3.02539 1.5
      vertex 154.925 -3.02539 0
    endloop
  endfacet
  facet normal 1 -0 0
    outer loop
      vertex 154.925 -16.0254 1.5
      vertex 154.925 -3.02539 0
      vertex 154.925 -3.02539 1.5
    endloop
  endfacet
  facet normal 1 0 0
    outer loop
      vertex 154.925 -3.02539 0
      vertex 154.925 -16.0254 1.5
      vertex 154.925 -16.0254 0
    endloop
  endfacet
  facet normal 0.924271 0.381736 0
    outer loop
      vertex 155.071 -16.3789 1.5
      vertex 154.925 -16.0254 0
      vertex 154.925 -16.0254 1.5
    endloop
  endfacet
  facet normal 0.924271 0.381736 0
    outer loop
      vertex 154.925 -16.0254 0
      vertex 155.071 -16.3789 1.5
      vertex 155.071 -16.3789 0
    endloop
  endfacet
  facet normal 0.38239 0.924001 -0
    outer loop
      vertex 155.425 -16.5254 0
      vertex 155.071 -16.3789 1.5
      vertex 155.425 -16.5254 1.5
    endloop
  endfacet
  facet normal 0.38239 0.924001 0
    outer loop
      vertex 155.071 -16.3789 1.5
      vertex 155.425 -16.5254 0
      vertex 155.071 -16.3789 0
    endloop
  endfacet
  facet normal 0 1 -0
    outer loop
      vertex 168.425 -16.5254 0
      vertex 155.425 -16.5254 1.5
      vertex 168.425 -16.5254 1.5
    endloop
  endfacet
  facet normal 0 1 0
    outer loop
      vertex 155.425 -16.5254 1.5
      vertex 168.425 -16.5254 0
      vertex 155.425 -16.5254 0
    endloop
  endfacet
  facet normal -0.383315 0.923618 0
    outer loop
      vertex 168.778 -16.3789 0
      vertex 168.425 -16.5254 1.5
      vertex 168.778 -16.3789 1.5
    endloop
  endfacet
  facet normal -0.383315 0.923618 0
    outer loop
      vertex 168.425 -16.5254 1.5
      vertex 168.778 -16.3789 0
      vertex 168.425 -16.5254 0
    endloop
  endfacet
  facet normal -0.923347 0.383966 0
    outer loop
      vertex 187.828 -16.3789 0
      vertex 187.975 -16.0254 1.5
      vertex 187.975 -16.0254 0
    endloop
  endfacet
  facet normal -0.923347 0.383966 0
    outer loop
      vertex 187.975 -16.0254 1.5
      vertex 187.828 -16.3789 0
      vertex 187.828 -16.3789 1.5
    endloop
  endfacet
  facet normal -1 0 0
    outer loop
      vertex 187.975 -16.0254 0
      vertex 187.975 -3.02539 1.5
      vertex 187.975 -3.02539 0
    endloop
  endfacet
  facet normal -1 -0 0
    outer loop
      vertex 187.975 -3.02539 1.5
      vertex 187.975 -16.0254 0
      vertex 187.975 -16.0254 1.5
    endloop
  endfacet
  facet normal -0.923351 -0.383957 0
    outer loop
      vertex 187.975 -3.02539 0
      vertex 187.828 -2.67188 1.5
      vertex 187.828 -2.67188 0
    endloop
  endfacet
  facet normal -0.923351 -0.383957 0
    outer loop
      vertex 187.828 -2.67188 1.5
      vertex 187.975 -3.02539 0
      vertex 187.975 -3.02539 1.5
    endloop
  endfacet
  facet normal -0.383292 -0.923627 0
    outer loop
      vertex 187.475 -2.52539 0
      vertex 187.828 -2.67188 1.5
      vertex 187.475 -2.52539 1.5
    endloop
  endfacet
  facet normal -0.383292 -0.923627 -0
    outer loop
      vertex 187.828 -2.67188 1.5
      vertex 187.475 -2.52539 0
      vertex 187.828 -2.67188 0
    endloop
  endfacet
  facet normal 0 -1 0
    outer loop
      vertex 174.475 -2.52539 0
      vertex 187.475 -2.52539 1.5
      vertex 174.475 -2.52539 1.5
    endloop
  endfacet
  facet normal 0 -1 -0
    outer loop
      vertex 187.475 -2.52539 1.5
      vertex 174.475 -2.52539 0
      vertex 187.475 -2.52539 0
    endloop
  endfacet
  facet normal 0.382368 -0.92401 0
    outer loop
      vertex 174.121 -2.67188 0
      vertex 174.475 -2.52539 1.5
      vertex 174.121 -2.67188 1.5
    endloop
  endfacet
  facet normal 0.382368 -0.92401 0
    outer loop
      vertex 174.475 -2.52539 1.5
      vertex 174.121 -2.67188 0
      vertex 174.475 -2.52539 0
    endloop
  endfacet
  facet normal 0.924275 -0.381727 0
    outer loop
      vertex 173.975 -3.02539 1.5
      vertex 174.121 -2.67188 0
      vertex 174.121 -2.67188 1.5
    endloop
  endfacet
  facet normal 0.924275 -0.381727 0
    outer loop
      vertex 174.121 -2.67188 0
      vertex 173.975 -3.02539 1.5
      vertex 173.975 -3.02539 0
    endloop
  endfacet
  facet normal 1 -0 0
    outer loop
      vertex 173.975 -16.0254 1.5
      vertex 173.975 -3.02539 0
      vertex 173.975 -3.02539 1.5
    endloop
  endfacet
  facet normal 1 0 0
    outer loop
      vertex 173.975 -3.02539 0
      vertex 173.975 -16.0254 1.5
      vertex 173.975 -16.0254 0
    endloop
  endfacet
  facet normal 0.924271 0.381736 0
    outer loop
      vertex 174.121 -16.3789 1.5
      vertex 173.975 -16.0254 0
      vertex 173.975 -16.0254 1.5
    endloop
  endfacet
  facet normal 0.924271 0.381736 0
    outer loop
      vertex 173.975 -16.0254 0
      vertex 174.121 -16.3789 1.5
      vertex 174.121 -16.3789 0
    endloop
  endfacet
  facet normal 0.38239 0.924001 -0
    outer loop
      vertex 174.475 -16.5254 0
      vertex 174.121 -16.3789 1.5
      vertex 174.475 -16.5254 1.5
    endloop
  endfacet
  facet normal 0.38239 0.924001 0
    outer loop
      vertex 174.121 -16.3789 1.5
      vertex 174.475 -16.5254 0
      vertex 174.121 -16.3789 0
    endloop
  endfacet
  facet normal 0 1 -0
    outer loop
      vertex 187.475 -16.5254 0
      vertex 174.475 -16.5254 1.5
      vertex 187.475 -16.5254 1.5
    endloop
  endfacet
  facet normal 0 1 0
    outer loop
      vertex 174.475 -16.5254 1.5
      vertex 187.475 -16.5254 0
      vertex 174.475 -16.5254 0
    endloop
  endfacet
  facet normal -0.383315 0.923618 0
    outer loop
      vertex 187.828 -16.3789 0
      vertex 187.475 -16.5254 1.5
      vertex 187.828 -16.3789 1.5
    endloop
  endfacet
  facet normal -0.383315 0.923618 0
    outer loop
      vertex 187.475 -16.5254 1.5
      vertex 187.828 -16.3789 0
      vertex 187.475 -16.5254 0
    endloop
  endfacet
  facet normal -0.924271 0.381736 0
    outer loop
      vertex 206.879 -16.3789 0
      vertex 207.025 -16.0254 1.5
      vertex 207.025 -16.0254 0
    endloop
  endfacet
  facet normal -0.924271 0.381736 0
    outer loop
      vertex 207.025 -16.0254 1.5
      vertex 206.879 -16.3789 0
      vertex 206.879 -16.3789 1.5
    endloop
  endfacet
  facet normal -1 0 0
    outer loop
      vertex 207.025 -16.0254 0
      vertex 207.025 -3.02539 1.5
      vertex 207.025 -3.02539 0
    endloop
  endfacet
  facet normal -1 -0 0
    outer loop
      vertex 207.025 -3.02539 1.5
      vertex 207.025 -16.0254 0
      vertex 207.025 -16.0254 1.5
    endloop
  endfacet
  facet normal -0.924275 -0.381727 0
    outer loop
      vertex 207.025 -3.02539 0
      vertex 206.879 -2.67188 1.5
      vertex 206.879 -2.67188 0
    endloop
  endfacet
  facet normal -0.924275 -0.381727 0
    outer loop
      vertex 206.879 -2.67188 1.5
      vertex 207.025 -3.02539 0
      vertex 207.025 -3.02539 1.5
    endloop
  endfacet
  facet normal -0.382368 -0.92401 0
    outer loop
      vertex 206.525 -2.52539 0
      vertex 206.879 -2.67188 1.5
      vertex 206.525 -2.52539 1.5
    endloop
  endfacet
  facet normal -0.382368 -0.92401 -0
    outer loop
      vertex 206.879 -2.67188 1.5
      vertex 206.525 -2.52539 0
      vertex 206.879 -2.67188 0
    endloop
  endfacet
  facet normal 0 -1 0
    outer loop
      vertex 193.525 -2.52539 0
      vertex 206.525 -2.52539 1.5
      vertex 193.525 -2.52539 1.5
    endloop
  endfacet
  facet normal 0 -1 -0
    outer loop
      vertex 206.525 -2.52539 1.5
      vertex 193.525 -2.52539 0
      vertex 206.525 -2.52539 0
    endloop
  endfacet
  facet normal 0.383292 -0.923627 0
    outer loop
      vertex 193.172 -2.67188 0
      vertex 193.525 -2.52539 1.5
      vertex 193.172 -2.67188 1.5
    endloop
  endfacet
  facet normal 0.383292 -0.923627 0
    outer loop
      vertex 193.525 -2.52539 1.5
      vertex 193.172 -2.67188 0
      vertex 193.525 -2.52539 0
    endloop
  endfacet
  facet normal 0.923351 -0.383957 0
    outer loop
      vertex 193.025 -3.02539 1.5
      vertex 193.172 -2.67188 0
      vertex 193.172 -2.67188 1.5
    endloop
  endfacet
  facet normal 0.923351 -0.383957 0
    outer loop
      vertex 193.172 -2.67188 0
      vertex 193.025 -3.02539 1.5
      vertex 193.025 -3.02539 0
    endloop
  endfacet
  facet normal 1 -0 0
    outer loop
      vertex 193.025 -16.0254 1.5
      vertex 193.025 -3.02539 0
      vertex 193.025 -3.02539 1.5
    endloop
  endfacet
  facet normal 1 0 0
    outer loop
      vertex 193.025 -3.02539 0
      vertex 193.025 -16.0254 1.5
      vertex 193.025 -16.0254 0
    endloop
  endfacet
  facet normal 0.923347 0.383966 0
    outer loop
      vertex 193.172 -16.3789 1.5
      vertex 193.025 -16.0254 0
      vertex 193.025 -16.0254 1.5
    endloop
  endfacet
  facet normal 0.923347 0.383966 0
    outer loop
      vertex 193.025 -16.0254 0
      vertex 193.172 -16.3789 1.5
      vertex 193.172 -16.3789 0
    endloop
  endfacet
  facet normal 0.383315 0.923618 -0
    outer loop
      vertex 193.525 -16.5254 0
      vertex 193.172 -16.3789 1.5
      vertex 193.525 -16.5254 1.5
    endloop
  endfacet
  facet normal 0.383315 0.923618 0
    outer loop
      vertex 193.172 -16.3789 1.5
      vertex 193.525 -16.5254 0
      vertex 193.172 -16.3789 0
    endloop
  endfacet
  facet normal 0 1 -0
    outer loop
      vertex 206.525 -16.5254 0
      vertex 193.525 -16.5254 1.5
      vertex 206.525 -16.5254 1.5
    endloop
  endfacet
  facet normal 0 1 0
    outer loop
      vertex 193.525 -16.5254 1.5
      vertex 206.525 -16.5254 0
      vertex 193.525 -16.5254 0
    endloop
  endfacet
  facet normal -0.38239 0.924001 0
    outer loop
      vertex 206.879 -16.3789 0
      vertex 206.525 -16.5254 1.5
      vertex 206.879 -16.3789 1.5
    endloop
  endfacet
  facet normal -0.38239 0.924001 0
    outer loop
      vertex 206.525 -16.5254 1.5
      vertex 206.879 -16.3789 0
      vertex 206.525 -16.5254 0
    endloop
  endfacet
  facet normal -0.924271 0.381736 0
    outer loop
      vertex 225.929 -16.3789 0
      vertex 226.075 -16.0254 1.5
      vertex 226.075 -16.0254 0
    endloop
  endfacet
  facet normal -0.924271 0.381736 0
    outer loop
      vertex 226.075 -16.0254 1.5
      vertex 225.929 -16.3789 0
      vertex 225.929 -16.3789 1.5
    endloop
  endfacet
  facet normal -1 0 0
    outer loop
      vertex 226.075 -16.0254 0
      vertex 226.075 -3.02539 1.5
      vertex 226.075 -3.02539 0
    endloop
  endfacet
  facet normal -1 -0 0
    outer loop
      vertex 226.075 -3.02539 1.5
      vertex 226.075 -16.0254 0
      vertex 226.075 -16.0254 1.5
    endloop
  endfacet
  facet normal -0.924275 -0.381727 0
    outer loop
      vertex 226.075 -3.02539 0
      vertex 225.929 -2.67188 1.5
      vertex 225.929 -2.67188 0
    endloop
  endfacet
  facet normal -0.924275 -0.381727 0
    outer loop
      vertex 225.929 -2.67188 1.5
      vertex 226.075 -3.02539 0
      vertex 226.075 -3.02539 1.5
    endloop
  endfacet
  facet normal -0.382368 -0.92401 0
    outer loop
      vertex 225.575 -2.52539 0
      vertex 225.929 -2.67188 1.5
      vertex 225.575 -2.52539 1.5
    endloop
  endfacet
  facet normal -0.382368 -0.92401 -0
    outer loop
      vertex 225.929 -2.67188 1.5
      vertex 225.575 -2.52539 0
      vertex 225.929 -2.67188 0
    endloop
  endfacet
  facet normal 0 -1 0
    outer loop
      vertex 212.575 -2.52539 0
      vertex 225.575 -2.52539 1.5
      vertex 212.575 -2.52539 1.5
    endloop
  endfacet
  facet normal 0 -1 -0
    outer loop
      vertex 225.575 -2.52539 1.5
      vertex 212.575 -2.52539 0
      vertex 225.575 -2.52539 0
    endloop
  endfacet
  facet normal 0.383292 -0.923627 0
    outer loop
      vertex 212.222 -2.67188 0
      vertex 212.575 -2.52539 1.5
      vertex 212.222 -2.67188 1.5
    endloop
  endfacet
  facet normal 0.383292 -0.923627 0
    outer loop
      vertex 212.575 -2.52539 1.5
      vertex 212.222 -2.67188 0
      vertex 212.575 -2.52539 0
    endloop
  endfacet
  facet normal 0.923351 -0.383957 0
    outer loop
      vertex 212.075 -3.02539 1.5
      vertex 212.222 -2.67188 0
      vertex 212.222 -2.67188 1.5
    endloop
  endfacet
  facet normal 0.923351 -0.383957 0
    outer loop
      vertex 212.222 -2.67188 0
      vertex 212.075 -3.02539 1.5
      vertex 212.075 -3.02539 0
    endloop
  endfacet
  facet normal 1 -0 0
    outer loop
      vertex 212.075 -16.0254 1.5
      vertex 212.075 -3.02539 0
      vertex 212.075 -3.02539 1.5
    endloop
  endfacet
  facet normal 1 0 0
    outer loop
      vertex 212.075 -3.02539 0
      vertex 212.075 -16.0254 1.5
      vertex 212.075 -16.0254 0
    endloop
  endfacet
  facet normal 0.923347 0.383966 0
    outer loop
      vertex 212.222 -16.3789 1.5
      vertex 212.075 -16.0254 0
      vertex 212.075 -16.0254 1.5
    endloop
  endfacet
  facet normal 0.923347 0.383966 0
    outer loop
      vertex 212.075 -16.0254 0
      vertex 212.222 -16.3789 1.5
      vertex 212.222 -16.3789 0
    endloop
  endfacet
  facet normal 0.383315 0.923618 -0
    outer loop
      vertex 212.575 -16.5254 0
      vertex 212.222 -16.3789 1.5
      vertex 212.575 -16.5254 1.5
    endloop
  endfacet
  facet normal 0.383315 0.923618 0
    outer loop
      vertex 212.222 -16.3789 1.5
      vertex 212.575 -16.5254 0
      vertex 212.222 -16.3789 0
    endloop
  endfacet
  facet normal 0 1 -0
    outer loop
      vertex 225.575 -16.5254 0
      vertex 212.575 -16.5254 1.5
      vertex 225.575 -16.5254 1.5
    endloop
  endfacet
  facet normal 0 1 0
    outer loop
      vertex 212.575 -16.5254 1.5
      vertex 225.575 -16.5254 0
      vertex 212.575 -16.5254 0
    endloop
  endfacet
  facet normal -0.38239 0.924001 0
    outer loop
      vertex 225.929 -16.3789 0
      vertex 225.575 -16.5254 1.5
      vertex 225.929 -16.3789 1.5
    endloop
  endfacet
  facet normal -0.38239 0.924001 0
    outer loop
      vertex 225.575 -16.5254 1.5
      vertex 225.929 -16.3789 0
      vertex 225.575 -16.5254 0
    endloop
  endfacet
  facet normal -0.924271 0.381736 0
    outer loop
      vertex 244.979 -16.3789 0
      vertex 245.125 -16.0254 1.5
      vertex 245.125 -16.0254 0
    endloop
  endfacet
  facet normal -0.924271 0.381736 0
    outer loop
      vertex 245.125 -16.0254 1.5
      vertex 244.979 -16.3789 0
      vertex 244.979 -16.3789 1.5
    endloop
  endfacet
  facet normal -1 0 0
    outer loop
      vertex 245.125 -16.0254 0
      vertex 245.125 -3.02539 1.5
      vertex 245.125 -3.02539 0
    endloop
  endfacet
  facet normal -1 -0 0
    outer loop
      vertex 245.125 -3.02539 1.5
      vertex 245.125 -16.0254 0
      vertex 245.125 -16.0254 1.5
    endloop
  endfacet
  facet normal -0.924275 -0.381727 0
    outer loop
      vertex 245.125 -3.02539 0
      vertex 244.979 -2.67188 1.5
      vertex 244.979 -2.67188 0
    endloop
  endfacet
  facet normal -0.924275 -0.381727 0
    outer loop
      vertex 244.979 -2.67188 1.5
      vertex 245.125 -3.02539 0
      vertex 245.125 -3.02539 1.5
    endloop
  endfacet
  facet normal -0.382368 -0.92401 0
    outer loop
      vertex 244.625 -2.52539 0
      vertex 244.979 -2.67188 1.5
      vertex 244.625 -2.52539 1.5
    endloop
  endfacet
  facet normal -0.382368 -0.92401 -0
    outer loop
      vertex 244.979 -2.67188 1.5
      vertex 244.625 -2.52539 0
      vertex 244.979 -2.67188 0
    endloop
  endfacet
  facet normal 0 -1 0
    outer loop
      vertex 231.625 -2.52539 0
      vertex 244.625 -2.52539 1.5
      vertex 231.625 -2.52539 1.5
    endloop
  endfacet
  facet normal 0 -1 -0
    outer loop
      vertex 244.625 -2.52539 1.5
      vertex 231.625 -2.52539 0
      vertex 244.625 -2.52539 0
    endloop
  endfacet
  facet normal 0.382368 -0.92401 0
    outer loop
      vertex 231.271 -2.67188 0
      vertex 231.625 -2.52539 1.5
      vertex 231.271 -2.67188 1.5
    endloop
  endfacet
  facet normal 0.382368 -0.92401 0
    outer loop
      vertex 231.625 -2.52539 1.5
      vertex 231.271 -2.67188 0
      vertex 231.625 -2.52539 0
    endloop
  endfacet
  facet normal 0.924275 -0.381727 0
    outer loop
      vertex 231.125 -3.02539 1.5
      vertex 231.271 -2.67188 0
      vertex 231.271 -2.67188 1.5
    endloop
  endfacet
  facet normal 0.924275 -0.381727 0
    outer loop
      vertex 231.271 -2.67188 0
      vertex 231.125 -3.02539 1.5
      vertex 231.125 -3.02539 0
    endloop
  endfacet
  facet normal 1 -0 0
    outer loop
      vertex 231.125 -16.0254 1.5
      vertex 231.125 -3.02539 0
      vertex 231.125 -3.02539 1.5
    endloop
  endfacet
  facet normal 1 0 0
    outer loop
      vertex 231.125 -3.02539 0
      vertex 231.125 -16.0254 1.5
      vertex 231.125 -16.0254 0
    endloop
  endfacet
  facet normal 0.924271 0.381736 0
    outer loop
      vertex 231.271 -16.3789 1.5
      vertex 231.125 -16.0254 0
      vertex 231.125 -16.0254 1.5
    endloop
  endfacet
  facet normal 0.924271 0.381736 0
    outer loop
      vertex 231.125 -16.0254 0
      vertex 231.271 -16.3789 1.5
      vertex 231.271 -16.3789 0
    endloop
  endfacet
  facet normal 0.38239 0.924001 -0
    outer loop
      vertex 231.625 -16.5254 0
      vertex 231.271 -16.3789 1.5
      vertex 231.625 -16.5254 1.5
    endloop
  endfacet
  facet normal 0.38239 0.924001 0
    outer loop
      vertex 231.271 -16.3789 1.5
      vertex 231.625 -16.5254 0
      vertex 231.271 -16.3789 0
    endloop
  endfacet
  facet normal 0 1 -0
    outer loop
      vertex 244.625 -16.5254 0
      vertex 231.625 -16.5254 1.5
      vertex 244.625 -16.5254 1.5
    endloop
  endfacet
  facet normal 0 1 0
    outer loop
      vertex 231.625 -16.5254 1.5
      vertex 244.625 -16.5254 0
      vertex 231.625 -16.5254 0
    endloop
  endfacet
  facet normal -0.38239 0.924001 0
    outer loop
      vertex 244.979 -16.3789 0
      vertex 244.625 -16.5254 1.5
      vertex 244.979 -16.3789 1.5
    endloop
  endfacet
  facet normal -0.38239 0.924001 0
    outer loop
      vertex 244.625 -16.5254 1.5
      vertex 244.979 -16.3789 0
      vertex 244.625 -16.5254 0
    endloop
  endfacet
  facet normal -0.923347 0.383966 0
    outer loop
      vertex 264.028 -16.3789 0
      vertex 264.175 -16.0254 1.5
      vertex 264.175 -16.0254 0
    endloop
  endfacet
  facet normal -0.923347 0.383966 0
    outer loop
      vertex 264.175 -16.0254 1.5
      vertex 264.028 -16.3789 0
      vertex 264.028 -16.3789 1.5
    endloop
  endfacet
  facet normal -1 0 0
    outer loop
      vertex 264.175 -16.0254 0
      vertex 264.175 -3.02539 1.5
      vertex 264.175 -3.02539 0
    endloop
  endfacet
  facet normal -1 -0 0
    outer loop
      vertex 264.175 -3.02539 1.5
      vertex 264.175 -16.0254 0
      vertex 264.175 -16.0254 1.5
    endloop
  endfacet
  facet normal -0.923351 -0.383957 0
    outer loop
      vertex 264.175 -3.02539 0
      vertex 264.028 -2.67188 1.5
      vertex 264.028 -2.67188 0
    endloop
  endfacet
  facet normal -0.923351 -0.383957 0
    outer loop
      vertex 264.028 -2.67188 1.5
      vertex 264.175 -3.02539 0
      vertex 264.175 -3.02539 1.5
    endloop
  endfacet
  facet normal -0.383292 -0.923627 0
    outer loop
      vertex 263.675 -2.52539 0
      vertex 264.028 -2.67188 1.5
      vertex 263.675 -2.52539 1.5
    endloop
  endfacet
  facet normal -0.383292 -0.923627 -0
    outer loop
      vertex 264.028 -2.67188 1.5
      vertex 263.675 -2.52539 0
      vertex 264.028 -2.67188 0
    endloop
  endfacet
  facet normal 0 -1 0
    outer loop
      vertex 250.675 -2.52539 0
      vertex 263.675 -2.52539 1.5
      vertex 250.675 -2.52539 1.5
    endloop
  endfacet
  facet normal 0 -1 -0
    outer loop
      vertex 263.675 -2.52539 1.5
      vertex 250.675 -2.52539 0
      vertex 263.675 -2.52539 0
    endloop
  endfacet
  facet normal 0.382368 -0.92401 0
    outer loop
      vertex 250.321 -2.67188 0
      vertex 250.675 -2.52539 1.5
      vertex 250.321 -2.67188 1.5
    endloop
  endfacet
  facet normal 0.382368 -0.92401 0
    outer loop
      vertex 250.675 -2.52539 1.5
      vertex 250.321 -2.67188 0
      vertex 250.675 -2.52539 0
    endloop
  endfacet
  facet normal 0.924275 -0.381727 0
    outer loop
      vertex 250.175 -3.02539 1.5
      vertex 250.321 -2.67188 0
      vertex 250.321 -2.67188 1.5
    endloop
  endfacet
  facet normal 0.924275 -0.381727 0
    outer loop
      vertex 250.321 -2.67188 0
      vertex 250.175 -3.02539 1.5
      vertex 250.175 -3.02539 0
    endloop
  endfacet
  facet normal 1 -0 0
    outer loop
      vertex 250.175 -16.0254 1.5
      vertex 250.175 -3.02539 0
      vertex 250.175 -3.02539 1.5
    endloop
  endfacet
  facet normal 1 0 0
    outer loop
      vertex 250.175 -3.02539 0
      vertex 250.175 -16.0254 1.5
      vertex 250.175 -16.0254 0
    endloop
  endfacet
  facet normal 0.924271 0.381736 0
    outer loop
      vertex 250.321 -16.3789 1.5
      vertex 250.175 -16.0254 0
      vertex 250.175 -16.0254 1.5
    endloop
  endfacet
  facet normal 0.924271 0.381736 0
    outer loop
      vertex 250.175 -16.0254 0
      vertex 250.321 -16.3789 1.5
      vertex 250.321 -16.3789 0
    endloop
  endfacet
  facet normal 0.38239 0.924001 -0
    outer loop
      vertex 250.675 -16.5254 0
      vertex 250.321 -16.3789 1.5
      vertex 250.675 -16.5254 1.5
    endloop
  endfacet
  facet normal 0.38239 0.924001 0
    outer loop
      vertex 250.321 -16.3789 1.5
      vertex 250.675 -16.5254 0
      vertex 250.321 -16.3789 0
    endloop
  endfacet
  facet normal 0 1 -0
    outer loop
      vertex 263.675 -16.5254 0
      vertex 250.675 -16.5254 1.5
      vertex 263.675 -16.5254 1.5
    endloop
  endfacet
  facet normal 0 1 0
    outer loop
      vertex 250.675 -16.5254 1.5
      vertex 263.675 -16.5254 0
      vertex 250.675 -16.5254 0
    endloop
  endfacet
  facet normal -0.383315 0.923618 0
    outer loop
      vertex 264.028 -16.3789 0
      vertex 263.675 -16.5254 1.5
      vertex 264.028 -16.3789 1.5
    endloop
  endfacet
  facet normal -0.383315 0.923618 0
    outer loop
      vertex 263.675 -16.5254 1.5
      vertex 264.028 -16.3789 0
      vertex 263.675 -16.5254 0
    endloop
  endfacet
  facet normal -0.923347 0.383966 0
    outer loop
      vertex 283.078 -16.3789 0
      vertex 283.225 -16.0254 1.5
      vertex 283.225 -16.0254 0
    endloop
  endfacet
  facet normal -0.923347 0.383966 0
    outer loop
      vertex 283.225 -16.0254 1.5
      vertex 283.078 -16.3789 0
      vertex 283.078 -16.3789 1.5
    endloop
  endfacet
  facet normal -1 0 0
    outer loop
      vertex 283.225 -16.0254 0
      vertex 283.225 -3.02539 1.5
      vertex 283.225 -3.02539 0
    endloop
  endfacet
  facet normal -1 -0 0
    outer loop
      vertex 283.225 -3.02539 1.5
      vertex 283.225 -16.0254 0
      vertex 283.225 -16.0254 1.5
    endloop
  endfacet
  facet normal -0.923351 -0.383957 0
    outer loop
      vertex 283.225 -3.02539 0
      vertex 283.078 -2.67188 1.5
      vertex 283.078 -2.67188 0
    endloop
  endfacet
  facet normal -0.923351 -0.383957 0
    outer loop
      vertex 283.078 -2.67188 1.5
      vertex 283.225 -3.02539 0
      vertex 283.225 -3.02539 1.5
    endloop
  endfacet
  facet normal -0.383292 -0.923627 0
    outer loop
      vertex 282.725 -2.52539 0
      vertex 283.078 -2.67188 1.5
      vertex 282.725 -2.52539 1.5
    endloop
  endfacet
  facet normal -0.383292 -0.923627 -0
    outer loop
      vertex 283.078 -2.67188 1.5
      vertex 282.725 -2.52539 0
      vertex 283.078 -2.67188 0
    endloop
  endfacet
  facet normal 0 -1 0
    outer loop
      vertex 269.725 -2.52539 0
      vertex 282.725 -2.52539 1.5
      vertex 269.725 -2.52539 1.5
    endloop
  endfacet
  facet normal 0 -1 -0
    outer loop
      vertex 282.725 -2.52539 1.5
      vertex 269.725 -2.52539 0
      vertex 282.725 -2.52539 0
    endloop
  endfacet
  facet normal 0.382368 -0.92401 0
    outer loop
      vertex 269.371 -2.67188 0
      vertex 269.725 -2.52539 1.5
      vertex 269.371 -2.67188 1.5
    endloop
  endfacet
  facet normal 0.382368 -0.92401 0
    outer loop
      vertex 269.725 -2.52539 1.5
      vertex 269.371 -2.67188 0
      vertex 269.725 -2.52539 0
    endloop
  endfacet
  facet normal 0.924275 -0.381727 0
    outer loop
      vertex 269.225 -3.02539 1.5
      vertex 269.371 -2.67188 0
      vertex 269.371 -2.67188 1.5
    endloop
  endfacet
  facet normal 0.924275 -0.381727 0
    outer loop
      vertex 269.371 -2.67188 0
      vertex 269.225 -3.02539 1.5
      vertex 269.225 -3.02539 0
    endloop
  endfacet
  facet normal 1 -0 0
    outer loop
      vertex 269.225 -16.0254 1.5
      vertex 269.225 -3.02539 0
      vertex 269.225 -3.02539 1.5
    endloop
  endfacet
  facet normal 1 0 0
    outer loop
      vertex 269.225 -3.02539 0
      vertex 269.225 -16.0254 1.5
      vertex 269.225 -16.0254 0
    endloop
  endfacet
  facet normal 0.924271 0.381736 0
    outer loop
      vertex 269.371 -16.3789 1.5
      vertex 269.225 -16.0254 0
      vertex 269.225 -16.0254 1.5
    endloop
  endfacet
  facet normal 0.924271 0.381736 0
    outer loop
      vertex 269.225 -16.0254 0
      vertex 269.371 -16.3789 1.5
      vertex 269.371 -16.3789 0
    endloop
  endfacet
  facet normal 0.38239 0.924001 -0
    outer loop
      vertex 269.725 -16.5254 0
      vertex 269.371 -16.3789 1.5
      vertex 269.725 -16.5254 1.5
    endloop
  endfacet
  facet normal 0.38239 0.924001 0
    outer loop
      vertex 269.371 -16.3789 1.5
      vertex 269.725 -16.5254 0
      vertex 269.371 -16.3789 0
    endloop
  endfacet
  facet normal 0 1 -0
    outer loop
      vertex 282.725 -16.5254 0
      vertex 269.725 -16.5254 1.5
      vertex 282.725 -16.5254 1.5
    endloop
  endfacet
  facet normal 0 1 0
    outer loop
      vertex 269.725 -16.5254 1.5
      vertex 282.725 -16.5254 0
      vertex 269.725 -16.5254 0
    endloop
  endfacet
  facet normal -0.383315 0.923618 0
    outer loop
      vertex 283.078 -16.3789 0
      vertex 282.725 -16.5254 1.5
      vertex 283.078 -16.3789 1.5
    endloop
  endfacet
  facet normal -0.383315 0.923618 0
    outer loop
      vertex 282.725 -16.5254 1.5
      vertex 283.078 -16.3789 0
      vertex 282.725 -16.5254 0
    endloop
  endfacet
  facet normal -0.924271 0.381736 0
    outer loop
      vertex 302.129 -16.3789 0
      vertex 302.275 -16.0254 1.5
      vertex 302.275 -16.0254 0
    endloop
  endfacet
  facet normal -0.924271 0.381736 0
    outer loop
      vertex 302.275 -16.0254 1.5
      vertex 302.129 -16.3789 0
      vertex 302.129 -16.3789 1.5
    endloop
  endfacet
  facet normal -1 0 0
    outer loop
      vertex 302.275 -16.0254 0
      vertex 302.275 -15.86 1.5
      vertex 302.275 -15.86 0
    endloop
  endfacet
  facet normal -1 -0 0
    outer loop
      vertex 302.275 -15.86 1.5
      vertex 302.275 -16.0254 0
      vertex 302.275 -16.0254 1.5
    endloop
  endfacet
  facet normal -1 0 0
    outer loop
      vertex 302.275 -3.96 0
      vertex 302.275 -3.02539 1.5
      vertex 302.275 -3.02539 0
    endloop
  endfacet
  facet normal -1 -0 0
    outer loop
      vertex 302.275 -3.02539 1.5
      vertex 302.275 -3.96 0
      vertex 302.275 -3.96 1.5
    endloop
  endfacet
  facet normal -0.924275 -0.381727 0
    outer loop
      vertex 302.275 -3.02539 0
      vertex 302.129 -2.67188 1.5
      vertex 302.129 -2.67188 0
    endloop
  endfacet
  facet normal -0.924275 -0.381727 0
    outer loop
      vertex 302.129 -2.67188 1.5
      vertex 302.275 -3.02539 0
      vertex 302.275 -3.02539 1.5
    endloop
  endfacet
  facet normal -0.382368 -0.92401 0
    outer loop
      vertex 301.775 -2.52539 0
      vertex 302.129 -2.67188 1.5
      vertex 301.775 -2.52539 1.5
    endloop
  endfacet
  facet normal -0.382368 -0.92401 -0
    outer loop
      vertex 302.129 -2.67188 1.5
      vertex 301.775 -2.52539 0
      vertex 302.129 -2.67188 0
    endloop
  endfacet
  facet normal 0 -1 0
    outer loop
      vertex 288.775 -2.52539 0
      vertex 301.775 -2.52539 1.5
      vertex 288.775 -2.52539 1.5
    endloop
  endfacet
  facet normal 0 -1 -0
    outer loop
      vertex 301.775 -2.52539 1.5
      vertex 288.775 -2.52539 0
      vertex 301.775 -2.52539 0
    endloop
  endfacet
  facet normal 0.383292 -0.923627 0
    outer loop
      vertex 288.422 -2.67188 0
      vertex 288.775 -2.52539 1.5
      vertex 288.422 -2.67188 1.5
    endloop
  endfacet
  facet normal 0.383292 -0.923627 0
    outer loop
      vertex 288.775 -2.52539 1.5
      vertex 288.422 -2.67188 0
      vertex 288.775 -2.52539 0
    endloop
  endfacet
  facet normal 0.923351 -0.383957 0
    outer loop
      vertex 288.275 -3.02539 1.5
      vertex 288.422 -2.67188 0
      vertex 288.422 -2.67188 1.5
    endloop
  endfacet
  facet normal 0.923351 -0.383957 0
    outer loop
      vertex 288.422 -2.67188 0
      vertex 288.275 -3.02539 1.5
      vertex 288.275 -3.02539 0
    endloop
  endfacet
  facet normal 1 -0 0
    outer loop
      vertex 288.275 -16.0254 1.5
      vertex 288.275 -3.02539 0
      vertex 288.275 -3.02539 1.5
    endloop
  endfacet
  facet normal 1 0 0
    outer loop
      vertex 288.275 -3.02539 0
      vertex 288.275 -16.0254 1.5
      vertex 288.275 -16.0254 0
    endloop
  endfacet
  facet normal 0.923347 0.383966 0
    outer loop
      vertex 288.422 -16.3789 1.5
      vertex 288.275 -16.0254 0
      vertex 288.275 -16.0254 1.5
    endloop
  endfacet
  facet normal 0.923347 0.383966 0
    outer loop
      vertex 288.275 -16.0254 0
      vertex 288.422 -16.3789 1.5
      vertex 288.422 -16.3789 0
    endloop
  endfacet
  facet normal 0.383315 0.923618 -0
    outer loop
      vertex 288.775 -16.5254 0
      vertex 288.422 -16.3789 1.5
      vertex 288.775 -16.5254 1.5
    endloop
  endfacet
  facet normal 0.383315 0.923618 0
    outer loop
      vertex 288.422 -16.3789 1.5
      vertex 288.775 -16.5254 0
      vertex 288.422 -16.3789 0
    endloop
  endfacet
  facet normal 0 1 -0
    outer loop
      vertex 301.775 -16.5254 0
      vertex 288.775 -16.5254 1.5
      vertex 301.775 -16.5254 1.5
    endloop
  endfacet
  facet normal 0 1 0
    outer loop
      vertex 288.775 -16.5254 1.5
      vertex 301.775 -16.5254 0
      vertex 288.775 -16.5254 0
    endloop
  endfacet
  facet normal -0.38239 0.924001 0
    outer loop
      vertex 302.129 -16.3789 0
      vertex 301.775 -16.5254 1.5
      vertex 302.129 -16.3789 1.5
    endloop
  endfacet
  facet normal -0.38239 0.924001 0
    outer loop
      vertex 301.775 -16.5254 1.5
      vertex 302.129 -16.3789 0
      vertex 301.775 -16.5254 0
    endloop
  endfacet
  facet normal -0.92381 0.382852 0
    outer loop
      vertex 16.3789 -16.3789 0
      vertex 16.5254 -16.0254 1.5
      vertex 16.5254 -16.0254 0
    endloop
  endfacet
  facet normal -0.92381 0.382852 0
    outer loop
      vertex 16.5254 -16.0254 1.5
      vertex 16.3789 -16.3789 0
      vertex 16.3789 -16.3789 1.5
    endloop
  endfacet
  facet normal -1 0 0
    outer loop
      vertex 16.5254 -16.0254 0
      vertex 16.5254 -3.02539 1.5
      vertex 16.5254 -3.02539 0
    endloop
  endfacet
  facet normal -1 -0 0
    outer loop
      vertex 16.5254 -3.02539 1.5
      vertex 16.5254 -16.0254 0
      vertex 16.5254 -16.0254 1.5
    endloop
  endfacet
  facet normal -0.923814 -0.382843 0
    outer loop
      vertex 16.5254 -3.02539 0
      vertex 16.3789 -2.67188 1.5
      vertex 16.3789 -2.67188 0
    endloop
  endfacet
  facet normal -0.923814 -0.382843 0
    outer loop
      vertex 16.3789 -2.67188 1.5
      vertex 16.5254 -3.02539 0
      vertex 16.5254 -3.02539 1.5
    endloop
  endfacet
  facet normal -0.38283 -0.923819 0
    outer loop
      vertex 16.0254 -2.52539 0
      vertex 16.3789 -2.67188 1.5
      vertex 16.0254 -2.52539 1.5
    endloop
  endfacet
  facet normal -0.38283 -0.923819 -0
    outer loop
      vertex 16.3789 -2.67188 1.5
      vertex 16.0254 -2.52539 0
      vertex 16.3789 -2.67188 0
    endloop
  endfacet
  facet normal 0 -1 0
    outer loop
      vertex 3.02539 -2.52539 0
      vertex 16.0254 -2.52539 1.5
      vertex 3.02539 -2.52539 1.5
    endloop
  endfacet
  facet normal 0 -1 -0
    outer loop
      vertex 16.0254 -2.52539 1.5
      vertex 3.02539 -2.52539 0
      vertex 16.0254 -2.52539 0
    endloop
  endfacet
  facet normal 0.38282 -0.923823 0
    outer loop
      vertex 2.67188 -2.67188 0
      vertex 3.02539 -2.52539 1.5
      vertex 2.67188 -2.67188 1.5
    endloop
  endfacet
  facet normal 0.38282 -0.923823 0
    outer loop
      vertex 3.02539 -2.52539 1.5
      vertex 2.67188 -2.67188 0
      vertex 3.02539 -2.52539 0
    endloop
  endfacet
  facet normal 0.923823 -0.38282 0
    outer loop
      vertex 2.52539 -3.02539 1.5
      vertex 2.67188 -2.67188 0
      vertex 2.67188 -2.67188 1.5
    endloop
  endfacet
  facet normal 0.923823 -0.38282 0
    outer loop
      vertex 2.67188 -2.67188 0
      vertex 2.52539 -3.02539 1.5
      vertex 2.52539 -3.02539 0
    endloop
  endfacet
  facet normal 1 -0 0
    outer loop
      vertex 2.52539 -16.0254 1.5
      vertex 2.52539 -3.02539 0
      vertex 2.52539 -3.02539 1.5
    endloop
  endfacet
  facet normal 1 0 0
    outer loop
      vertex 2.52539 -3.02539 0
      vertex 2.52539 -16.0254 1.5
      vertex 2.52539 -16.0254 0
    endloop
  endfacet
  facet normal 0.923819 0.38283 0
    outer loop
      vertex 2.67188 -16.3789 1.5
      vertex 2.52539 -16.0254 0
      vertex 2.52539 -16.0254 1.5
    endloop
  endfacet
  facet normal 0.923819 0.38283 0
    outer loop
      vertex 2.52539 -16.0254 0
      vertex 2.67188 -16.3789 1.5
      vertex 2.67188 -16.3789 0
    endloop
  endfacet
  facet normal 0.382843 0.923814 -0
    outer loop
      vertex 3.02539 -16.5254 0
      vertex 2.67188 -16.3789 1.5
      vertex 3.02539 -16.5254 1.5
    endloop
  endfacet
  facet normal 0.382843 0.923814 0
    outer loop
      vertex 2.67188 -16.3789 1.5
      vertex 3.02539 -16.5254 0
      vertex 2.67188 -16.3789 0
    endloop
  endfacet
  facet normal 0 1 -0
    outer loop
      vertex 16.0254 -16.5254 0
      vertex 3.02539 -16.5254 1.5
      vertex 16.0254 -16.5254 1.5
    endloop
  endfacet
  facet normal 0 1 0
    outer loop
      vertex 3.02539 -16.5254 1.5
      vertex 16.0254 -16.5254 0
      vertex 3.02539 -16.5254 0
    endloop
  endfacet
  facet normal -0.382852 0.92381 0
    outer loop
      vertex 16.3789 -16.3789 0
      vertex 16.0254 -16.5254 1.5
      vertex 16.3789 -16.3789 1.5
    endloop
  endfacet
  facet normal -0.382852 0.92381 0
    outer loop
      vertex 16.0254 -16.5254 1.5
      vertex 16.3789 -16.3789 0
      vertex 16.0254 -16.5254 0
    endloop
  endfacet
  facet normal -0.92381 0.382852 0
    outer loop
      vertex 35.4287 -35.4287 0
      vertex 35.5752 -35.0752 1.5
      vertex 35.5752 -35.0752 0
    endloop
  endfacet
  facet normal -0.92381 0.382852 0
    outer loop
      vertex 35.5752 -35.0752 1.5
      vertex 35.4287 -35.4287 0
      vertex 35.4287 -35.4287 1.5
    endloop
  endfacet
  facet normal -1 0 0
    outer loop
      vertex 35.5752 -35.0752 0
      vertex 35.5752 -22.0752 1.5
      vertex 35.5752 -22.0752 0
    endloop
  endfacet
  facet normal -1 -0 0
    outer loop
      vertex 35.5752 -22.0752 1.5
      vertex 35.5752 -35.0752 0
      vertex 35.5752 -35.0752 1.5
    endloop
  endfacet
  facet normal -0.92381 -0.382852 0
    outer loop
      vertex 35.5752 -22.0752 0
      vertex 35.4287 -21.7217 1.5
      vertex 35.4287 -21.7217 0
    endloop
  endfacet
  facet normal -0.92381 -0.382852 0
    outer loop
      vertex 35.4287 -21.7217 1.5
      vertex 35.5752 -22.0752 0
      vertex 35.5752 -22.0752 1.5
    endloop
  endfacet
  facet normal -0.382852 -0.92381 0
    outer loop
      vertex 35.0752 -21.5752 0
      vertex 35.4287 -21.7217 1.5
      vertex 35.0752 -21.5752 1.5
    endloop
  endfacet
  facet normal -0.382852 -0.92381 -0
    outer loop
      vertex 35.4287 -21.7217 1.5
      vertex 35.0752 -21.5752 0
      vertex 35.4287 -21.7217 0
    endloop
  endfacet
  facet normal 0 -1 0
    outer loop
      vertex 22.0752 -21.5752 0
      vertex 35.0752 -21.5752 1.5
      vertex 22.0752 -21.5752 1.5
    endloop
  endfacet
  facet normal 0 -1 -0
    outer loop
      vertex 35.0752 -21.5752 1.5
      vertex 22.0752 -21.5752 0
      vertex 35.0752 -21.5752 0
    endloop
  endfacet
  facet normal 0.382852 -0.92381 0
    outer loop
      vertex 21.7217 -21.7217 0
      vertex 22.0752 -21.5752 1.5
      vertex 21.7217 -21.7217 1.5
    endloop
  endfacet
  facet normal 0.382852 -0.92381 0
    outer loop
      vertex 22.0752 -21.5752 1.5
      vertex 21.7217 -21.7217 0
      vertex 22.0752 -21.5752 0
    endloop
  endfacet
  facet normal 0.92381 -0.382852 0
    outer loop
      vertex 21.5752 -22.0752 1.5
      vertex 21.7217 -21.7217 0
      vertex 21.7217 -21.7217 1.5
    endloop
  endfacet
  facet normal 0.92381 -0.382852 0
    outer loop
      vertex 21.7217 -21.7217 0
      vertex 21.5752 -22.0752 1.5
      vertex 21.5752 -22.0752 0
    endloop
  endfacet
  facet normal 1 -0 0
    outer loop
      vertex 21.5752 -35.0752 1.5
      vertex 21.5752 -22.0752 0
      vertex 21.5752 -22.0752 1.5
    endloop
  endfacet
  facet normal 1 0 0
    outer loop
      vertex 21.5752 -22.0752 0
      vertex 21.5752 -35.0752 1.5
      vertex 21.5752 -35.0752 0
    endloop
  endfacet
  facet normal 0.92381 0.382852 0
    outer loop
      vertex 21.7217 -35.4287 1.5
      vertex 21.5752 -35.0752 0
      vertex 21.5752 -35.0752 1.5
    endloop
  endfacet
  facet normal 0.92381 0.382852 0
    outer loop
      vertex 21.5752 -35.0752 0
      vertex 21.7217 -35.4287 1.5
      vertex 21.7217 -35.4287 0
    endloop
  endfacet
  facet normal 0.382852 0.92381 -0
    outer loop
      vertex 22.0752 -35.5752 0
      vertex 21.7217 -35.4287 1.5
      vertex 22.0752 -35.5752 1.5
    endloop
  endfacet
  facet normal 0.382852 0.92381 0
    outer loop
      vertex 21.7217 -35.4287 1.5
      vertex 22.0752 -35.5752 0
      vertex 21.7217 -35.4287 0
    endloop
  endfacet
  facet normal 0 1 -0
    outer loop
      vertex 35.0752 -35.5752 0
      vertex 22.0752 -35.5752 1.5
      vertex 35.0752 -35.5752 1.5
    endloop
  endfacet
  facet normal 0 1 0
    outer loop
      vertex 22.0752 -35.5752 1.5
      vertex 35.0752 -35.5752 0
      vertex 22.0752 -35.5752 0
    endloop
  endfacet
  facet normal -0.382852 0.92381 0
    outer loop
      vertex 35.4287 -35.4287 0
      vertex 35.0752 -35.5752 1.5
      vertex 35.4287 -35.4287 1.5
    endloop
  endfacet
  facet normal -0.382852 0.92381 0
    outer loop
      vertex 35.0752 -35.5752 1.5
      vertex 35.4287 -35.4287 0
      vertex 35.0752 -35.5752 0
    endloop
  endfacet
  facet normal -0.92381 0.382852 0
    outer loop
      vertex 16.3789 -35.4287 0
      vertex 16.5254 -35.0752 1.5
      vertex 16.5254 -35.0752 0
    endloop
  endfacet
  facet normal -0.92381 0.382852 0
    outer loop
      vertex 16.5254 -35.0752 1.5
      vertex 16.3789 -35.4287 0
      vertex 16.3789 -35.4287 1.5
    endloop
  endfacet
  facet normal -1 0 0
    outer loop
      vertex 16.5254 -35.0752 0
      vertex 16.5254 -22.0752 1.5
      vertex 16.5254 -22.0752 0
    endloop
  endfacet
  facet normal -1 -0 0
    outer loop
      vertex 16.5254 -22.0752 1.5
      vertex 16.5254 -35.0752 0
      vertex 16.5254 -35.0752 1.5
    endloop
  endfacet
  facet normal -0.92381 -0.382852 0
    outer loop
      vertex 16.5254 -22.0752 0
      vertex 16.3789 -21.7217 1.5
      vertex 16.3789 -21.7217 0
    endloop
  endfacet
  facet normal -0.92381 -0.382852 0
    outer loop
      vertex 16.3789 -21.7217 1.5
      vertex 16.5254 -22.0752 0
      vertex 16.5254 -22.0752 1.5
    endloop
  endfacet
  facet normal -0.382852 -0.92381 0
    outer loop
      vertex 16.0254 -21.5752 0
      vertex 16.3789 -21.7217 1.5
      vertex 16.0254 -21.5752 1.5
    endloop
  endfacet
  facet normal -0.382852 -0.92381 -0
    outer loop
      vertex 16.3789 -21.7217 1.5
      vertex 16.0254 -21.5752 0
      vertex 16.3789 -21.7217 0
    endloop
  endfacet
  facet normal 0 -1 0
    outer loop
      vertex 3.02539 -21.5752 0
      vertex 16.0254 -21.5752 1.5
      vertex 3.02539 -21.5752 1.5
    endloop
  endfacet
  facet normal 0 -1 -0
    outer loop
      vertex 16.0254 -21.5752 1.5
      vertex 3.02539 -21.5752 0
      vertex 16.0254 -21.5752 0
    endloop
  endfacet
  facet normal 0.382843 -0.923814 0
    outer loop
      vertex 2.67188 -21.7217 0
      vertex 3.02539 -21.5752 1.5
      vertex 2.67188 -21.7217 1.5
    endloop
  endfacet
  facet normal 0.382843 -0.923814 0
    outer loop
      vertex 3.02539 -21.5752 1.5
      vertex 2.67188 -21.7217 0
      vertex 3.02539 -21.5752 0
    endloop
  endfacet
  facet normal 0.923819 -0.38283 0
    outer loop
      vertex 2.52539 -22.0752 1.5
      vertex 2.67188 -21.7217 0
      vertex 2.67188 -21.7217 1.5
    endloop
  endfacet
  facet normal 0.923819 -0.38283 0
    outer loop
      vertex 2.67188 -21.7217 0
      vertex 2.52539 -22.0752 1.5
      vertex 2.52539 -22.0752 0
    endloop
  endfacet
  facet normal 1 -0 0
    outer loop
      vertex 2.52539 -35.0752 1.5
      vertex 2.52539 -22.0752 0
      vertex 2.52539 -22.0752 1.5
    endloop
  endfacet
  facet normal 1 0 0
    outer loop
      vertex 2.52539 -22.0752 0
      vertex 2.52539 -35.0752 1.5
      vertex 2.52539 -35.0752 0
    endloop
  endfacet
  facet normal 0.923819 0.38283 0
    outer loop
      vertex 2.67188 -35.4287 1.5
      vertex 2.52539 -35.0752 0
      vertex 2.52539 -35.0752 1.5
    endloop
  endfacet
  facet normal 0.923819 0.38283 0
    outer loop
      vertex 2.52539 -35.0752 0
      vertex 2.67188 -35.4287 1.5
      vertex 2.67188 -35.4287 0
    endloop
  endfacet
  facet normal 0.382843 0.923814 -0
    outer loop
      vertex 3.02539 -35.5752 0
      vertex 2.67188 -35.4287 1.5
      vertex 3.02539 -35.5752 1.5
    endloop
  endfacet
  facet normal 0.382843 0.923814 0
    outer loop
      vertex 2.67188 -35.4287 1.5
      vertex 3.02539 -35.5752 0
      vertex 2.67188 -35.4287 0
    endloop
  endfacet
  facet normal 0 1 -0
    outer loop
      vertex 16.0254 -35.5752 0
      vertex 3.02539 -35.5752 1.5
      vertex 16.0254 -35.5752 1.5
    endloop
  endfacet
  facet normal 0 1 0
    outer loop
      vertex 3.02539 -35.5752 1.5
      vertex 16.0254 -35.5752 0
      vertex 3.02539 -35.5752 0
    endloop
  endfacet
  facet normal -0.382852 0.92381 0
    outer loop
      vertex 16.3789 -35.4287 0
      vertex 16.0254 -35.5752 1.5
      vertex 16.3789 -35.4287 1.5
    endloop
  endfacet
  facet normal -0.382852 0.92381 0
    outer loop
      vertex 16.0254 -35.5752 1.5
      vertex 16.3789 -35.4287 0
      vertex 16.0254 -35.5752 0
    endloop
  endfacet
  facet normal -0.92381 0.382852 0
    outer loop
      vertex 73.5283 -35.4287 0
      vertex 73.6748 -35.0752 1.5
      vertex 73.6748 -35.0752 0
    endloop
  endfacet
  facet normal -0.92381 0.382852 0
    outer loop
      vertex 73.6748 -35.0752 1.5
      vertex 73.5283 -35.4287 0
      vertex 73.5283 -35.4287 1.5
    endloop
  endfacet
  facet normal -1 0 0
    outer loop
      vertex 73.6748 -35.0752 0
      vertex 73.6748 -22.0752 1.5
      vertex 73.6748 -22.0752 0
    endloop
  endfacet
  facet normal -1 -0 0
    outer loop
      vertex 73.6748 -22.0752 1.5
      vertex 73.6748 -35.0752 0
      vertex 73.6748 -35.0752 1.5
    endloop
  endfacet
  facet normal -0.92381 -0.382852 0
    outer loop
      vertex 73.6748 -22.0752 0
      vertex 73.5283 -21.7217 1.5
      vertex 73.5283 -21.7217 0
    endloop
  endfacet
  facet normal -0.92381 -0.382852 0
    outer loop
      vertex 73.5283 -21.7217 1.5
      vertex 73.6748 -22.0752 0
      vertex 73.6748 -22.0752 1.5
    endloop
  endfacet
  facet normal -0.382852 -0.92381 0
    outer loop
      vertex 73.1748 -21.5752 0
      vertex 73.5283 -21.7217 1.5
      vertex 73.1748 -21.5752 1.5
    endloop
  endfacet
  facet normal -0.382852 -0.92381 -0
    outer loop
      vertex 73.5283 -21.7217 1.5
      vertex 73.1748 -21.5752 0
      vertex 73.5283 -21.7217 0
    endloop
  endfacet
  facet normal 0 -1 0
    outer loop
      vertex 60.1748 -21.5752 0
      vertex 73.1748 -21.5752 1.5
      vertex 60.1748 -21.5752 1.5
    endloop
  endfacet
  facet normal 0 -1 -0
    outer loop
      vertex 73.1748 -21.5752 1.5
      vertex 60.1748 -21.5752 0
      vertex 73.1748 -21.5752 0
    endloop
  endfacet
  facet normal 0.382852 -0.92381 0
    outer loop
      vertex 59.8213 -21.7217 0
      vertex 60.1748 -21.5752 1.5
      vertex 59.8213 -21.7217 1.5
    endloop
  endfacet
  facet normal 0.382852 -0.92381 0
    outer loop
      vertex 60.1748 -21.5752 1.5
      vertex 59.8213 -21.7217 0
      vertex 60.1748 -21.5752 0
    endloop
  endfacet
  facet normal 0.92381 -0.382852 0
    outer loop
      vertex 59.6748 -22.0752 1.5
      vertex 59.8213 -21.7217 0
      vertex 59.8213 -21.7217 1.5
    endloop
  endfacet
  facet normal 0.92381 -0.382852 0
    outer loop
      vertex 59.8213 -21.7217 0
      vertex 59.6748 -22.0752 1.5
      vertex 59.6748 -22.0752 0
    endloop
  endfacet
  facet normal 1 -0 0
    outer loop
      vertex 59.6748 -35.0752 1.5
      vertex 59.6748 -22.0752 0
      vertex 59.6748 -22.0752 1.5
    endloop
  endfacet
  facet normal 1 0 0
    outer loop
      vertex 59.6748 -22.0752 0
      vertex 59.6748 -35.0752 1.5
      vertex 59.6748 -35.0752 0
    endloop
  endfacet
  facet normal 0.92381 0.382852 0
    outer loop
      vertex 59.8213 -35.4287 1.5
      vertex 59.6748 -35.0752 0
      vertex 59.6748 -35.0752 1.5
    endloop
  endfacet
  facet normal 0.92381 0.382852 0
    outer loop
      vertex 59.6748 -35.0752 0
      vertex 59.8213 -35.4287 1.5
      vertex 59.8213 -35.4287 0
    endloop
  endfacet
  facet normal 0.382852 0.92381 -0
    outer loop
      vertex 60.1748 -35.5752 0
      vertex 59.8213 -35.4287 1.5
      vertex 60.1748 -35.5752 1.5
    endloop
  endfacet
  facet normal 0.382852 0.92381 0
    outer loop
      vertex 59.8213 -35.4287 1.5
      vertex 60.1748 -35.5752 0
      vertex 59.8213 -35.4287 0
    endloop
  endfacet
  facet normal 0 1 -0
    outer loop
      vertex 73.1748 -35.5752 0
      vertex 60.1748 -35.5752 1.5
      vertex 73.1748 -35.5752 1.5
    endloop
  endfacet
  facet normal 0 1 0
    outer loop
      vertex 60.1748 -35.5752 1.5
      vertex 73.1748 -35.5752 0
      vertex 60.1748 -35.5752 0
    endloop
  endfacet
  facet normal -0.382852 0.92381 0
    outer loop
      vertex 73.5283 -35.4287 0
      vertex 73.1748 -35.5752 1.5
      vertex 73.5283 -35.4287 1.5
    endloop
  endfacet
  facet normal -0.382852 0.92381 0
    outer loop
      vertex 73.1748 -35.5752 1.5
      vertex 73.5283 -35.4287 0
      vertex 73.1748 -35.5752 0
    endloop
  endfacet
  facet normal -0.92381 0.382852 0
    outer loop
      vertex 92.5781 -35.4287 0
      vertex 92.7246 -35.0752 1.5
      vertex 92.7246 -35.0752 0
    endloop
  endfacet
  facet normal -0.92381 0.382852 0
    outer loop
      vertex 92.7246 -35.0752 1.5
      vertex 92.5781 -35.4287 0
      vertex 92.5781 -35.4287 1.5
    endloop
  endfacet
  facet normal -1 0 0
    outer loop
      vertex 92.7246 -35.0752 0
      vertex 92.7246 -22.0752 1.5
      vertex 92.7246 -22.0752 0
    endloop
  endfacet
  facet normal -1 -0 0
    outer loop
      vertex 92.7246 -22.0752 1.5
      vertex 92.7246 -35.0752 0
      vertex 92.7246 -35.0752 1.5
    endloop
  endfacet
  facet normal -0.92381 -0.382852 0
    outer loop
      vertex 92.7246 -22.0752 0
      vertex 92.5781 -21.7217 1.5
      vertex 92.5781 -21.7217 0
    endloop
  endfacet
  facet normal -0.92381 -0.382852 0
    outer loop
      vertex 92.5781 -21.7217 1.5
      vertex 92.7246 -22.0752 0
      vertex 92.7246 -22.0752 1.5
    endloop
  endfacet
  facet normal -0.382852 -0.92381 0
    outer loop
      vertex 92.2246 -21.5752 0
      vertex 92.5781 -21.7217 1.5
      vertex 92.2246 -21.5752 1.5
    endloop
  endfacet
  facet normal -0.382852 -0.92381 -0
    outer loop
      vertex 92.5781 -21.7217 1.5
      vertex 92.2246 -21.5752 0
      vertex 92.5781 -21.7217 0
    endloop
  endfacet
  facet normal 0 -1 0
    outer loop
      vertex 79.2246 -21.5752 0
      vertex 92.2246 -21.5752 1.5
      vertex 79.2246 -21.5752 1.5
    endloop
  endfacet
  facet normal 0 -1 -0
    outer loop
      vertex 92.2246 -21.5752 1.5
      vertex 79.2246 -21.5752 0
      vertex 92.2246 -21.5752 0
    endloop
  endfacet
  facet normal 0.382852 -0.92381 0
    outer loop
      vertex 78.8711 -21.7217 0
      vertex 79.2246 -21.5752 1.5
      vertex 78.8711 -21.7217 1.5
    endloop
  endfacet
  facet normal 0.382852 -0.92381 0
    outer loop
      vertex 79.2246 -21.5752 1.5
      vertex 78.8711 -21.7217 0
      vertex 79.2246 -21.5752 0
    endloop
  endfacet
  facet normal 0.92381 -0.382852 0
    outer loop
      vertex 78.7246 -22.0752 1.5
      vertex 78.8711 -21.7217 0
      vertex 78.8711 -21.7217 1.5
    endloop
  endfacet
  facet normal 0.92381 -0.382852 0
    outer loop
      vertex 78.8711 -21.7217 0
      vertex 78.7246 -22.0752 1.5
      vertex 78.7246 -22.0752 0
    endloop
  endfacet
  facet normal 1 -0 0
    outer loop
      vertex 78.7246 -35.0752 1.5
      vertex 78.7246 -22.0752 0
      vertex 78.7246 -22.0752 1.5
    endloop
  endfacet
  facet normal 1 0 0
    outer loop
      vertex 78.7246 -22.0752 0
      vertex 78.7246 -35.0752 1.5
      vertex 78.7246 -35.0752 0
    endloop
  endfacet
  facet normal 0.92381 0.382852 0
    outer loop
      vertex 78.8711 -35.4287 1.5
      vertex 78.7246 -35.0752 0
      vertex 78.7246 -35.0752 1.5
    endloop
  endfacet
  facet normal 0.92381 0.382852 0
    outer loop
      vertex 78.7246 -35.0752 0
      vertex 78.8711 -35.4287 1.5
      vertex 78.8711 -35.4287 0
    endloop
  endfacet
  facet normal 0.382852 0.92381 -0
    outer loop
      vertex 79.2246 -35.5752 0
      vertex 78.8711 -35.4287 1.5
      vertex 79.2246 -35.5752 1.5
    endloop
  endfacet
  facet normal 0.382852 0.92381 0
    outer loop
      vertex 78.8711 -35.4287 1.5
      vertex 79.2246 -35.5752 0
      vertex 78.8711 -35.4287 0
    endloop
  endfacet
  facet normal 0 1 -0
    outer loop
      vertex 92.2246 -35.5752 0
      vertex 79.2246 -35.5752 1.5
      vertex 92.2246 -35.5752 1.5
    endloop
  endfacet
  facet normal 0 1 0
    outer loop
      vertex 79.2246 -35.5752 1.5
      vertex 92.2246 -35.5752 0
      vertex 79.2246 -35.5752 0
    endloop
  endfacet
  facet normal -0.382852 0.92381 0
    outer loop
      vertex 92.5781 -35.4287 0
      vertex 92.2246 -35.5752 1.5
      vertex 92.5781 -35.4287 1.5
    endloop
  endfacet
  facet normal -0.382852 0.92381 0
    outer loop
      vertex 92.2246 -35.5752 1.5
      vertex 92.5781 -35.4287 0
      vertex 92.2246 -35.5752 0
    endloop
  endfacet
  facet normal -0.924271 0.381736 0
    outer loop
      vertex 111.629 -35.4287 0
      vertex 111.775 -35.0752 1.5
      vertex 111.775 -35.0752 0
    endloop
  endfacet
  facet normal -0.924271 0.381736 0
    outer loop
      vertex 111.775 -35.0752 1.5
      vertex 111.629 -35.4287 0
      vertex 111.629 -35.4287 1.5
    endloop
  endfacet
  facet normal -1 0 0
    outer loop
      vertex 111.775 -35.0752 0
      vertex 111.775 -22.0752 1.5
      vertex 111.775 -22.0752 0
    endloop
  endfacet
  facet normal -1 -0 0
    outer loop
      vertex 111.775 -22.0752 1.5
      vertex 111.775 -35.0752 0
      vertex 111.775 -35.0752 1.5
    endloop
  endfacet
  facet normal -0.924271 -0.381736 0
    outer loop
      vertex 111.775 -22.0752 0
      vertex 111.629 -21.7217 1.5
      vertex 111.629 -21.7217 0
    endloop
  endfacet
  facet normal -0.924271 -0.381736 0
    outer loop
      vertex 111.629 -21.7217 1.5
      vertex 111.775 -22.0752 0
      vertex 111.775 -22.0752 1.5
    endloop
  endfacet
  facet normal -0.38239 -0.924001 0
    outer loop
      vertex 111.275 -21.5752 0
      vertex 111.629 -21.7217 1.5
      vertex 111.275 -21.5752 1.5
    endloop
  endfacet
  facet normal -0.38239 -0.924001 -0
    outer loop
      vertex 111.629 -21.7217 1.5
      vertex 111.275 -21.5752 0
      vertex 111.629 -21.7217 0
    endloop
  endfacet
  facet normal 0 -1 0
    outer loop
      vertex 98.2754 -21.5752 0
      vertex 111.275 -21.5752 1.5
      vertex 98.2754 -21.5752 1.5
    endloop
  endfacet
  facet normal 0 -1 -0
    outer loop
      vertex 111.275 -21.5752 1.5
      vertex 98.2754 -21.5752 0
      vertex 111.275 -21.5752 0
    endloop
  endfacet
  facet normal 0.382852 -0.92381 0
    outer loop
      vertex 97.9219 -21.7217 0
      vertex 98.2754 -21.5752 1.5
      vertex 97.9219 -21.7217 1.5
    endloop
  endfacet
  facet normal 0.382852 -0.92381 0
    outer loop
      vertex 98.2754 -21.5752 1.5
      vertex 97.9219 -21.7217 0
      vertex 98.2754 -21.5752 0
    endloop
  endfacet
  facet normal 0.92381 -0.382852 0
    outer loop
      vertex 97.7754 -22.0752 1.5
      vertex 97.9219 -21.7217 0
      vertex 97.9219 -21.7217 1.5
    endloop
  endfacet
  facet normal 0.92381 -0.382852 0
    outer loop
      vertex 97.9219 -21.7217 0
      vertex 97.7754 -22.0752 1.5
      vertex 97.7754 -22.0752 0
    endloop
  endfacet
  facet normal 1 -0 0
    outer loop
      vertex 97.7754 -35.0752 1.5
      vertex 97.7754 -22.0752 0
      vertex 97.7754 -22.0752 1.5
    endloop
  endfacet
  facet normal 1 0 0
    outer loop
      vertex 97.7754 -22.0752 0
      vertex 97.7754 -35.0752 1.5
      vertex 97.7754 -35.0752 0
    endloop
  endfacet
  facet normal 0.92381 0.382852 0
    outer loop
      vertex 97.9219 -35.4287 1.5
      vertex 97.7754 -35.0752 0
      vertex 97.7754 -35.0752 1.5
    endloop
  endfacet
  facet normal 0.92381 0.382852 0
    outer loop
      vertex 97.7754 -35.0752 0
      vertex 97.9219 -35.4287 1.5
      vertex 97.9219 -35.4287 0
    endloop
  endfacet
  facet normal 0.382852 0.92381 -0
    outer loop
      vertex 98.2754 -35.5752 0
      vertex 97.9219 -35.4287 1.5
      vertex 98.2754 -35.5752 1.5
    endloop
  endfacet
  facet normal 0.382852 0.92381 0
    outer loop
      vertex 97.9219 -35.4287 1.5
      vertex 98.2754 -35.5752 0
      vertex 97.9219 -35.4287 0
    endloop
  endfacet
  facet normal 0 1 -0
    outer loop
      vertex 111.275 -35.5752 0
      vertex 98.2754 -35.5752 1.5
      vertex 111.275 -35.5752 1.5
    endloop
  endfacet
  facet normal 0 1 0
    outer loop
      vertex 98.2754 -35.5752 1.5
      vertex 111.275 -35.5752 0
      vertex 98.2754 -35.5752 0
    endloop
  endfacet
  facet normal -0.38239 0.924001 0
    outer loop
      vertex 111.629 -35.4287 0
      vertex 111.275 -35.5752 1.5
      vertex 111.629 -35.4287 1.5
    endloop
  endfacet
  facet normal -0.38239 0.924001 0
    outer loop
      vertex 111.275 -35.5752 1.5
      vertex 111.629 -35.4287 0
      vertex 111.275 -35.5752 0
    endloop
  endfacet
  facet normal -0.924271 0.381736 0
    outer loop
      vertex 130.679 -35.4287 0
      vertex 130.825 -35.0752 1.5
      vertex 130.825 -35.0752 0
    endloop
  endfacet
  facet normal -0.924271 0.381736 0
    outer loop
      vertex 130.825 -35.0752 1.5
      vertex 130.679 -35.4287 0
      vertex 130.679 -35.4287 1.5
    endloop
  endfacet
  facet normal -1 0 0
    outer loop
      vertex 130.825 -35.0752 0
      vertex 130.825 -22.0752 1.5
      vertex 130.825 -22.0752 0
    endloop
  endfacet
  facet normal -1 -0 0
    outer loop
      vertex 130.825 -22.0752 1.5
      vertex 130.825 -35.0752 0
      vertex 130.825 -35.0752 1.5
    endloop
  endfacet
  facet normal -0.924271 -0.381736 0
    outer loop
      vertex 130.825 -22.0752 0
      vertex 130.679 -21.7217 1.5
      vertex 130.679 -21.7217 0
    endloop
  endfacet
  facet normal -0.924271 -0.381736 0
    outer loop
      vertex 130.679 -21.7217 1.5
      vertex 130.825 -22.0752 0
      vertex 130.825 -22.0752 1.5
    endloop
  endfacet
  facet normal -0.38239 -0.924001 0
    outer loop
      vertex 130.325 -21.5752 0
      vertex 130.679 -21.7217 1.5
      vertex 130.325 -21.5752 1.5
    endloop
  endfacet
  facet normal -0.38239 -0.924001 -0
    outer loop
      vertex 130.679 -21.7217 1.5
      vertex 130.325 -21.5752 0
      vertex 130.679 -21.7217 0
    endloop
  endfacet
  facet normal 0 -1 0
    outer loop
      vertex 117.325 -21.5752 0
      vertex 130.325 -21.5752 1.5
      vertex 117.325 -21.5752 1.5
    endloop
  endfacet
  facet normal 0 -1 -0
    outer loop
      vertex 130.325 -21.5752 1.5
      vertex 117.325 -21.5752 0
      vertex 130.325 -21.5752 0
    endloop
  endfacet
  facet normal 0.383315 -0.923618 0
    outer loop
      vertex 116.972 -21.7217 0
      vertex 117.325 -21.5752 1.5
      vertex 116.972 -21.7217 1.5
    endloop
  endfacet
  facet normal 0.383315 -0.923618 0
    outer loop
      vertex 117.325 -21.5752 1.5
      vertex 116.972 -21.7217 0
      vertex 117.325 -21.5752 0
    endloop
  endfacet
  facet normal 0.923347 -0.383966 0
    outer loop
      vertex 116.825 -22.0752 1.5
      vertex 116.972 -21.7217 0
      vertex 116.972 -21.7217 1.5
    endloop
  endfacet
  facet normal 0.923347 -0.383966 0
    outer loop
      vertex 116.972 -21.7217 0
      vertex 116.825 -22.0752 1.5
      vertex 116.825 -22.0752 0
    endloop
  endfacet
  facet normal 1 -0 0
    outer loop
      vertex 116.825 -35.0752 1.5
      vertex 116.825 -22.0752 0
      vertex 116.825 -22.0752 1.5
    endloop
  endfacet
  facet normal 1 0 0
    outer loop
      vertex 116.825 -22.0752 0
      vertex 116.825 -35.0752 1.5
      vertex 116.825 -35.0752 0
    endloop
  endfacet
  facet normal 0.923347 0.383966 0
    outer loop
      vertex 116.972 -35.4287 1.5
      vertex 116.825 -35.0752 0
      vertex 116.825 -35.0752 1.5
    endloop
  endfacet
  facet normal 0.923347 0.383966 0
    outer loop
      vertex 116.825 -35.0752 0
      vertex 116.972 -35.4287 1.5
      vertex 116.972 -35.4287 0
    endloop
  endfacet
  facet normal 0.383315 0.923618 -0
    outer loop
      vertex 117.325 -35.5752 0
      vertex 116.972 -35.4287 1.5
      vertex 117.325 -35.5752 1.5
    endloop
  endfacet
  facet normal 0.383315 0.923618 0
    outer loop
      vertex 116.972 -35.4287 1.5
      vertex 117.325 -35.5752 0
      vertex 116.972 -35.4287 0
    endloop
  endfacet
  facet normal 0 1 -0
    outer loop
      vertex 130.325 -35.5752 0
      vertex 117.325 -35.5752 1.5
      vertex 130.325 -35.5752 1.5
    endloop
  endfacet
  facet normal 0 1 0
    outer loop
      vertex 117.325 -35.5752 1.5
      vertex 130.325 -35.5752 0
      vertex 117.325 -35.5752 0
    endloop
  endfacet
  facet normal -0.38239 0.924001 0
    outer loop
      vertex 130.679 -35.4287 0
      vertex 130.325 -35.5752 1.5
      vertex 130.679 -35.4287 1.5
    endloop
  endfacet
  facet normal -0.38239 0.924001 0
    outer loop
      vertex 130.325 -35.5752 1.5
      vertex 130.679 -35.4287 0
      vertex 130.325 -35.5752 0
    endloop
  endfacet
  facet normal -0.924271 0.381736 0
    outer loop
      vertex 149.729 -35.4287 0
      vertex 149.875 -35.0752 1.5
      vertex 149.875 -35.0752 0
    endloop
  endfacet
  facet normal -0.924271 0.381736 0
    outer loop
      vertex 149.875 -35.0752 1.5
      vertex 149.729 -35.4287 0
      vertex 149.729 -35.4287 1.5
    endloop
  endfacet
  facet normal -1 0 0
    outer loop
      vertex 149.875 -35.0752 0
      vertex 149.875 -22.0752 1.5
      vertex 149.875 -22.0752 0
    endloop
  endfacet
  facet normal -1 -0 0
    outer loop
      vertex 149.875 -22.0752 1.5
      vertex 149.875 -35.0752 0
      vertex 149.875 -35.0752 1.5
    endloop
  endfacet
  facet normal -0.924271 -0.381736 0
    outer loop
      vertex 149.875 -22.0752 0
      vertex 149.729 -21.7217 1.5
      vertex 149.729 -21.7217 0
    endloop
  endfacet
  facet normal -0.924271 -0.381736 0
    outer loop
      vertex 149.729 -21.7217 1.5
      vertex 149.875 -22.0752 0
      vertex 149.875 -22.0752 1.5
    endloop
  endfacet
  facet normal -0.38239 -0.924001 0
    outer loop
      vertex 149.375 -21.5752 0
      vertex 149.729 -21.7217 1.5
      vertex 149.375 -21.5752 1.5
    endloop
  endfacet
  facet normal -0.38239 -0.924001 -0
    outer loop
      vertex 149.729 -21.7217 1.5
      vertex 149.375 -21.5752 0
      vertex 149.729 -21.7217 0
    endloop
  endfacet
  facet normal 0 -1 0
    outer loop
      vertex 136.375 -21.5752 0
      vertex 149.375 -21.5752 1.5
      vertex 136.375 -21.5752 1.5
    endloop
  endfacet
  facet normal 0 -1 -0
    outer loop
      vertex 149.375 -21.5752 1.5
      vertex 136.375 -21.5752 0
      vertex 149.375 -21.5752 0
    endloop
  endfacet
  facet normal 0.38239 -0.924001 0
    outer loop
      vertex 136.021 -21.7217 0
      vertex 136.375 -21.5752 1.5
      vertex 136.021 -21.7217 1.5
    endloop
  endfacet
  facet normal 0.38239 -0.924001 0
    outer loop
      vertex 136.375 -21.5752 1.5
      vertex 136.021 -21.7217 0
      vertex 136.375 -21.5752 0
    endloop
  endfacet
  facet normal 0.924271 -0.381736 0
    outer loop
      vertex 135.875 -22.0752 1.5
      vertex 136.021 -21.7217 0
      vertex 136.021 -21.7217 1.5
    endloop
  endfacet
  facet normal 0.924271 -0.381736 0
    outer loop
      vertex 136.021 -21.7217 0
      vertex 135.875 -22.0752 1.5
      vertex 135.875 -22.0752 0
    endloop
  endfacet
  facet normal 1 -0 0
    outer loop
      vertex 135.875 -35.0752 1.5
      vertex 135.875 -22.0752 0
      vertex 135.875 -22.0752 1.5
    endloop
  endfacet
  facet normal 1 0 0
    outer loop
      vertex 135.875 -22.0752 0
      vertex 135.875 -35.0752 1.5
      vertex 135.875 -35.0752 0
    endloop
  endfacet
  facet normal 0.924271 0.381736 0
    outer loop
      vertex 136.021 -35.4287 1.5
      vertex 135.875 -35.0752 0
      vertex 135.875 -35.0752 1.5
    endloop
  endfacet
  facet normal 0.924271 0.381736 0
    outer loop
      vertex 135.875 -35.0752 0
      vertex 136.021 -35.4287 1.5
      vertex 136.021 -35.4287 0
    endloop
  endfacet
  facet normal 0.38239 0.924001 -0
    outer loop
      vertex 136.375 -35.5752 0
      vertex 136.021 -35.4287 1.5
      vertex 136.375 -35.5752 1.5
    endloop
  endfacet
  facet normal 0.38239 0.924001 0
    outer loop
      vertex 136.021 -35.4287 1.5
      vertex 136.375 -35.5752 0
      vertex 136.021 -35.4287 0
    endloop
  endfacet
  facet normal 0 1 -0
    outer loop
      vertex 149.375 -35.5752 0
      vertex 136.375 -35.5752 1.5
      vertex 149.375 -35.5752 1.5
    endloop
  endfacet
  facet normal 0 1 0
    outer loop
      vertex 136.375 -35.5752 1.5
      vertex 149.375 -35.5752 0
      vertex 136.375 -35.5752 0
    endloop
  endfacet
  facet normal -0.38239 0.924001 0
    outer loop
      vertex 149.729 -35.4287 0
      vertex 149.375 -35.5752 1.5
      vertex 149.729 -35.4287 1.5
    endloop
  endfacet
  facet normal -0.38239 0.924001 0
    outer loop
      vertex 149.375 -35.5752 1.5
      vertex 149.729 -35.4287 0
      vertex 149.375 -35.5752 0
    endloop
  endfacet
  facet normal -0.923347 0.383966 0
    outer loop
      vertex 168.778 -35.4287 0
      vertex 168.925 -35.0752 1.5
      vertex 168.925 -35.0752 0
    endloop
  endfacet
  facet normal -0.923347 0.383966 0
    outer loop
      vertex 168.925 -35.0752 1.5
      vertex 168.778 -35.4287 0
      vertex 168.778 -35.4287 1.5
    endloop
  endfacet
  facet normal -1 0 0
    outer loop
      vertex 168.925 -35.0752 0
      vertex 168.925 -22.0752 1.5
      vertex 168.925 -22.0752 0
    endloop
  endfacet
  facet normal -1 -0 0
    outer loop
      vertex 168.925 -22.0752 1.5
      vertex 168.925 -35.0752 0
      vertex 168.925 -35.0752 1.5
    endloop
  endfacet
  facet normal -0.923347 -0.383966 0
    outer loop
      vertex 168.925 -22.0752 0
      vertex 168.778 -21.7217 1.5
      vertex 168.778 -21.7217 0
    endloop
  endfacet
  facet normal -0.923347 -0.383966 0
    outer loop
      vertex 168.778 -21.7217 1.5
      vertex 168.925 -22.0752 0
      vertex 168.925 -22.0752 1.5
    endloop
  endfacet
  facet normal -0.383315 -0.923618 0
    outer loop
      vertex 168.425 -21.5752 0
      vertex 168.778 -21.7217 1.5
      vertex 168.425 -21.5752 1.5
    endloop
  endfacet
  facet normal -0.383315 -0.923618 -0
    outer loop
      vertex 168.778 -21.7217 1.5
      vertex 168.425 -21.5752 0
      vertex 168.778 -21.7217 0
    endloop
  endfacet
  facet normal 0 -1 0
    outer loop
      vertex 155.425 -21.5752 0
      vertex 168.425 -21.5752 1.5
      vertex 155.425 -21.5752 1.5
    endloop
  endfacet
  facet normal 0 -1 -0
    outer loop
      vertex 168.425 -21.5752 1.5
      vertex 155.425 -21.5752 0
      vertex 168.425 -21.5752 0
    endloop
  endfacet
  facet normal 0.38239 -0.924001 0
    outer loop
      vertex 155.071 -21.7217 0
      vertex 155.425 -21.5752 1.5
      vertex 155.071 -21.7217 1.5
    endloop
  endfacet
  facet normal 0.38239 -0.924001 0
    outer loop
      vertex 155.425 -21.5752 1.5
      vertex 155.071 -21.7217 0
      vertex 155.425 -21.5752 0
    endloop
  endfacet
  facet normal 0.924271 -0.381736 0
    outer loop
      vertex 154.925 -22.0752 1.5
      vertex 155.071 -21.7217 0
      vertex 155.071 -21.7217 1.5
    endloop
  endfacet
  facet normal 0.924271 -0.381736 0
    outer loop
      vertex 155.071 -21.7217 0
      vertex 154.925 -22.0752 1.5
      vertex 154.925 -22.0752 0
    endloop
  endfacet
  facet normal 1 -0 0
    outer loop
      vertex 154.925 -35.0752 1.5
      vertex 154.925 -22.0752 0
      vertex 154.925 -22.0752 1.5
    endloop
  endfacet
  facet normal 1 0 0
    outer loop
      vertex 154.925 -22.0752 0
      vertex 154.925 -35.0752 1.5
      vertex 154.925 -35.0752 0
    endloop
  endfacet
  facet normal 0.924271 0.381736 0
    outer loop
      vertex 155.071 -35.4287 1.5
      vertex 154.925 -35.0752 0
      vertex 154.925 -35.0752 1.5
    endloop
  endfacet
  facet normal 0.924271 0.381736 0
    outer loop
      vertex 154.925 -35.0752 0
      vertex 155.071 -35.4287 1.5
      vertex 155.071 -35.4287 0
    endloop
  endfacet
  facet normal 0.38239 0.924001 -0
    outer loop
      vertex 155.425 -35.5752 0
      vertex 155.071 -35.4287 1.5
      vertex 155.425 -35.5752 1.5
    endloop
  endfacet
  facet normal 0.38239 0.924001 0
    outer loop
      vertex 155.071 -35.4287 1.5
      vertex 155.425 -35.5752 0
      vertex 155.071 -35.4287 0
    endloop
  endfacet
  facet normal 0 1 -0
    outer loop
      vertex 168.425 -35.5752 0
      vertex 155.425 -35.5752 1.5
      vertex 168.425 -35.5752 1.5
    endloop
  endfacet
  facet normal 0 1 0
    outer loop
      vertex 155.425 -35.5752 1.5
      vertex 168.425 -35.5752 0
      vertex 155.425 -35.5752 0
    endloop
  endfacet
  facet normal -0.383315 0.923618 0
    outer loop
      vertex 168.778 -35.4287 0
      vertex 168.425 -35.5752 1.5
      vertex 168.778 -35.4287 1.5
    endloop
  endfacet
  facet normal -0.383315 0.923618 0
    outer loop
      vertex 168.425 -35.5752 1.5
      vertex 168.778 -35.4287 0
      vertex 168.425 -35.5752 0
    endloop
  endfacet
  facet normal -0.923347 0.383966 0
    outer loop
      vertex 187.828 -35.4287 0
      vertex 187.975 -35.0752 1.5
      vertex 187.975 -35.0752 0
    endloop
  endfacet
  facet normal -0.923347 0.383966 0
    outer loop
      vertex 187.975 -35.0752 1.5
      vertex 187.828 -35.4287 0
      vertex 187.828 -35.4287 1.5
    endloop
  endfacet
  facet normal -1 0 0
    outer loop
      vertex 187.975 -35.0752 0
      vertex 187.975 -22.0752 1.5
      vertex 187.975 -22.0752 0
    endloop
  endfacet
  facet normal -1 -0 0
    outer loop
      vertex 187.975 -22.0752 1.5
      vertex 187.975 -35.0752 0
      vertex 187.975 -35.0752 1.5
    endloop
  endfacet
  facet normal -0.923347 -0.383966 0
    outer loop
      vertex 187.975 -22.0752 0
      vertex 187.828 -21.7217 1.5
      vertex 187.828 -21.7217 0
    endloop
  endfacet
  facet normal -0.923347 -0.383966 0
    outer loop
      vertex 187.828 -21.7217 1.5
      vertex 187.975 -22.0752 0
      vertex 187.975 -22.0752 1.5
    endloop
  endfacet
  facet normal -0.383315 -0.923618 0
    outer loop
      vertex 187.475 -21.5752 0
      vertex 187.828 -21.7217 1.5
      vertex 187.475 -21.5752 1.5
    endloop
  endfacet
  facet normal -0.383315 -0.923618 -0
    outer loop
      vertex 187.828 -21.7217 1.5
      vertex 187.475 -21.5752 0
      vertex 187.828 -21.7217 0
    endloop
  endfacet
  facet normal 0 -1 0
    outer loop
      vertex 174.475 -21.5752 0
      vertex 187.475 -21.5752 1.5
      vertex 174.475 -21.5752 1.5
    endloop
  endfacet
  facet normal 0 -1 -0
    outer loop
      vertex 187.475 -21.5752 1.5
      vertex 174.475 -21.5752 0
      vertex 187.475 -21.5752 0
    endloop
  endfacet
  facet normal 0.38239 -0.924001 0
    outer loop
      vertex 174.121 -21.7217 0
      vertex 174.475 -21.5752 1.5
      vertex 174.121 -21.7217 1.5
    endloop
  endfacet
  facet normal 0.38239 -0.924001 0
    outer loop
      vertex 174.475 -21.5752 1.5
      vertex 174.121 -21.7217 0
      vertex 174.475 -21.5752 0
    endloop
  endfacet
  facet normal 0.924271 -0.381736 0
    outer loop
      vertex 173.975 -22.0752 1.5
      vertex 174.121 -21.7217 0
      vertex 174.121 -21.7217 1.5
    endloop
  endfacet
  facet normal 0.924271 -0.381736 0
    outer loop
      vertex 174.121 -21.7217 0
      vertex 173.975 -22.0752 1.5
      vertex 173.975 -22.0752 0
    endloop
  endfacet
  facet normal 1 -0 0
    outer loop
      vertex 173.975 -35.0752 1.5
      vertex 173.975 -22.0752 0
      vertex 173.975 -22.0752 1.5
    endloop
  endfacet
  facet normal 1 0 0
    outer loop
      vertex 173.975 -22.0752 0
      vertex 173.975 -35.0752 1.5
      vertex 173.975 -35.0752 0
    endloop
  endfacet
  facet normal 0.924271 0.381736 0
    outer loop
      vertex 174.121 -35.4287 1.5
      vertex 173.975 -35.0752 0
      vertex 173.975 -35.0752 1.5
    endloop
  endfacet
  facet normal 0.924271 0.381736 0
    outer loop
      vertex 173.975 -35.0752 0
      vertex 174.121 -35.4287 1.5
      vertex 174.121 -35.4287 0
    endloop
  endfacet
  facet normal 0.38239 0.924001 -0
    outer loop
      vertex 174.475 -35.5752 0
      vertex 174.121 -35.4287 1.5
      vertex 174.475 -35.5752 1.5
    endloop
  endfacet
  facet normal 0.38239 0.924001 0
    outer loop
      vertex 174.121 -35.4287 1.5
      vertex 174.475 -35.5752 0
      vertex 174.121 -35.4287 0
    endloop
  endfacet
  facet normal 0 1 -0
    outer loop
      vertex 187.475 -35.5752 0
      vertex 174.475 -35.5752 1.5
      vertex 187.475 -35.5752 1.5
    endloop
  endfacet
  facet normal 0 1 0
    outer loop
      vertex 174.475 -35.5752 1.5
      vertex 187.475 -35.5752 0
      vertex 174.475 -35.5752 0
    endloop
  endfacet
  facet normal -0.383315 0.923618 0
    outer loop
      vertex 187.828 -35.4287 0
      vertex 187.475 -35.5752 1.5
      vertex 187.828 -35.4287 1.5
    endloop
  endfacet
  facet normal -0.383315 0.923618 0
    outer loop
      vertex 187.475 -35.5752 1.5
      vertex 187.828 -35.4287 0
      vertex 187.475 -35.5752 0
    endloop
  endfacet
  facet normal -0.924271 0.381736 0
    outer loop
      vertex 206.879 -35.4287 0
      vertex 207.025 -35.0752 1.5
      vertex 207.025 -35.0752 0
    endloop
  endfacet
  facet normal -0.924271 0.381736 0
    outer loop
      vertex 207.025 -35.0752 1.5
      vertex 206.879 -35.4287 0
      vertex 206.879 -35.4287 1.5
    endloop
  endfacet
  facet normal -1 0 0
    outer loop
      vertex 207.025 -35.0752 0
      vertex 207.025 -22.0752 1.5
      vertex 207.025 -22.0752 0
    endloop
  endfacet
  facet normal -1 -0 0
    outer loop
      vertex 207.025 -22.0752 1.5
      vertex 207.025 -35.0752 0
      vertex 207.025 -35.0752 1.5
    endloop
  endfacet
  facet normal -0.924271 -0.381736 0
    outer loop
      vertex 207.025 -22.0752 0
      vertex 206.879 -21.7217 1.5
      vertex 206.879 -21.7217 0
    endloop
  endfacet
  facet normal -0.924271 -0.381736 0
    outer loop
      vertex 206.879 -21.7217 1.5
      vertex 207.025 -22.0752 0
      vertex 207.025 -22.0752 1.5
    endloop
  endfacet
  facet normal -0.38239 -0.924001 0
    outer loop
      vertex 206.525 -21.5752 0
      vertex 206.879 -21.7217 1.5
      vertex 206.525 -21.5752 1.5
    endloop
  endfacet
  facet normal -0.38239 -0.924001 -0
    outer loop
      vertex 206.879 -21.7217 1.5
      vertex 206.525 -21.5752 0
      vertex 206.879 -21.7217 0
    endloop
  endfacet
  facet normal 0 -1 0
    outer loop
      vertex 193.525 -21.5752 0
      vertex 206.525 -21.5752 1.5
      vertex 193.525 -21.5752 1.5
    endloop
  endfacet
  facet normal 0 -1 -0
    outer loop
      vertex 206.525 -21.5752 1.5
      vertex 193.525 -21.5752 0
      vertex 206.525 -21.5752 0
    endloop
  endfacet
  facet normal 0.383315 -0.923618 0
    outer loop
      vertex 193.172 -21.7217 0
      vertex 193.525 -21.5752 1.5
      vertex 193.172 -21.7217 1.5
    endloop
  endfacet
  facet normal 0.383315 -0.923618 0
    outer loop
      vertex 193.525 -21.5752 1.5
      vertex 193.172 -21.7217 0
      vertex 193.525 -21.5752 0
    endloop
  endfacet
  facet normal 0.923347 -0.383966 0
    outer loop
      vertex 193.025 -22.0752 1.5
      vertex 193.172 -21.7217 0
      vertex 193.172 -21.7217 1.5
    endloop
  endfacet
  facet normal 0.923347 -0.383966 0
    outer loop
      vertex 193.172 -21.7217 0
      vertex 193.025 -22.0752 1.5
      vertex 193.025 -22.0752 0
    endloop
  endfacet
  facet normal 1 -0 0
    outer loop
      vertex 193.025 -35.0752 1.5
      vertex 193.025 -22.0752 0
      vertex 193.025 -22.0752 1.5
    endloop
  endfacet
  facet normal 1 0 0
    outer loop
      vertex 193.025 -22.0752 0
      vertex 193.025 -35.0752 1.5
      vertex 193.025 -35.0752 0
    endloop
  endfacet
  facet normal 0.923347 0.383966 0
    outer loop
      vertex 193.172 -35.4287 1.5
      vertex 193.025 -35.0752 0
      vertex 193.025 -35.0752 1.5
    endloop
  endfacet
  facet normal 0.923347 0.383966 0
    outer loop
      vertex 193.025 -35.0752 0
      vertex 193.172 -35.4287 1.5
      vertex 193.172 -35.4287 0
    endloop
  endfacet
  facet normal 0.383315 0.923618 -0
    outer loop
      vertex 193.525 -35.5752 0
      vertex 193.172 -35.4287 1.5
      vertex 193.525 -35.5752 1.5
    endloop
  endfacet
  facet normal 0.383315 0.923618 0
    outer loop
      vertex 193.172 -35.4287 1.5
      vertex 193.525 -35.5752 0
      vertex 193.172 -35.4287 0
    endloop
  endfacet
  facet normal 0 1 -0
    outer loop
      vertex 206.525 -35.5752 0
      vertex 193.525 -35.5752 1.5
      vertex 206.525 -35.5752 1.5
    endloop
  endfacet
  facet normal 0 1 0
    outer loop
      vertex 193.525 -35.5752 1.5
      vertex 206.525 -35.5752 0
      vertex 193.525 -35.5752 0
    endloop
  endfacet
  facet normal -0.38239 0.924001 0
    outer loop
      vertex 206.879 -35.4287 0
      vertex 206.525 -35.5752 1.5
      vertex 206.879 -35.4287 1.5
    endloop
  endfacet
  facet normal -0.38239 0.924001 0
    outer loop
      vertex 206.525 -35.5752 1.5
      vertex 206.879 -35.4287 0
      vertex 206.525 -35.5752 0
    endloop
  endfacet
  facet normal -0.924271 0.381736 0
    outer loop
      vertex 225.929 -35.4287 0
      vertex 226.075 -35.0752 1.5
      vertex 226.075 -35.0752 0
    endloop
  endfacet
  facet normal -0.924271 0.381736 0
    outer loop
      vertex 226.075 -35.0752 1.5
      vertex 225.929 -35.4287 0
      vertex 225.929 -35.4287 1.5
    endloop
  endfacet
  facet normal -1 0 0
    outer loop
      vertex 226.075 -35.0752 0
      vertex 226.075 -22.0752 1.5
      vertex 226.075 -22.0752 0
    endloop
  endfacet
  facet normal -1 -0 0
    outer loop
      vertex 226.075 -22.0752 1.5
      vertex 226.075 -35.0752 0
      vertex 226.075 -35.0752 1.5
    endloop
  endfacet
  facet normal -0.924271 -0.381736 0
    outer loop
      vertex 226.075 -22.0752 0
      vertex 225.929 -21.7217 1.5
      vertex 225.929 -21.7217 0
    endloop
  endfacet
  facet normal -0.924271 -0.381736 0
    outer loop
      vertex 225.929 -21.7217 1.5
      vertex 226.075 -22.0752 0
      vertex 226.075 -22.0752 1.5
    endloop
  endfacet
  facet normal -0.38239 -0.924001 0
    outer loop
      vertex 225.575 -21.5752 0
      vertex 225.929 -21.7217 1.5
      vertex 225.575 -21.5752 1.5
    endloop
  endfacet
  facet normal -0.38239 -0.924001 -0
    outer loop
      vertex 225.929 -21.7217 1.5
      vertex 225.575 -21.5752 0
      vertex 225.929 -21.7217 0
    endloop
  endfacet
  facet normal 0 -1 0
    outer loop
      vertex 212.575 -21.5752 0
      vertex 225.575 -21.5752 1.5
      vertex 212.575 -21.5752 1.5
    endloop
  endfacet
  facet normal 0 -1 -0
    outer loop
      vertex 225.575 -21.5752 1.5
      vertex 212.575 -21.5752 0
      vertex 225.575 -21.5752 0
    endloop
  endfacet
  facet normal 0.383315 -0.923618 0
    outer loop
      vertex 212.222 -21.7217 0
      vertex 212.575 -21.5752 1.5
      vertex 212.222 -21.7217 1.5
    endloop
  endfacet
  facet normal 0.383315 -0.923618 0
    outer loop
      vertex 212.575 -21.5752 1.5
      vertex 212.222 -21.7217 0
      vertex 212.575 -21.5752 0
    endloop
  endfacet
  facet normal 0.923347 -0.383966 0
    outer loop
      vertex 212.075 -22.0752 1.5
      vertex 212.222 -21.7217 0
      vertex 212.222 -21.7217 1.5
    endloop
  endfacet
  facet normal 0.923347 -0.383966 0
    outer loop
      vertex 212.222 -21.7217 0
      vertex 212.075 -22.0752 1.5
      vertex 212.075 -22.0752 0
    endloop
  endfacet
  facet normal 1 -0 0
    outer loop
      vertex 212.075 -35.0752 1.5
      vertex 212.075 -22.0752 0
      vertex 212.075 -22.0752 1.5
    endloop
  endfacet
  facet normal 1 0 0
    outer loop
      vertex 212.075 -22.0752 0
      vertex 212.075 -35.0752 1.5
      vertex 212.075 -35.0752 0
    endloop
  endfacet
  facet normal 0.923347 0.383966 0
    outer loop
      vertex 212.222 -35.4287 1.5
      vertex 212.075 -35.0752 0
      vertex 212.075 -35.0752 1.5
    endloop
  endfacet
  facet normal 0.923347 0.383966 0
    outer loop
      vertex 212.075 -35.0752 0
      vertex 212.222 -35.4287 1.5
      vertex 212.222 -35.4287 0
    endloop
  endfacet
  facet normal 0.383315 0.923618 -0
    outer loop
      vertex 212.575 -35.5752 0
      vertex 212.222 -35.4287 1.5
      vertex 212.575 -35.5752 1.5
    endloop
  endfacet
  facet normal 0.383315 0.923618 0
    outer loop
      vertex 212.222 -35.4287 1.5
      vertex 212.575 -35.5752 0
      vertex 212.222 -35.4287 0
    endloop
  endfacet
  facet normal 0 1 -0
    outer loop
      vertex 225.575 -35.5752 0
      vertex 212.575 -35.5752 1.5
      vertex 225.575 -35.5752 1.5
    endloop
  endfacet
  facet normal 0 1 0
    outer loop
      vertex 212.575 -35.5752 1.5
      vertex 225.575 -35.5752 0
      vertex 212.575 -35.5752 0
    endloop
  endfacet
  facet normal -0.38239 0.924001 0
    outer loop
      vertex 225.929 -35.4287 0
      vertex 225.575 -35.5752 1.5
      vertex 225.929 -35.4287 1.5
    endloop
  endfacet
  facet normal -0.38239 0.924001 0
    outer loop
      vertex 225.575 -35.5752 1.5
      vertex 225.929 -35.4287 0
      vertex 225.575 -35.5752 0
    endloop
  endfacet
  facet normal -0.924271 0.381736 0
    outer loop
      vertex 244.979 -35.4287 0
      vertex 245.125 -35.0752 1.5
      vertex 245.125 -35.0752 0
    endloop
  endfacet
  facet normal -0.924271 0.381736 0
    outer loop
      vertex 245.125 -35.0752 1.5
      vertex 244.979 -35.4287 0
      vertex 244.979 -35.4287 1.5
    endloop
  endfacet
  facet normal -1 0 0
    outer loop
      vertex 245.125 -35.0752 0
      vertex 245.125 -22.0752 1.5
      vertex 245.125 -22.0752 0
    endloop
  endfacet
  facet normal -1 -0 0
    outer loop
      vertex 245.125 -22.0752 1.5
      vertex 245.125 -35.0752 0
      vertex 245.125 -35.0752 1.5
    endloop
  endfacet
  facet normal -0.924271 -0.381736 0
    outer loop
      vertex 245.125 -22.0752 0
      vertex 244.979 -21.7217 1.5
      vertex 244.979 -21.7217 0
    endloop
  endfacet
  facet normal -0.924271 -0.381736 0
    outer loop
      vertex 244.979 -21.7217 1.5
      vertex 245.125 -22.0752 0
      vertex 245.125 -22.0752 1.5
    endloop
  endfacet
  facet normal -0.38239 -0.924001 0
    outer loop
      vertex 244.625 -21.5752 0
      vertex 244.979 -21.7217 1.5
      vertex 244.625 -21.5752 1.5
    endloop
  endfacet
  facet normal -0.38239 -0.924001 -0
    outer loop
      vertex 244.979 -21.7217 1.5
      vertex 244.625 -21.5752 0
      vertex 244.979 -21.7217 0
    endloop
  endfacet
  facet normal 0 -1 0
    outer loop
      vertex 231.625 -21.5752 0
      vertex 244.625 -21.5752 1.5
      vertex 231.625 -21.5752 1.5
    endloop
  endfacet
  facet normal 0 -1 -0
    outer loop
      vertex 244.625 -21.5752 1.5
      vertex 231.625 -21.5752 0
      vertex 244.625 -21.5752 0
    endloop
  endfacet
  facet normal 0.38239 -0.924001 0
    outer loop
      vertex 231.271 -21.7217 0
      vertex 231.625 -21.5752 1.5
      vertex 231.271 -21.7217 1.5
    endloop
  endfacet
  facet normal 0.38239 -0.924001 0
    outer loop
      vertex 231.625 -21.5752 1.5
      vertex 231.271 -21.7217 0
      vertex 231.625 -21.5752 0
    endloop
  endfacet
  facet normal 0.924271 -0.381736 0
    outer loop
      vertex 231.125 -22.0752 1.5
      vertex 231.271 -21.7217 0
      vertex 231.271 -21.7217 1.5
    endloop
  endfacet
  facet normal 0.924271 -0.381736 0
    outer loop
      vertex 231.271 -21.7217 0
      vertex 231.125 -22.0752 1.5
      vertex 231.125 -22.0752 0
    endloop
  endfacet
  facet normal 1 -0 0
    outer loop
      vertex 231.125 -35.0752 1.5
      vertex 231.125 -22.0752 0
      vertex 231.125 -22.0752 1.5
    endloop
  endfacet
  facet normal 1 0 0
    outer loop
      vertex 231.125 -22.0752 0
      vertex 231.125 -35.0752 1.5
      vertex 231.125 -35.0752 0
    endloop
  endfacet
  facet normal 0.924271 0.381736 0
    outer loop
      vertex 231.271 -35.4287 1.5
      vertex 231.125 -35.0752 0
      vertex 231.125 -35.0752 1.5
    endloop
  endfacet
  facet normal 0.924271 0.381736 0
    outer loop
      vertex 231.125 -35.0752 0
      vertex 231.271 -35.4287 1.5
      vertex 231.271 -35.4287 0
    endloop
  endfacet
  facet normal 0.38239 0.924001 -0
    outer loop
      vertex 231.625 -35.5752 0
      vertex 231.271 -35.4287 1.5
      vertex 231.625 -35.5752 1.5
    endloop
  endfacet
  facet normal 0.38239 0.924001 0
    outer loop
      vertex 231.271 -35.4287 1.5
      vertex 231.625 -35.5752 0
      vertex 231.271 -35.4287 0
    endloop
  endfacet
  facet normal 0 1 -0
    outer loop
      vertex 244.625 -35.5752 0
      vertex 231.625 -35.5752 1.5
      vertex 244.625 -35.5752 1.5
    endloop
  endfacet
  facet normal 0 1 0
    outer loop
      vertex 231.625 -35.5752 1.5
      vertex 244.625 -35.5752 0
      vertex 231.625 -35.5752 0
    endloop
  endfacet
  facet normal -0.38239 0.924001 0
    outer loop
      vertex 244.979 -35.4287 0
      vertex 244.625 -35.5752 1.5
      vertex 244.979 -35.4287 1.5
    endloop
  endfacet
  facet normal -0.38239 0.924001 0
    outer loop
      vertex 244.625 -35.5752 1.5
      vertex 244.979 -35.4287 0
      vertex 244.625 -35.5752 0
    endloop
  endfacet
  facet normal -0.924271 0.381736 0
    outer loop
      vertex 273.554 -35.4287 0
      vertex 273.7 -35.0752 1.5
      vertex 273.7 -35.0752 0
    endloop
  endfacet
  facet normal -0.924271 0.381736 0
    outer loop
      vertex 273.7 -35.0752 1.5
      vertex 273.554 -35.4287 0
      vertex 273.554 -35.4287 1.5
    endloop
  endfacet
  facet normal -1 0 0
    outer loop
      vertex 273.7 -35.0752 0
      vertex 273.7 -22.0752 1.5
      vertex 273.7 -22.0752 0
    endloop
  endfacet
  facet normal -1 -0 0
    outer loop
      vertex 273.7 -22.0752 1.5
      vertex 273.7 -35.0752 0
      vertex 273.7 -35.0752 1.5
    endloop
  endfacet
  facet normal -0.924271 -0.381736 0
    outer loop
      vertex 273.7 -22.0752 0
      vertex 273.554 -21.7217 1.5
      vertex 273.554 -21.7217 0
    endloop
  endfacet
  facet normal -0.924271 -0.381736 0
    outer loop
      vertex 273.554 -21.7217 1.5
      vertex 273.7 -22.0752 0
      vertex 273.7 -22.0752 1.5
    endloop
  endfacet
  facet normal -0.38239 -0.924001 0
    outer loop
      vertex 273.2 -21.5752 0
      vertex 273.554 -21.7217 1.5
      vertex 273.2 -21.5752 1.5
    endloop
  endfacet
  facet normal -0.38239 -0.924001 -0
    outer loop
      vertex 273.554 -21.7217 1.5
      vertex 273.2 -21.5752 0
      vertex 273.554 -21.7217 0
    endloop
  endfacet
  facet normal 0 -1 0
    outer loop
      vertex 260.2 -21.5752 0
      vertex 273.2 -21.5752 1.5
      vertex 260.2 -21.5752 1.5
    endloop
  endfacet
  facet normal 0 -1 -0
    outer loop
      vertex 273.2 -21.5752 1.5
      vertex 260.2 -21.5752 0
      vertex 273.2 -21.5752 0
    endloop
  endfacet
  facet normal 0.383315 -0.923618 0
    outer loop
      vertex 259.847 -21.7217 0
      vertex 260.2 -21.5752 1.5
      vertex 259.847 -21.7217 1.5
    endloop
  endfacet
  facet normal 0.383315 -0.923618 0
    outer loop
      vertex 260.2 -21.5752 1.5
      vertex 259.847 -21.7217 0
      vertex 260.2 -21.5752 0
    endloop
  endfacet
  facet normal 0.923347 -0.383966 0
    outer loop
      vertex 259.7 -22.0752 1.5
      vertex 259.847 -21.7217 0
      vertex 259.847 -21.7217 1.5
    endloop
  endfacet
  facet normal 0.923347 -0.383966 0
    outer loop
      vertex 259.847 -21.7217 0
      vertex 259.7 -22.0752 1.5
      vertex 259.7 -22.0752 0
    endloop
  endfacet
  facet normal 1 -0 0
    outer loop
      vertex 259.7 -35.0752 1.5
      vertex 259.7 -22.0752 0
      vertex 259.7 -22.0752 1.5
    endloop
  endfacet
  facet normal 1 0 0
    outer loop
      vertex 259.7 -22.0752 0
      vertex 259.7 -35.0752 1.5
      vertex 259.7 -35.0752 0
    endloop
  endfacet
  facet normal 0.923347 0.383966 0
    outer loop
      vertex 259.847 -35.4287 1.5
      vertex 259.7 -35.0752 0
      vertex 259.7 -35.0752 1.5
    endloop
  endfacet
  facet normal 0.923347 0.383966 0
    outer loop
      vertex 259.7 -35.0752 0
      vertex 259.847 -35.4287 1.5
      vertex 259.847 -35.4287 0
    endloop
  endfacet
  facet normal 0.383315 0.923618 -0
    outer loop
      vertex 260.2 -35.5752 0
      vertex 259.847 -35.4287 1.5
      vertex 260.2 -35.5752 1.5
    endloop
  endfacet
  facet normal 0.383315 0.923618 0
    outer loop
      vertex 259.847 -35.4287 1.5
      vertex 260.2 -35.5752 0
      vertex 259.847 -35.4287 0
    endloop
  endfacet
  facet normal 0 1 -0
    outer loop
      vertex 273.2 -35.5752 0
      vertex 260.2 -35.5752 1.5
      vertex 273.2 -35.5752 1.5
    endloop
  endfacet
  facet normal 0 1 0
    outer loop
      vertex 260.2 -35.5752 1.5
      vertex 273.2 -35.5752 0
      vertex 260.2 -35.5752 0
    endloop
  endfacet
  facet normal -0.38239 0.924001 0
    outer loop
      vertex 273.554 -35.4287 0
      vertex 273.2 -35.5752 1.5
      vertex 273.554 -35.4287 1.5
    endloop
  endfacet
  facet normal -0.38239 0.924001 0
    outer loop
      vertex 273.2 -35.5752 1.5
      vertex 273.554 -35.4287 0
      vertex 273.2 -35.5752 0
    endloop
  endfacet
  facet normal -0.924271 0.381736 0
    outer loop
      vertex 302.129 -35.4287 0
      vertex 302.275 -35.0752 1.5
      vertex 302.275 -35.0752 0
    endloop
  endfacet
  facet normal -0.924271 0.381736 0
    outer loop
      vertex 302.275 -35.0752 1.5
      vertex 302.129 -35.4287 0
      vertex 302.129 -35.4287 1.5
    endloop
  endfacet
  facet normal -1 0 0
    outer loop
      vertex 302.275 -35.0752 0
      vertex 302.275 -22.0752 1.5
      vertex 302.275 -22.0752 0
    endloop
  endfacet
  facet normal -1 -0 0
    outer loop
      vertex 302.275 -22.0752 1.5
      vertex 302.275 -35.0752 0
      vertex 302.275 -35.0752 1.5
    endloop
  endfacet
  facet normal -0.924271 -0.381736 0
    outer loop
      vertex 302.275 -22.0752 0
      vertex 302.129 -21.7217 1.5
      vertex 302.129 -21.7217 0
    endloop
  endfacet
  facet normal -0.924271 -0.381736 0
    outer loop
      vertex 302.129 -21.7217 1.5
      vertex 302.275 -22.0752 0
      vertex 302.275 -22.0752 1.5
    endloop
  endfacet
  facet normal -0.38239 -0.924001 0
    outer loop
      vertex 301.775 -21.5752 0
      vertex 302.129 -21.7217 1.5
      vertex 301.775 -21.5752 1.5
    endloop
  endfacet
  facet normal -0.38239 -0.924001 -0
    outer loop
      vertex 302.129 -21.7217 1.5
      vertex 301.775 -21.5752 0
      vertex 302.129 -21.7217 0
    endloop
  endfacet
  facet normal 0 -1 0
    outer loop
      vertex 288.775 -21.5752 0
      vertex 301.775 -21.5752 1.5
      vertex 288.775 -21.5752 1.5
    endloop
  endfacet
  facet normal 0 -1 -0
    outer loop
      vertex 301.775 -21.5752 1.5
      vertex 288.775 -21.5752 0
      vertex 301.775 -21.5752 0
    endloop
  endfacet
  facet normal 0.383315 -0.923618 0
    outer loop
      vertex 288.422 -21.7217 0
      vertex 288.775 -21.5752 1.5
      vertex 288.422 -21.7217 1.5
    endloop
  endfacet
  facet normal 0.383315 -0.923618 0
    outer loop
      vertex 288.775 -21.5752 1.5
      vertex 288.422 -21.7217 0
      vertex 288.775 -21.5752 0
    endloop
  endfacet
  facet normal 0.923347 -0.383966 0
    outer loop
      vertex 288.275 -22.0752 1.5
      vertex 288.422 -21.7217 0
      vertex 288.422 -21.7217 1.5
    endloop
  endfacet
  facet normal 0.923347 -0.383966 0
    outer loop
      vertex 288.422 -21.7217 0
      vertex 288.275 -22.0752 1.5
      vertex 288.275 -22.0752 0
    endloop
  endfacet
  facet normal 1 -0 0
    outer loop
      vertex 288.275 -35.0752 1.5
      vertex 288.275 -22.0752 0
      vertex 288.275 -22.0752 1.5
    endloop
  endfacet
  facet normal 1 0 0
    outer loop
      vertex 288.275 -22.0752 0
      vertex 288.275 -35.0752 1.5
      vertex 288.275 -35.0752 0
    endloop
  endfacet
  facet normal 0.923347 0.383966 0
    outer loop
      vertex 288.422 -35.4287 1.5
      vertex 288.275 -35.0752 0
      vertex 288.275 -35.0752 1.5
    endloop
  endfacet
  facet normal 0.923347 0.383966 0
    outer loop
      vertex 288.275 -35.0752 0
      vertex 288.422 -35.4287 1.5
      vertex 288.422 -35.4287 0
    endloop
  endfacet
  facet normal 0.383315 0.923618 -0
    outer loop
      vertex 288.775 -35.5752 0
      vertex 288.422 -35.4287 1.5
      vertex 288.775 -35.5752 1.5
    endloop
  endfacet
  facet normal 0.383315 0.923618 0
    outer loop
      vertex 288.422 -35.4287 1.5
      vertex 288.775 -35.5752 0
      vertex 288.422 -35.4287 0
    endloop
  endfacet
  facet normal 0 1 -0
    outer loop
      vertex 301.775 -35.5752 0
      vertex 288.775 -35.5752 1.5
      vertex 301.775 -35.5752 1.5
    endloop
  endfacet
  facet normal 0 1 0
    outer loop
      vertex 288.775 -35.5752 1.5
      vertex 301.775 -35.5752 0
      vertex 288.775 -35.5752 0
    endloop
  endfacet
  facet normal -0.38239 0.924001 0
    outer loop
      vertex 302.129 -35.4287 0
      vertex 301.775 -35.5752 1.5
      vertex 302.129 -35.4287 1.5
    endloop
  endfacet
  facet normal -0.38239 0.924001 0
    outer loop
      vertex 301.775 -35.5752 1.5
      vertex 302.129 -35.4287 0
      vertex 301.775 -35.5752 0
    endloop
  endfacet
  facet normal -0.92381 0.382852 0
    outer loop
      vertex 54.4785 -35.4287 0
      vertex 54.625 -35.0752 1.5
      vertex 54.625 -35.0752 0
    endloop
  endfacet
  facet normal -0.92381 0.382852 0
    outer loop
      vertex 54.625 -35.0752 1.5
      vertex 54.4785 -35.4287 0
      vertex 54.4785 -35.4287 1.5
    endloop
  endfacet
  facet normal -1 0 0
    outer loop
      vertex 54.625 -35.0752 0
      vertex 54.625 -22.0752 1.5
      vertex 54.625 -22.0752 0
    endloop
  endfacet
  facet normal -1 -0 0
    outer loop
      vertex 54.625 -22.0752 1.5
      vertex 54.625 -35.0752 0
      vertex 54.625 -35.0752 1.5
    endloop
  endfacet
  facet normal -0.92381 -0.382852 0
    outer loop
      vertex 54.625 -22.0752 0
      vertex 54.4785 -21.7217 1.5
      vertex 54.4785 -21.7217 0
    endloop
  endfacet
  facet normal -0.92381 -0.382852 0
    outer loop
      vertex 54.4785 -21.7217 1.5
      vertex 54.625 -22.0752 0
      vertex 54.625 -22.0752 1.5
    endloop
  endfacet
  facet normal -0.382852 -0.92381 0
    outer loop
      vertex 54.125 -21.5752 0
      vertex 54.4785 -21.7217 1.5
      vertex 54.125 -21.5752 1.5
    endloop
  endfacet
  facet normal -0.382852 -0.92381 -0
    outer loop
      vertex 54.4785 -21.7217 1.5
      vertex 54.125 -21.5752 0
      vertex 54.4785 -21.7217 0
    endloop
  endfacet
  facet normal 0 -1 0
    outer loop
      vertex 41.125 -21.5752 0
      vertex 54.125 -21.5752 1.5
      vertex 41.125 -21.5752 1.5
    endloop
  endfacet
  facet normal 0 -1 -0
    outer loop
      vertex 54.125 -21.5752 1.5
      vertex 41.125 -21.5752 0
      vertex 54.125 -21.5752 0
    endloop
  endfacet
  facet normal 0.382852 -0.92381 0
    outer loop
      vertex 40.7715 -21.7217 0
      vertex 41.125 -21.5752 1.5
      vertex 40.7715 -21.7217 1.5
    endloop
  endfacet
  facet normal 0.382852 -0.92381 0
    outer loop
      vertex 41.125 -21.5752 1.5
      vertex 40.7715 -21.7217 0
      vertex 41.125 -21.5752 0
    endloop
  endfacet
  facet normal 0.92381 -0.382852 0
    outer loop
      vertex 40.625 -22.0752 1.5
      vertex 40.7715 -21.7217 0
      vertex 40.7715 -21.7217 1.5
    endloop
  endfacet
  facet normal 0.92381 -0.382852 0
    outer loop
      vertex 40.7715 -21.7217 0
      vertex 40.625 -22.0752 1.5
      vertex 40.625 -22.0752 0
    endloop
  endfacet
  facet normal 1 -0 0
    outer loop
      vertex 40.625 -35.0752 1.5
      vertex 40.625 -22.0752 0
      vertex 40.625 -22.0752 1.5
    endloop
  endfacet
  facet normal 1 0 0
    outer loop
      vertex 40.625 -22.0752 0
      vertex 40.625 -35.0752 1.5
      vertex 40.625 -35.0752 0
    endloop
  endfacet
  facet normal 0.92381 0.382852 0
    outer loop
      vertex 40.7715 -35.4287 1.5
      vertex 40.625 -35.0752 0
      vertex 40.625 -35.0752 1.5
    endloop
  endfacet
  facet normal 0.92381 0.382852 0
    outer loop
      vertex 40.625 -35.0752 0
      vertex 40.7715 -35.4287 1.5
      vertex 40.7715 -35.4287 0
    endloop
  endfacet
  facet normal 0.382852 0.92381 -0
    outer loop
      vertex 41.125 -35.5752 0
      vertex 40.7715 -35.4287 1.5
      vertex 41.125 -35.5752 1.5
    endloop
  endfacet
  facet normal 0.382852 0.92381 0
    outer loop
      vertex 40.7715 -35.4287 1.5
      vertex 41.125 -35.5752 0
      vertex 40.7715 -35.4287 0
    endloop
  endfacet
  facet normal 0 1 -0
    outer loop
      vertex 54.125 -35.5752 0
      vertex 41.125 -35.5752 1.5
      vertex 54.125 -35.5752 1.5
    endloop
  endfacet
  facet normal 0 1 0
    outer loop
      vertex 41.125 -35.5752 1.5
      vertex 54.125 -35.5752 0
      vertex 41.125 -35.5752 0
    endloop
  endfacet
  facet normal -0.382852 0.92381 0
    outer loop
      vertex 54.4785 -35.4287 0
      vertex 54.125 -35.5752 1.5
      vertex 54.4785 -35.4287 1.5
    endloop
  endfacet
  facet normal -0.382852 0.92381 0
    outer loop
      vertex 54.125 -35.5752 1.5
      vertex 54.4785 -35.4287 0
      vertex 54.125 -35.5752 0
    endloop
  endfacet
  facet normal -0.923347 0.383966 0
    outer loop
      vertex 258.115 -37.4287 0
      vertex 258.262 -37.0752 1.5
      vertex 258.262 -37.0752 0
    endloop
  endfacet
  facet normal -0.923347 0.383966 0
    outer loop
      vertex 258.262 -37.0752 1.5
      vertex 258.115 -37.4287 0
      vertex 258.115 -37.4287 1.5
    endloop
  endfacet
  facet normal -1 0 0
    outer loop
      vertex 258.262 -37.0752 0
      vertex 258.262 -23.0752 1.5
      vertex 258.262 -23.0752 0
    endloop
  endfacet
  facet normal -1 -0 0
    outer loop
      vertex 258.262 -23.0752 1.5
      vertex 258.262 -37.0752 0
      vertex 258.262 -37.0752 1.5
    endloop
  endfacet
  facet normal -0.923347 -0.383966 0
    outer loop
      vertex 258.262 -23.0752 0
      vertex 258.115 -22.7217 1.5
      vertex 258.115 -22.7217 0
    endloop
  endfacet
  facet normal -0.923347 -0.383966 0
    outer loop
      vertex 258.115 -22.7217 1.5
      vertex 258.262 -23.0752 0
      vertex 258.262 -23.0752 1.5
    endloop
  endfacet
  facet normal -0.383315 -0.923618 0
    outer loop
      vertex 257.762 -22.5752 0
      vertex 258.115 -22.7217 1.5
      vertex 257.762 -22.5752 1.5
    endloop
  endfacet
  facet normal -0.383315 -0.923618 -0
    outer loop
      vertex 258.115 -22.7217 1.5
      vertex 257.762 -22.5752 0
      vertex 258.115 -22.7217 0
    endloop
  endfacet
  facet normal 0 -1 0
    outer loop
      vertex 251.762 -22.5752 0
      vertex 257.762 -22.5752 1.5
      vertex 251.762 -22.5752 1.5
    endloop
  endfacet
  facet normal 0 -1 -0
    outer loop
      vertex 257.762 -22.5752 1.5
      vertex 251.762 -22.5752 0
      vertex 257.762 -22.5752 0
    endloop
  endfacet
  facet normal 0.38239 -0.924001 0
    outer loop
      vertex 251.408 -22.7217 0
      vertex 251.762 -22.5752 1.5
      vertex 251.408 -22.7217 1.5
    endloop
  endfacet
  facet normal 0.38239 -0.924001 0
    outer loop
      vertex 251.762 -22.5752 1.5
      vertex 251.408 -22.7217 0
      vertex 251.762 -22.5752 0
    endloop
  endfacet
  facet normal 0.924271 -0.381736 0
    outer loop
      vertex 251.262 -23.0752 1.5
      vertex 251.408 -22.7217 0
      vertex 251.408 -22.7217 1.5
    endloop
  endfacet
  facet normal 0.924271 -0.381736 0
    outer loop
      vertex 251.408 -22.7217 0
      vertex 251.262 -23.0752 1.5
      vertex 251.262 -23.0752 0
    endloop
  endfacet
  facet normal 1 -0 0
    outer loop
      vertex 251.262 -37.0752 1.5
      vertex 251.262 -23.0752 0
      vertex 251.262 -23.0752 1.5
    endloop
  endfacet
  facet normal 1 0 0
    outer loop
      vertex 251.262 -23.0752 0
      vertex 251.262 -37.0752 1.5
      vertex 251.262 -37.0752 0
    endloop
  endfacet
  facet normal 0.924271 0.381736 0
    outer loop
      vertex 251.408 -37.4287 1.5
      vertex 251.262 -37.0752 0
      vertex 251.262 -37.0752 1.5
    endloop
  endfacet
  facet normal 0.924271 0.381736 0
    outer loop
      vertex 251.262 -37.0752 0
      vertex 251.408 -37.4287 1.5
      vertex 251.408 -37.4287 0
    endloop
  endfacet
  facet normal 0.38239 0.924001 -0
    outer loop
      vertex 251.762 -37.5752 0
      vertex 251.408 -37.4287 1.5
      vertex 251.762 -37.5752 1.5
    endloop
  endfacet
  facet normal 0.38239 0.924001 0
    outer loop
      vertex 251.408 -37.4287 1.5
      vertex 251.762 -37.5752 0
      vertex 251.408 -37.4287 0
    endloop
  endfacet
  facet normal 0 1 -0
    outer loop
      vertex 257.762 -37.5752 0
      vertex 251.762 -37.5752 1.5
      vertex 257.762 -37.5752 1.5
    endloop
  endfacet
  facet normal 0 1 0
    outer loop
      vertex 251.762 -37.5752 1.5
      vertex 257.762 -37.5752 0
      vertex 251.762 -37.5752 0
    endloop
  endfacet
  facet normal -0.383315 0.923618 0
    outer loop
      vertex 258.115 -37.4287 0
      vertex 257.762 -37.5752 1.5
      vertex 258.115 -37.4287 1.5
    endloop
  endfacet
  facet normal -0.383315 0.923618 0
    outer loop
      vertex 257.762 -37.5752 1.5
      vertex 258.115 -37.4287 0
      vertex 257.762 -37.5752 0
    endloop
  endfacet
  facet normal -0.923347 0.383966 0
    outer loop
      vertex 281.991 -37.4287 0
      vertex 282.138 -37.0752 1.5
      vertex 282.138 -37.0752 0
    endloop
  endfacet
  facet normal -0.923347 0.383966 0
    outer loop
      vertex 282.138 -37.0752 1.5
      vertex 281.991 -37.4287 0
      vertex 281.991 -37.4287 1.5
    endloop
  endfacet
  facet normal -1 0 0
    outer loop
      vertex 282.138 -37.0752 0
      vertex 282.138 -23.0752 1.5
      vertex 282.138 -23.0752 0
    endloop
  endfacet
  facet normal -1 -0 0
    outer loop
      vertex 282.138 -23.0752 1.5
      vertex 282.138 -37.0752 0
      vertex 282.138 -37.0752 1.5
    endloop
  endfacet
  facet normal -0.923347 -0.383966 0
    outer loop
      vertex 282.138 -23.0752 0
      vertex 281.991 -22.7217 1.5
      vertex 281.991 -22.7217 0
    endloop
  endfacet
  facet normal -0.923347 -0.383966 0
    outer loop
      vertex 281.991 -22.7217 1.5
      vertex 282.138 -23.0752 0
      vertex 282.138 -23.0752 1.5
    endloop
  endfacet
  facet normal -0.383315 -0.923618 0
    outer loop
      vertex 281.638 -22.5752 0
      vertex 281.991 -22.7217 1.5
      vertex 281.638 -22.5752 1.5
    endloop
  endfacet
  facet normal -0.383315 -0.923618 -0
    outer loop
      vertex 281.991 -22.7217 1.5
      vertex 281.638 -22.5752 0
      vertex 281.991 -22.7217 0
    endloop
  endfacet
  facet normal 0 -1 0
    outer loop
      vertex 275.638 -22.5752 0
      vertex 281.638 -22.5752 1.5
      vertex 275.638 -22.5752 1.5
    endloop
  endfacet
  facet normal 0 -1 -0
    outer loop
      vertex 281.638 -22.5752 1.5
      vertex 275.638 -22.5752 0
      vertex 281.638 -22.5752 0
    endloop
  endfacet
  facet normal 0.38239 -0.924001 0
    outer loop
      vertex 275.284 -22.7217 0
      vertex 275.638 -22.5752 1.5
      vertex 275.284 -22.7217 1.5
    endloop
  endfacet
  facet normal 0.38239 -0.924001 0
    outer loop
      vertex 275.638 -22.5752 1.5
      vertex 275.284 -22.7217 0
      vertex 275.638 -22.5752 0
    endloop
  endfacet
  facet normal 0.924271 -0.381736 0
    outer loop
      vertex 275.138 -23.0752 1.5
      vertex 275.284 -22.7217 0
      vertex 275.284 -22.7217 1.5
    endloop
  endfacet
  facet normal 0.924271 -0.381736 0
    outer loop
      vertex 275.284 -22.7217 0
      vertex 275.138 -23.0752 1.5
      vertex 275.138 -23.0752 0
    endloop
  endfacet
  facet normal 1 -0 0
    outer loop
      vertex 275.138 -37.0752 1.5
      vertex 275.138 -23.0752 0
      vertex 275.138 -23.0752 1.5
    endloop
  endfacet
  facet normal 1 0 0
    outer loop
      vertex 275.138 -23.0752 0
      vertex 275.138 -37.0752 1.5
      vertex 275.138 -37.0752 0
    endloop
  endfacet
  facet normal 0.924271 0.381736 0
    outer loop
      vertex 275.284 -37.4287 1.5
      vertex 275.138 -37.0752 0
      vertex 275.138 -37.0752 1.5
    endloop
  endfacet
  facet normal 0.924271 0.381736 0
    outer loop
      vertex 275.138 -37.0752 0
      vertex 275.284 -37.4287 1.5
      vertex 275.284 -37.4287 0
    endloop
  endfacet
  facet normal 0.38239 0.924001 -0
    outer loop
      vertex 275.638 -37.5752 0
      vertex 275.284 -37.4287 1.5
      vertex 275.638 -37.5752 1.5
    endloop
  endfacet
  facet normal 0.38239 0.924001 0
    outer loop
      vertex 275.284 -37.4287 1.5
      vertex 275.638 -37.5752 0
      vertex 275.284 -37.4287 0
    endloop
  endfacet
  facet normal 0 1 -0
    outer loop
      vertex 281.638 -37.5752 0
      vertex 275.638 -37.5752 1.5
      vertex 281.638 -37.5752 1.5
    endloop
  endfacet
  facet normal 0 1 0
    outer loop
      vertex 275.638 -37.5752 1.5
      vertex 281.638 -37.5752 0
      vertex 275.638 -37.5752 0
    endloop
  endfacet
  facet normal -0.383315 0.923618 0
    outer loop
      vertex 281.991 -37.4287 0
      vertex 281.638 -37.5752 1.5
      vertex 281.991 -37.4287 1.5
    endloop
  endfacet
  facet normal -0.383315 0.923618 0
    outer loop
      vertex 281.638 -37.5752 1.5
      vertex 281.991 -37.4287 0
      vertex 281.638 -37.5752 0
    endloop
  endfacet
  facet normal -0.92381 0.382852 0
    outer loop
      vertex 44.9531 -54.4785 0
      vertex 45.0996 -54.125 1.5
      vertex 45.0996 -54.125 0
    endloop
  endfacet
  facet normal -0.92381 0.382852 0
    outer loop
      vertex 45.0996 -54.125 1.5
      vertex 44.9531 -54.4785 0
      vertex 44.9531 -54.4785 1.5
    endloop
  endfacet
  facet normal -1 0 0
    outer loop
      vertex 45.0996 -54.125 0
      vertex 45.0996 -41.125 1.5
      vertex 45.0996 -41.125 0
    endloop
  endfacet
  facet normal -1 -0 0
    outer loop
      vertex 45.0996 -41.125 1.5
      vertex 45.0996 -54.125 0
      vertex 45.0996 -54.125 1.5
    endloop
  endfacet
  facet normal -0.92381 -0.382852 0
    outer loop
      vertex 45.0996 -41.125 0
      vertex 44.9531 -40.7715 1.5
      vertex 44.9531 -40.7715 0
    endloop
  endfacet
  facet normal -0.92381 -0.382852 0
    outer loop
      vertex 44.9531 -40.7715 1.5
      vertex 45.0996 -41.125 0
      vertex 45.0996 -41.125 1.5
    endloop
  endfacet
  facet normal -0.382852 -0.92381 0
    outer loop
      vertex 44.5996 -40.625 0
      vertex 44.9531 -40.7715 1.5
      vertex 44.5996 -40.625 1.5
    endloop
  endfacet
  facet normal -0.382852 -0.92381 -0
    outer loop
      vertex 44.9531 -40.7715 1.5
      vertex 44.5996 -40.625 0
      vertex 44.9531 -40.7715 0
    endloop
  endfacet
  facet normal 0 -1 0
    outer loop
      vertex 31.5996 -40.625 0
      vertex 44.5996 -40.625 1.5
      vertex 31.5996 -40.625 1.5
    endloop
  endfacet
  facet normal 0 -1 -0
    outer loop
      vertex 44.5996 -40.625 1.5
      vertex 31.5996 -40.625 0
      vertex 44.5996 -40.625 0
    endloop
  endfacet
  facet normal 0.382852 -0.92381 0
    outer loop
      vertex 31.2461 -40.7715 0
      vertex 31.5996 -40.625 1.5
      vertex 31.2461 -40.7715 1.5
    endloop
  endfacet
  facet normal 0.382852 -0.92381 0
    outer loop
      vertex 31.5996 -40.625 1.5
      vertex 31.2461 -40.7715 0
      vertex 31.5996 -40.625 0
    endloop
  endfacet
  facet normal 0.92381 -0.382852 0
    outer loop
      vertex 31.0996 -41.125 1.5
      vertex 31.2461 -40.7715 0
      vertex 31.2461 -40.7715 1.5
    endloop
  endfacet
  facet normal 0.92381 -0.382852 0
    outer loop
      vertex 31.2461 -40.7715 0
      vertex 31.0996 -41.125 1.5
      vertex 31.0996 -41.125 0
    endloop
  endfacet
  facet normal 1 -0 0
    outer loop
      vertex 31.0996 -54.125 1.5
      vertex 31.0996 -41.125 0
      vertex 31.0996 -41.125 1.5
    endloop
  endfacet
  facet normal 1 0 0
    outer loop
      vertex 31.0996 -41.125 0
      vertex 31.0996 -54.125 1.5
      vertex 31.0996 -54.125 0
    endloop
  endfacet
  facet normal 0.92381 0.382852 0
    outer loop
      vertex 31.2461 -54.4785 1.5
      vertex 31.0996 -54.125 0
      vertex 31.0996 -54.125 1.5
    endloop
  endfacet
  facet normal 0.92381 0.382852 0
    outer loop
      vertex 31.0996 -54.125 0
      vertex 31.2461 -54.4785 1.5
      vertex 31.2461 -54.4785 0
    endloop
  endfacet
  facet normal 0.382852 0.92381 -0
    outer loop
      vertex 31.5996 -54.625 0
      vertex 31.2461 -54.4785 1.5
      vertex 31.5996 -54.625 1.5
    endloop
  endfacet
  facet normal 0.382852 0.92381 0
    outer loop
      vertex 31.2461 -54.4785 1.5
      vertex 31.5996 -54.625 0
      vertex 31.2461 -54.4785 0
    endloop
  endfacet
  facet normal 0 1 -0
    outer loop
      vertex 44.5996 -54.625 0
      vertex 31.5996 -54.625 1.5
      vertex 44.5996 -54.625 1.5
    endloop
  endfacet
  facet normal 0 1 0
    outer loop
      vertex 31.5996 -54.625 1.5
      vertex 44.5996 -54.625 0
      vertex 31.5996 -54.625 0
    endloop
  endfacet
  facet normal -0.382852 0.92381 0
    outer loop
      vertex 44.9531 -54.4785 0
      vertex 44.5996 -54.625 1.5
      vertex 44.9531 -54.4785 1.5
    endloop
  endfacet
  facet normal -0.382852 0.92381 0
    outer loop
      vertex 44.5996 -54.625 1.5
      vertex 44.9531 -54.4785 0
      vertex 44.5996 -54.625 0
    endloop
  endfacet
  facet normal -0.92381 0.382852 0
    outer loop
      vertex 64.0039 -54.4785 0
      vertex 64.1504 -54.125 1.5
      vertex 64.1504 -54.125 0
    endloop
  endfacet
  facet normal -0.92381 0.382852 0
    outer loop
      vertex 64.1504 -54.125 1.5
      vertex 64.0039 -54.4785 0
      vertex 64.0039 -54.4785 1.5
    endloop
  endfacet
  facet normal -1 0 0
    outer loop
      vertex 64.1504 -54.125 0
      vertex 64.1504 -41.125 1.5
      vertex 64.1504 -41.125 0
    endloop
  endfacet
  facet normal -1 -0 0
    outer loop
      vertex 64.1504 -41.125 1.5
      vertex 64.1504 -54.125 0
      vertex 64.1504 -54.125 1.5
    endloop
  endfacet
  facet normal -0.92381 -0.382852 0
    outer loop
      vertex 64.1504 -41.125 0
      vertex 64.0039 -40.7715 1.5
      vertex 64.0039 -40.7715 0
    endloop
  endfacet
  facet normal -0.92381 -0.382852 0
    outer loop
      vertex 64.0039 -40.7715 1.5
      vertex 64.1504 -41.125 0
      vertex 64.1504 -41.125 1.5
    endloop
  endfacet
  facet normal -0.382852 -0.92381 0
    outer loop
      vertex 63.6504 -40.625 0
      vertex 64.0039 -40.7715 1.5
      vertex 63.6504 -40.625 1.5
    endloop
  endfacet
  facet normal -0.382852 -0.92381 -0
    outer loop
      vertex 64.0039 -40.7715 1.5
      vertex 63.6504 -40.625 0
      vertex 64.0039 -40.7715 0
    endloop
  endfacet
  facet normal 0 -1 0
    outer loop
      vertex 50.6504 -40.625 0
      vertex 63.6504 -40.625 1.5
      vertex 50.6504 -40.625 1.5
    endloop
  endfacet
  facet normal 0 -1 -0
    outer loop
      vertex 63.6504 -40.625 1.5
      vertex 50.6504 -40.625 0
      vertex 63.6504 -40.625 0
    endloop
  endfacet
  facet normal 0.382852 -0.92381 0
    outer loop
      vertex 50.2969 -40.7715 0
      vertex 50.6504 -40.625 1.5
      vertex 50.2969 -40.7715 1.5
    endloop
  endfacet
  facet normal 0.382852 -0.92381 0
    outer loop
      vertex 50.6504 -40.625 1.5
      vertex 50.2969 -40.7715 0
      vertex 50.6504 -40.625 0
    endloop
  endfacet
  facet normal 0.92381 -0.382852 0
    outer loop
      vertex 50.1504 -41.125 1.5
      vertex 50.2969 -40.7715 0
      vertex 50.2969 -40.7715 1.5
    endloop
  endfacet
  facet normal 0.92381 -0.382852 0
    outer loop
      vertex 50.2969 -40.7715 0
      vertex 50.1504 -41.125 1.5
      vertex 50.1504 -41.125 0
    endloop
  endfacet
  facet normal 1 -0 0
    outer loop
      vertex 50.1504 -54.125 1.5
      vertex 50.1504 -41.125 0
      vertex 50.1504 -41.125 1.5
    endloop
  endfacet
  facet normal 1 0 0
    outer loop
      vertex 50.1504 -41.125 0
      vertex 50.1504 -54.125 1.5
      vertex 50.1504 -54.125 0
    endloop
  endfacet
  facet normal 0.92381 0.382852 0
    outer loop
      vertex 50.2969 -54.4785 1.5
      vertex 50.1504 -54.125 0
      vertex 50.1504 -54.125 1.5
    endloop
  endfacet
  facet normal 0.92381 0.382852 0
    outer loop
      vertex 50.1504 -54.125 0
      vertex 50.2969 -54.4785 1.5
      vertex 50.2969 -54.4785 0
    endloop
  endfacet
  facet normal 0.382852 0.92381 -0
    outer loop
      vertex 50.6504 -54.625 0
      vertex 50.2969 -54.4785 1.5
      vertex 50.6504 -54.625 1.5
    endloop
  endfacet
  facet normal 0.382852 0.92381 0
    outer loop
      vertex 50.2969 -54.4785 1.5
      vertex 50.6504 -54.625 0
      vertex 50.2969 -54.4785 0
    endloop
  endfacet
  facet normal 0 1 -0
    outer loop
      vertex 63.6504 -54.625 0
      vertex 50.6504 -54.625 1.5
      vertex 63.6504 -54.625 1.5
    endloop
  endfacet
  facet normal 0 1 0
    outer loop
      vertex 50.6504 -54.625 1.5
      vertex 63.6504 -54.625 0
      vertex 50.6504 -54.625 0
    endloop
  endfacet
  facet normal -0.382852 0.92381 0
    outer loop
      vertex 64.0039 -54.4785 0
      vertex 63.6504 -54.625 1.5
      vertex 64.0039 -54.4785 1.5
    endloop
  endfacet
  facet normal -0.382852 0.92381 0
    outer loop
      vertex 63.6504 -54.625 1.5
      vertex 64.0039 -54.4785 0
      vertex 63.6504 -54.625 0
    endloop
  endfacet
  facet normal -0.92381 0.382852 0
    outer loop
      vertex 83.0537 -54.4785 0
      vertex 83.2002 -54.125 1.5
      vertex 83.2002 -54.125 0
    endloop
  endfacet
  facet normal -0.92381 0.382852 0
    outer loop
      vertex 83.2002 -54.125 1.5
      vertex 83.0537 -54.4785 0
      vertex 83.0537 -54.4785 1.5
    endloop
  endfacet
  facet normal -1 0 0
    outer loop
      vertex 83.2002 -54.125 0
      vertex 83.2002 -41.125 1.5
      vertex 83.2002 -41.125 0
    endloop
  endfacet
  facet normal -1 -0 0
    outer loop
      vertex 83.2002 -41.125 1.5
      vertex 83.2002 -54.125 0
      vertex 83.2002 -54.125 1.5
    endloop
  endfacet
  facet normal -0.92381 -0.382852 0
    outer loop
      vertex 83.2002 -41.125 0
      vertex 83.0537 -40.7715 1.5
      vertex 83.0537 -40.7715 0
    endloop
  endfacet
  facet normal -0.92381 -0.382852 0
    outer loop
      vertex 83.0537 -40.7715 1.5
      vertex 83.2002 -41.125 0
      vertex 83.2002 -41.125 1.5
    endloop
  endfacet
  facet normal -0.382852 -0.92381 0
    outer loop
      vertex 82.7002 -40.625 0
      vertex 83.0537 -40.7715 1.5
      vertex 82.7002 -40.625 1.5
    endloop
  endfacet
  facet normal -0.382852 -0.92381 -0
    outer loop
      vertex 83.0537 -40.7715 1.5
      vertex 82.7002 -40.625 0
      vertex 83.0537 -40.7715 0
    endloop
  endfacet
  facet normal 0 -1 0
    outer loop
      vertex 69.7002 -40.625 0
      vertex 82.7002 -40.625 1.5
      vertex 69.7002 -40.625 1.5
    endloop
  endfacet
  facet normal 0 -1 -0
    outer loop
      vertex 82.7002 -40.625 1.5
      vertex 69.7002 -40.625 0
      vertex 82.7002 -40.625 0
    endloop
  endfacet
  facet normal 0.382852 -0.92381 0
    outer loop
      vertex 69.3467 -40.7715 0
      vertex 69.7002 -40.625 1.5
      vertex 69.3467 -40.7715 1.5
    endloop
  endfacet
  facet normal 0.382852 -0.92381 0
    outer loop
      vertex 69.7002 -40.625 1.5
      vertex 69.3467 -40.7715 0
      vertex 69.7002 -40.625 0
    endloop
  endfacet
  facet normal 0.92381 -0.382852 0
    outer loop
      vertex 69.2002 -41.125 1.5
      vertex 69.3467 -40.7715 0
      vertex 69.3467 -40.7715 1.5
    endloop
  endfacet
  facet normal 0.92381 -0.382852 0
    outer loop
      vertex 69.3467 -40.7715 0
      vertex 69.2002 -41.125 1.5
      vertex 69.2002 -41.125 0
    endloop
  endfacet
  facet normal 1 -0 0
    outer loop
      vertex 69.2002 -54.125 1.5
      vertex 69.2002 -41.125 0
      vertex 69.2002 -41.125 1.5
    endloop
  endfacet
  facet normal 1 0 0
    outer loop
      vertex 69.2002 -41.125 0
      vertex 69.2002 -54.125 1.5
      vertex 69.2002 -54.125 0
    endloop
  endfacet
  facet normal 0.92381 0.382852 0
    outer loop
      vertex 69.3467 -54.4785 1.5
      vertex 69.2002 -54.125 0
      vertex 69.2002 -54.125 1.5
    endloop
  endfacet
  facet normal 0.92381 0.382852 0
    outer loop
      vertex 69.2002 -54.125 0
      vertex 69.3467 -54.4785 1.5
      vertex 69.3467 -54.4785 0
    endloop
  endfacet
  facet normal 0.382852 0.92381 -0
    outer loop
      vertex 69.7002 -54.625 0
      vertex 69.3467 -54.4785 1.5
      vertex 69.7002 -54.625 1.5
    endloop
  endfacet
  facet normal 0.382852 0.92381 0
    outer loop
      vertex 69.3467 -54.4785 1.5
      vertex 69.7002 -54.625 0
      vertex 69.3467 -54.4785 0
    endloop
  endfacet
  facet normal 0 1 -0
    outer loop
      vertex 82.7002 -54.625 0
      vertex 69.7002 -54.625 1.5
      vertex 82.7002 -54.625 1.5
    endloop
  endfacet
  facet normal 0 1 0
    outer loop
      vertex 69.7002 -54.625 1.5
      vertex 82.7002 -54.625 0
      vertex 69.7002 -54.625 0
    endloop
  endfacet
  facet normal -0.382852 0.92381 0
    outer loop
      vertex 83.0537 -54.4785 0
      vertex 82.7002 -54.625 1.5
      vertex 83.0537 -54.4785 1.5
    endloop
  endfacet
  facet normal -0.382852 0.92381 0
    outer loop
      vertex 82.7002 -54.625 1.5
      vertex 83.0537 -54.4785 0
      vertex 82.7002 -54.625 0
    endloop
  endfacet
  facet normal -0.924271 0.381736 0
    outer loop
      vertex 102.104 -54.4785 0
      vertex 102.25 -54.125 1.5
      vertex 102.25 -54.125 0
    endloop
  endfacet
  facet normal -0.924271 0.381736 0
    outer loop
      vertex 102.25 -54.125 1.5
      vertex 102.104 -54.4785 0
      vertex 102.104 -54.4785 1.5
    endloop
  endfacet
  facet normal -1 0 0
    outer loop
      vertex 102.25 -54.125 0
      vertex 102.25 -41.125 1.5
      vertex 102.25 -41.125 0
    endloop
  endfacet
  facet normal -1 -0 0
    outer loop
      vertex 102.25 -41.125 1.5
      vertex 102.25 -54.125 0
      vertex 102.25 -54.125 1.5
    endloop
  endfacet
  facet normal -0.924271 -0.381736 0
    outer loop
      vertex 102.25 -41.125 0
      vertex 102.104 -40.7715 1.5
      vertex 102.104 -40.7715 0
    endloop
  endfacet
  facet normal -0.924271 -0.381736 0
    outer loop
      vertex 102.104 -40.7715 1.5
      vertex 102.25 -41.125 0
      vertex 102.25 -41.125 1.5
    endloop
  endfacet
  facet normal -0.38239 -0.924001 0
    outer loop
      vertex 101.75 -40.625 0
      vertex 102.104 -40.7715 1.5
      vertex 101.75 -40.625 1.5
    endloop
  endfacet
  facet normal -0.38239 -0.924001 -0
    outer loop
      vertex 102.104 -40.7715 1.5
      vertex 101.75 -40.625 0
      vertex 102.104 -40.7715 0
    endloop
  endfacet
  facet normal 0 -1 0
    outer loop
      vertex 88.75 -40.625 0
      vertex 101.75 -40.625 1.5
      vertex 88.75 -40.625 1.5
    endloop
  endfacet
  facet normal 0 -1 -0
    outer loop
      vertex 101.75 -40.625 1.5
      vertex 88.75 -40.625 0
      vertex 101.75 -40.625 0
    endloop
  endfacet
  facet normal 0.382852 -0.92381 0
    outer loop
      vertex 88.3965 -40.7715 0
      vertex 88.75 -40.625 1.5
      vertex 88.3965 -40.7715 1.5
    endloop
  endfacet
  facet normal 0.382852 -0.92381 0
    outer loop
      vertex 88.75 -40.625 1.5
      vertex 88.3965 -40.7715 0
      vertex 88.75 -40.625 0
    endloop
  endfacet
  facet normal 0.92381 -0.382852 0
    outer loop
      vertex 88.25 -41.125 1.5
      vertex 88.3965 -40.7715 0
      vertex 88.3965 -40.7715 1.5
    endloop
  endfacet
  facet normal 0.92381 -0.382852 0
    outer loop
      vertex 88.3965 -40.7715 0
      vertex 88.25 -41.125 1.5
      vertex 88.25 -41.125 0
    endloop
  endfacet
  facet normal 1 -0 0
    outer loop
      vertex 88.25 -54.125 1.5
      vertex 88.25 -41.125 0
      vertex 88.25 -41.125 1.5
    endloop
  endfacet
  facet normal 1 0 0
    outer loop
      vertex 88.25 -41.125 0
      vertex 88.25 -54.125 1.5
      vertex 88.25 -54.125 0
    endloop
  endfacet
  facet normal 0.92381 0.382852 0
    outer loop
      vertex 88.3965 -54.4785 1.5
      vertex 88.25 -54.125 0
      vertex 88.25 -54.125 1.5
    endloop
  endfacet
  facet normal 0.92381 0.382852 0
    outer loop
      vertex 88.25 -54.125 0
      vertex 88.3965 -54.4785 1.5
      vertex 88.3965 -54.4785 0
    endloop
  endfacet
  facet normal 0.382852 0.92381 -0
    outer loop
      vertex 88.75 -54.625 0
      vertex 88.3965 -54.4785 1.5
      vertex 88.75 -54.625 1.5
    endloop
  endfacet
  facet normal 0.382852 0.92381 0
    outer loop
      vertex 88.3965 -54.4785 1.5
      vertex 88.75 -54.625 0
      vertex 88.3965 -54.4785 0
    endloop
  endfacet
  facet normal 0 1 -0
    outer loop
      vertex 101.75 -54.625 0
      vertex 88.75 -54.625 1.5
      vertex 101.75 -54.625 1.5
    endloop
  endfacet
  facet normal 0 1 0
    outer loop
      vertex 88.75 -54.625 1.5
      vertex 101.75 -54.625 0
      vertex 88.75 -54.625 0
    endloop
  endfacet
  facet normal -0.38239 0.924001 0
    outer loop
      vertex 102.104 -54.4785 0
      vertex 101.75 -54.625 1.5
      vertex 102.104 -54.4785 1.5
    endloop
  endfacet
  facet normal -0.38239 0.924001 0
    outer loop
      vertex 101.75 -54.625 1.5
      vertex 102.104 -54.4785 0
      vertex 101.75 -54.625 0
    endloop
  endfacet
  facet normal -0.923347 0.383966 0
    outer loop
      vertex 121.153 -54.4785 0
      vertex 121.3 -54.125 1.5
      vertex 121.3 -54.125 0
    endloop
  endfacet
  facet normal -0.923347 0.383966 0
    outer loop
      vertex 121.3 -54.125 1.5
      vertex 121.153 -54.4785 0
      vertex 121.153 -54.4785 1.5
    endloop
  endfacet
  facet normal -1 0 0
    outer loop
      vertex 121.3 -54.125 0
      vertex 121.3 -41.125 1.5
      vertex 121.3 -41.125 0
    endloop
  endfacet
  facet normal -1 -0 0
    outer loop
      vertex 121.3 -41.125 1.5
      vertex 121.3 -54.125 0
      vertex 121.3 -54.125 1.5
    endloop
  endfacet
  facet normal -0.923347 -0.383966 0
    outer loop
      vertex 121.3 -41.125 0
      vertex 121.153 -40.7715 1.5
      vertex 121.153 -40.7715 0
    endloop
  endfacet
  facet normal -0.923347 -0.383966 0
    outer loop
      vertex 121.153 -40.7715 1.5
      vertex 121.3 -41.125 0
      vertex 121.3 -41.125 1.5
    endloop
  endfacet
  facet normal -0.383315 -0.923618 0
    outer loop
      vertex 120.8 -40.625 0
      vertex 121.153 -40.7715 1.5
      vertex 120.8 -40.625 1.5
    endloop
  endfacet
  facet normal -0.383315 -0.923618 -0
    outer loop
      vertex 121.153 -40.7715 1.5
      vertex 120.8 -40.625 0
      vertex 121.153 -40.7715 0
    endloop
  endfacet
  facet normal 0 -1 0
    outer loop
      vertex 107.8 -40.625 0
      vertex 120.8 -40.625 1.5
      vertex 107.8 -40.625 1.5
    endloop
  endfacet
  facet normal 0 -1 -0
    outer loop
      vertex 120.8 -40.625 1.5
      vertex 107.8 -40.625 0
      vertex 120.8 -40.625 0
    endloop
  endfacet
  facet normal 0.38239 -0.924001 0
    outer loop
      vertex 107.446 -40.7715 0
      vertex 107.8 -40.625 1.5
      vertex 107.446 -40.7715 1.5
    endloop
  endfacet
  facet normal 0.38239 -0.924001 0
    outer loop
      vertex 107.8 -40.625 1.5
      vertex 107.446 -40.7715 0
      vertex 107.8 -40.625 0
    endloop
  endfacet
  facet normal 0.924271 -0.381736 0
    outer loop
      vertex 107.3 -41.125 1.5
      vertex 107.446 -40.7715 0
      vertex 107.446 -40.7715 1.5
    endloop
  endfacet
  facet normal 0.924271 -0.381736 0
    outer loop
      vertex 107.446 -40.7715 0
      vertex 107.3 -41.125 1.5
      vertex 107.3 -41.125 0
    endloop
  endfacet
  facet normal 1 -0 0
    outer loop
      vertex 107.3 -54.125 1.5
      vertex 107.3 -41.125 0
      vertex 107.3 -41.125 1.5
    endloop
  endfacet
  facet normal 1 0 0
    outer loop
      vertex 107.3 -41.125 0
      vertex 107.3 -54.125 1.5
      vertex 107.3 -54.125 0
    endloop
  endfacet
  facet normal 0.924271 0.381736 0
    outer loop
      vertex 107.446 -54.4785 1.5
      vertex 107.3 -54.125 0
      vertex 107.3 -54.125 1.5
    endloop
  endfacet
  facet normal 0.924271 0.381736 0
    outer loop
      vertex 107.3 -54.125 0
      vertex 107.446 -54.4785 1.5
      vertex 107.446 -54.4785 0
    endloop
  endfacet
  facet normal 0.38239 0.924001 -0
    outer loop
      vertex 107.8 -54.625 0
      vertex 107.446 -54.4785 1.5
      vertex 107.8 -54.625 1.5
    endloop
  endfacet
  facet normal 0.38239 0.924001 0
    outer loop
      vertex 107.446 -54.4785 1.5
      vertex 107.8 -54.625 0
      vertex 107.446 -54.4785 0
    endloop
  endfacet
  facet normal 0 1 -0
    outer loop
      vertex 120.8 -54.625 0
      vertex 107.8 -54.625 1.5
      vertex 120.8 -54.625 1.5
    endloop
  endfacet
  facet normal 0 1 0
    outer loop
      vertex 107.8 -54.625 1.5
      vertex 120.8 -54.625 0
      vertex 107.8 -54.625 0
    endloop
  endfacet
  facet normal -0.383315 0.923618 0
    outer loop
      vertex 121.153 -54.4785 0
      vertex 120.8 -54.625 1.5
      vertex 121.153 -54.4785 1.5
    endloop
  endfacet
  facet normal -0.383315 0.923618 0
    outer loop
      vertex 120.8 -54.625 1.5
      vertex 121.153 -54.4785 0
      vertex 120.8 -54.625 0
    endloop
  endfacet
  facet normal -0.923347 0.383966 0
    outer loop
      vertex 140.203 -54.4785 0
      vertex 140.35 -54.125 1.5
      vertex 140.35 -54.125 0
    endloop
  endfacet
  facet normal -0.923347 0.383966 0
    outer loop
      vertex 140.35 -54.125 1.5
      vertex 140.203 -54.4785 0
      vertex 140.203 -54.4785 1.5
    endloop
  endfacet
  facet normal -1 0 0
    outer loop
      vertex 140.35 -54.125 0
      vertex 140.35 -41.125 1.5
      vertex 140.35 -41.125 0
    endloop
  endfacet
  facet normal -1 -0 0
    outer loop
      vertex 140.35 -41.125 1.5
      vertex 140.35 -54.125 0
      vertex 140.35 -54.125 1.5
    endloop
  endfacet
  facet normal -0.923347 -0.383966 0
    outer loop
      vertex 140.35 -41.125 0
      vertex 140.203 -40.7715 1.5
      vertex 140.203 -40.7715 0
    endloop
  endfacet
  facet normal -0.923347 -0.383966 0
    outer loop
      vertex 140.203 -40.7715 1.5
      vertex 140.35 -41.125 0
      vertex 140.35 -41.125 1.5
    endloop
  endfacet
  facet normal -0.383315 -0.923618 0
    outer loop
      vertex 139.85 -40.625 0
      vertex 140.203 -40.7715 1.5
      vertex 139.85 -40.625 1.5
    endloop
  endfacet
  facet normal -0.383315 -0.923618 -0
    outer loop
      vertex 140.203 -40.7715 1.5
      vertex 139.85 -40.625 0
      vertex 140.203 -40.7715 0
    endloop
  endfacet
  facet normal 0 -1 0
    outer loop
      vertex 126.85 -40.625 0
      vertex 139.85 -40.625 1.5
      vertex 126.85 -40.625 1.5
    endloop
  endfacet
  facet normal 0 -1 -0
    outer loop
      vertex 139.85 -40.625 1.5
      vertex 126.85 -40.625 0
      vertex 139.85 -40.625 0
    endloop
  endfacet
  facet normal 0.38239 -0.924001 0
    outer loop
      vertex 126.496 -40.7715 0
      vertex 126.85 -40.625 1.5
      vertex 126.496 -40.7715 1.5
    endloop
  endfacet
  facet normal 0.38239 -0.924001 0
    outer loop
      vertex 126.85 -40.625 1.5
      vertex 126.496 -40.7715 0
      vertex 126.85 -40.625 0
    endloop
  endfacet
  facet normal 0.924271 -0.381736 0
    outer loop
      vertex 126.35 -41.125 1.5
      vertex 126.496 -40.7715 0
      vertex 126.496 -40.7715 1.5
    endloop
  endfacet
  facet normal 0.924271 -0.381736 0
    outer loop
      vertex 126.496 -40.7715 0
      vertex 126.35 -41.125 1.5
      vertex 126.35 -41.125 0
    endloop
  endfacet
  facet normal 1 -0 0
    outer loop
      vertex 126.35 -54.125 1.5
      vertex 126.35 -41.125 0
      vertex 126.35 -41.125 1.5
    endloop
  endfacet
  facet normal 1 0 0
    outer loop
      vertex 126.35 -41.125 0
      vertex 126.35 -54.125 1.5
      vertex 126.35 -54.125 0
    endloop
  endfacet
  facet normal 0.924271 0.381736 0
    outer loop
      vertex 126.496 -54.4785 1.5
      vertex 126.35 -54.125 0
      vertex 126.35 -54.125 1.5
    endloop
  endfacet
  facet normal 0.924271 0.381736 0
    outer loop
      vertex 126.35 -54.125 0
      vertex 126.496 -54.4785 1.5
      vertex 126.496 -54.4785 0
    endloop
  endfacet
  facet normal 0.38239 0.924001 -0
    outer loop
      vertex 126.85 -54.625 0
      vertex 126.496 -54.4785 1.5
      vertex 126.85 -54.625 1.5
    endloop
  endfacet
  facet normal 0.38239 0.924001 0
    outer loop
      vertex 126.496 -54.4785 1.5
      vertex 126.85 -54.625 0
      vertex 126.496 -54.4785 0
    endloop
  endfacet
  facet normal 0 1 -0
    outer loop
      vertex 139.85 -54.625 0
      vertex 126.85 -54.625 1.5
      vertex 139.85 -54.625 1.5
    endloop
  endfacet
  facet normal 0 1 0
    outer loop
      vertex 126.85 -54.625 1.5
      vertex 139.85 -54.625 0
      vertex 126.85 -54.625 0
    endloop
  endfacet
  facet normal -0.383315 0.923618 0
    outer loop
      vertex 140.203 -54.4785 0
      vertex 139.85 -54.625 1.5
      vertex 140.203 -54.4785 1.5
    endloop
  endfacet
  facet normal -0.383315 0.923618 0
    outer loop
      vertex 139.85 -54.625 1.5
      vertex 140.203 -54.4785 0
      vertex 139.85 -54.625 0
    endloop
  endfacet
  facet normal -0.924271 0.381736 0
    outer loop
      vertex 159.254 -54.4785 0
      vertex 159.4 -54.125 1.5
      vertex 159.4 -54.125 0
    endloop
  endfacet
  facet normal -0.924271 0.381736 0
    outer loop
      vertex 159.4 -54.125 1.5
      vertex 159.254 -54.4785 0
      vertex 159.254 -54.4785 1.5
    endloop
  endfacet
  facet normal -1 0 0
    outer loop
      vertex 159.4 -54.125 0
      vertex 159.4 -41.125 1.5
      vertex 159.4 -41.125 0
    endloop
  endfacet
  facet normal -1 -0 0
    outer loop
      vertex 159.4 -41.125 1.5
      vertex 159.4 -54.125 0
      vertex 159.4 -54.125 1.5
    endloop
  endfacet
  facet normal -0.924271 -0.381736 0
    outer loop
      vertex 159.4 -41.125 0
      vertex 159.254 -40.7715 1.5
      vertex 159.254 -40.7715 0
    endloop
  endfacet
  facet normal -0.924271 -0.381736 0
    outer loop
      vertex 159.254 -40.7715 1.5
      vertex 159.4 -41.125 0
      vertex 159.4 -41.125 1.5
    endloop
  endfacet
  facet normal -0.38239 -0.924001 0
    outer loop
      vertex 158.9 -40.625 0
      vertex 159.254 -40.7715 1.5
      vertex 158.9 -40.625 1.5
    endloop
  endfacet
  facet normal -0.38239 -0.924001 -0
    outer loop
      vertex 159.254 -40.7715 1.5
      vertex 158.9 -40.625 0
      vertex 159.254 -40.7715 0
    endloop
  endfacet
  facet normal 0 -1 0
    outer loop
      vertex 145.9 -40.625 0
      vertex 158.9 -40.625 1.5
      vertex 145.9 -40.625 1.5
    endloop
  endfacet
  facet normal 0 -1 -0
    outer loop
      vertex 158.9 -40.625 1.5
      vertex 145.9 -40.625 0
      vertex 158.9 -40.625 0
    endloop
  endfacet
  facet normal 0.383315 -0.923618 0
    outer loop
      vertex 145.547 -40.7715 0
      vertex 145.9 -40.625 1.5
      vertex 145.547 -40.7715 1.5
    endloop
  endfacet
  facet normal 0.383315 -0.923618 0
    outer loop
      vertex 145.9 -40.625 1.5
      vertex 145.547 -40.7715 0
      vertex 145.9 -40.625 0
    endloop
  endfacet
  facet normal 0.923347 -0.383966 0
    outer loop
      vertex 145.4 -41.125 1.5
      vertex 145.547 -40.7715 0
      vertex 145.547 -40.7715 1.5
    endloop
  endfacet
  facet normal 0.923347 -0.383966 0
    outer loop
      vertex 145.547 -40.7715 0
      vertex 145.4 -41.125 1.5
      vertex 145.4 -41.125 0
    endloop
  endfacet
  facet normal 1 -0 0
    outer loop
      vertex 145.4 -54.125 1.5
      vertex 145.4 -41.125 0
      vertex 145.4 -41.125 1.5
    endloop
  endfacet
  facet normal 1 0 0
    outer loop
      vertex 145.4 -41.125 0
      vertex 145.4 -54.125 1.5
      vertex 145.4 -54.125 0
    endloop
  endfacet
  facet normal 0.923347 0.383966 0
    outer loop
      vertex 145.547 -54.4785 1.5
      vertex 145.4 -54.125 0
      vertex 145.4 -54.125 1.5
    endloop
  endfacet
  facet normal 0.923347 0.383966 0
    outer loop
      vertex 145.4 -54.125 0
      vertex 145.547 -54.4785 1.5
      vertex 145.547 -54.4785 0
    endloop
  endfacet
  facet normal 0.383315 0.923618 -0
    outer loop
      vertex 145.9 -54.625 0
      vertex 145.547 -54.4785 1.5
      vertex 145.9 -54.625 1.5
    endloop
  endfacet
  facet normal 0.383315 0.923618 0
    outer loop
      vertex 145.547 -54.4785 1.5
      vertex 145.9 -54.625 0
      vertex 145.547 -54.4785 0
    endloop
  endfacet
  facet normal 0 1 -0
    outer loop
      vertex 158.9 -54.625 0
      vertex 145.9 -54.625 1.5
      vertex 158.9 -54.625 1.5
    endloop
  endfacet
  facet normal 0 1 0
    outer loop
      vertex 145.9 -54.625 1.5
      vertex 158.9 -54.625 0
      vertex 145.9 -54.625 0
    endloop
  endfacet
  facet normal -0.38239 0.924001 0
    outer loop
      vertex 159.254 -54.4785 0
      vertex 158.9 -54.625 1.5
      vertex 159.254 -54.4785 1.5
    endloop
  endfacet
  facet normal -0.38239 0.924001 0
    outer loop
      vertex 158.9 -54.625 1.5
      vertex 159.254 -54.4785 0
      vertex 158.9 -54.625 0
    endloop
  endfacet
  facet normal -0.924271 0.381736 0
    outer loop
      vertex 178.304 -54.4785 0
      vertex 178.45 -54.125 1.5
      vertex 178.45 -54.125 0
    endloop
  endfacet
  facet normal -0.924271 0.381736 0
    outer loop
      vertex 178.45 -54.125 1.5
      vertex 178.304 -54.4785 0
      vertex 178.304 -54.4785 1.5
    endloop
  endfacet
  facet normal -1 0 0
    outer loop
      vertex 178.45 -54.125 0
      vertex 178.45 -41.125 1.5
      vertex 178.45 -41.125 0
    endloop
  endfacet
  facet normal -1 -0 0
    outer loop
      vertex 178.45 -41.125 1.5
      vertex 178.45 -54.125 0
      vertex 178.45 -54.125 1.5
    endloop
  endfacet
  facet normal -0.924271 -0.381736 0
    outer loop
      vertex 178.45 -41.125 0
      vertex 178.304 -40.7715 1.5
      vertex 178.304 -40.7715 0
    endloop
  endfacet
  facet normal -0.924271 -0.381736 0
    outer loop
      vertex 178.304 -40.7715 1.5
      vertex 178.45 -41.125 0
      vertex 178.45 -41.125 1.5
    endloop
  endfacet
  facet normal -0.38239 -0.924001 0
    outer loop
      vertex 177.95 -40.625 0
      vertex 178.304 -40.7715 1.5
      vertex 177.95 -40.625 1.5
    endloop
  endfacet
  facet normal -0.38239 -0.924001 -0
    outer loop
      vertex 178.304 -40.7715 1.5
      vertex 177.95 -40.625 0
      vertex 178.304 -40.7715 0
    endloop
  endfacet
  facet normal 0 -1 0
    outer loop
      vertex 164.95 -40.625 0
      vertex 177.95 -40.625 1.5
      vertex 164.95 -40.625 1.5
    endloop
  endfacet
  facet normal 0 -1 -0
    outer loop
      vertex 177.95 -40.625 1.5
      vertex 164.95 -40.625 0
      vertex 177.95 -40.625 0
    endloop
  endfacet
  facet normal 0.383315 -0.923618 0
    outer loop
      vertex 164.597 -40.7715 0
      vertex 164.95 -40.625 1.5
      vertex 164.597 -40.7715 1.5
    endloop
  endfacet
  facet normal 0.383315 -0.923618 0
    outer loop
      vertex 164.95 -40.625 1.5
      vertex 164.597 -40.7715 0
      vertex 164.95 -40.625 0
    endloop
  endfacet
  facet normal 0.923347 -0.383966 0
    outer loop
      vertex 164.45 -41.125 1.5
      vertex 164.597 -40.7715 0
      vertex 164.597 -40.7715 1.5
    endloop
  endfacet
  facet normal 0.923347 -0.383966 0
    outer loop
      vertex 164.597 -40.7715 0
      vertex 164.45 -41.125 1.5
      vertex 164.45 -41.125 0
    endloop
  endfacet
  facet normal 1 -0 0
    outer loop
      vertex 164.45 -54.125 1.5
      vertex 164.45 -41.125 0
      vertex 164.45 -41.125 1.5
    endloop
  endfacet
  facet normal 1 0 0
    outer loop
      vertex 164.45 -41.125 0
      vertex 164.45 -54.125 1.5
      vertex 164.45 -54.125 0
    endloop
  endfacet
  facet normal 0.923347 0.383966 0
    outer loop
      vertex 164.597 -54.4785 1.5
      vertex 164.45 -54.125 0
      vertex 164.45 -54.125 1.5
    endloop
  endfacet
  facet normal 0.923347 0.383966 0
    outer loop
      vertex 164.45 -54.125 0
      vertex 164.597 -54.4785 1.5
      vertex 164.597 -54.4785 0
    endloop
  endfacet
  facet normal 0.383315 0.923618 -0
    outer loop
      vertex 164.95 -54.625 0
      vertex 164.597 -54.4785 1.5
      vertex 164.95 -54.625 1.5
    endloop
  endfacet
  facet normal 0.383315 0.923618 0
    outer loop
      vertex 164.597 -54.4785 1.5
      vertex 164.95 -54.625 0
      vertex 164.597 -54.4785 0
    endloop
  endfacet
  facet normal 0 1 -0
    outer loop
      vertex 177.95 -54.625 0
      vertex 164.95 -54.625 1.5
      vertex 177.95 -54.625 1.5
    endloop
  endfacet
  facet normal 0 1 0
    outer loop
      vertex 164.95 -54.625 1.5
      vertex 177.95 -54.625 0
      vertex 164.95 -54.625 0
    endloop
  endfacet
  facet normal -0.38239 0.924001 0
    outer loop
      vertex 178.304 -54.4785 0
      vertex 177.95 -54.625 1.5
      vertex 178.304 -54.4785 1.5
    endloop
  endfacet
  facet normal -0.38239 0.924001 0
    outer loop
      vertex 177.95 -54.625 1.5
      vertex 178.304 -54.4785 0
      vertex 177.95 -54.625 0
    endloop
  endfacet
  facet normal -0.924271 0.381736 0
    outer loop
      vertex 197.354 -54.4785 0
      vertex 197.5 -54.125 1.5
      vertex 197.5 -54.125 0
    endloop
  endfacet
  facet normal -0.924271 0.381736 0
    outer loop
      vertex 197.5 -54.125 1.5
      vertex 197.354 -54.4785 0
      vertex 197.354 -54.4785 1.5
    endloop
  endfacet
  facet normal -1 0 0
    outer loop
      vertex 197.5 -54.125 0
      vertex 197.5 -41.125 1.5
      vertex 197.5 -41.125 0
    endloop
  endfacet
  facet normal -1 -0 0
    outer loop
      vertex 197.5 -41.125 1.5
      vertex 197.5 -54.125 0
      vertex 197.5 -54.125 1.5
    endloop
  endfacet
  facet normal -0.924271 -0.381736 0
    outer loop
      vertex 197.5 -41.125 0
      vertex 197.354 -40.7715 1.5
      vertex 197.354 -40.7715 0
    endloop
  endfacet
  facet normal -0.924271 -0.381736 0
    outer loop
      vertex 197.354 -40.7715 1.5
      vertex 197.5 -41.125 0
      vertex 197.5 -41.125 1.5
    endloop
  endfacet
  facet normal -0.38239 -0.924001 0
    outer loop
      vertex 197 -40.625 0
      vertex 197.354 -40.7715 1.5
      vertex 197 -40.625 1.5
    endloop
  endfacet
  facet normal -0.38239 -0.924001 -0
    outer loop
      vertex 197.354 -40.7715 1.5
      vertex 197 -40.625 0
      vertex 197.354 -40.7715 0
    endloop
  endfacet
  facet normal 0 -1 0
    outer loop
      vertex 184 -40.625 0
      vertex 197 -40.625 1.5
      vertex 184 -40.625 1.5
    endloop
  endfacet
  facet normal 0 -1 -0
    outer loop
      vertex 197 -40.625 1.5
      vertex 184 -40.625 0
      vertex 197 -40.625 0
    endloop
  endfacet
  facet normal 0.38239 -0.924001 0
    outer loop
      vertex 183.646 -40.7715 0
      vertex 184 -40.625 1.5
      vertex 183.646 -40.7715 1.5
    endloop
  endfacet
  facet normal 0.38239 -0.924001 0
    outer loop
      vertex 184 -40.625 1.5
      vertex 183.646 -40.7715 0
      vertex 184 -40.625 0
    endloop
  endfacet
  facet normal 0.924271 -0.381736 0
    outer loop
      vertex 183.5 -41.125 1.5
      vertex 183.646 -40.7715 0
      vertex 183.646 -40.7715 1.5
    endloop
  endfacet
  facet normal 0.924271 -0.381736 0
    outer loop
      vertex 183.646 -40.7715 0
      vertex 183.5 -41.125 1.5
      vertex 183.5 -41.125 0
    endloop
  endfacet
  facet normal 1 -0 0
    outer loop
      vertex 183.5 -54.125 1.5
      vertex 183.5 -41.125 0
      vertex 183.5 -41.125 1.5
    endloop
  endfacet
  facet normal 1 0 0
    outer loop
      vertex 183.5 -41.125 0
      vertex 183.5 -54.125 1.5
      vertex 183.5 -54.125 0
    endloop
  endfacet
  facet normal 0.924271 0.381736 0
    outer loop
      vertex 183.646 -54.4785 1.5
      vertex 183.5 -54.125 0
      vertex 183.5 -54.125 1.5
    endloop
  endfacet
  facet normal 0.924271 0.381736 0
    outer loop
      vertex 183.5 -54.125 0
      vertex 183.646 -54.4785 1.5
      vertex 183.646 -54.4785 0
    endloop
  endfacet
  facet normal 0.38239 0.924001 -0
    outer loop
      vertex 184 -54.625 0
      vertex 183.646 -54.4785 1.5
      vertex 184 -54.625 1.5
    endloop
  endfacet
  facet normal 0.38239 0.924001 0
    outer loop
      vertex 183.646 -54.4785 1.5
      vertex 184 -54.625 0
      vertex 183.646 -54.4785 0
    endloop
  endfacet
  facet normal 0 1 -0
    outer loop
      vertex 197 -54.625 0
      vertex 184 -54.625 1.5
      vertex 197 -54.625 1.5
    endloop
  endfacet
  facet normal 0 1 0
    outer loop
      vertex 184 -54.625 1.5
      vertex 197 -54.625 0
      vertex 184 -54.625 0
    endloop
  endfacet
  facet normal -0.38239 0.924001 0
    outer loop
      vertex 197.354 -54.4785 0
      vertex 197 -54.625 1.5
      vertex 197.354 -54.4785 1.5
    endloop
  endfacet
  facet normal -0.38239 0.924001 0
    outer loop
      vertex 197 -54.625 1.5
      vertex 197.354 -54.4785 0
      vertex 197 -54.625 0
    endloop
  endfacet
  facet normal -0.923347 0.383966 0
    outer loop
      vertex 216.403 -54.4785 0
      vertex 216.55 -54.125 1.5
      vertex 216.55 -54.125 0
    endloop
  endfacet
  facet normal -0.923347 0.383966 0
    outer loop
      vertex 216.55 -54.125 1.5
      vertex 216.403 -54.4785 0
      vertex 216.403 -54.4785 1.5
    endloop
  endfacet
  facet normal -1 0 0
    outer loop
      vertex 216.55 -54.125 0
      vertex 216.55 -41.125 1.5
      vertex 216.55 -41.125 0
    endloop
  endfacet
  facet normal -1 -0 0
    outer loop
      vertex 216.55 -41.125 1.5
      vertex 216.55 -54.125 0
      vertex 216.55 -54.125 1.5
    endloop
  endfacet
  facet normal -0.923347 -0.383966 0
    outer loop
      vertex 216.55 -41.125 0
      vertex 216.403 -40.7715 1.5
      vertex 216.403 -40.7715 0
    endloop
  endfacet
  facet normal -0.923347 -0.383966 0
    outer loop
      vertex 216.403 -40.7715 1.5
      vertex 216.55 -41.125 0
      vertex 216.55 -41.125 1.5
    endloop
  endfacet
  facet normal -0.383315 -0.923618 0
    outer loop
      vertex 216.05 -40.625 0
      vertex 216.403 -40.7715 1.5
      vertex 216.05 -40.625 1.5
    endloop
  endfacet
  facet normal -0.383315 -0.923618 -0
    outer loop
      vertex 216.403 -40.7715 1.5
      vertex 216.05 -40.625 0
      vertex 216.403 -40.7715 0
    endloop
  endfacet
  facet normal 0 -1 0
    outer loop
      vertex 203.05 -40.625 0
      vertex 216.05 -40.625 1.5
      vertex 203.05 -40.625 1.5
    endloop
  endfacet
  facet normal 0 -1 -0
    outer loop
      vertex 216.05 -40.625 1.5
      vertex 203.05 -40.625 0
      vertex 216.05 -40.625 0
    endloop
  endfacet
  facet normal 0.38239 -0.924001 0
    outer loop
      vertex 202.696 -40.7715 0
      vertex 203.05 -40.625 1.5
      vertex 202.696 -40.7715 1.5
    endloop
  endfacet
  facet normal 0.38239 -0.924001 0
    outer loop
      vertex 203.05 -40.625 1.5
      vertex 202.696 -40.7715 0
      vertex 203.05 -40.625 0
    endloop
  endfacet
  facet normal 0.924271 -0.381736 0
    outer loop
      vertex 202.55 -41.125 1.5
      vertex 202.696 -40.7715 0
      vertex 202.696 -40.7715 1.5
    endloop
  endfacet
  facet normal 0.924271 -0.381736 0
    outer loop
      vertex 202.696 -40.7715 0
      vertex 202.55 -41.125 1.5
      vertex 202.55 -41.125 0
    endloop
  endfacet
  facet normal 1 -0 0
    outer loop
      vertex 202.55 -54.125 1.5
      vertex 202.55 -41.125 0
      vertex 202.55 -41.125 1.5
    endloop
  endfacet
  facet normal 1 0 0
    outer loop
      vertex 202.55 -41.125 0
      vertex 202.55 -54.125 1.5
      vertex 202.55 -54.125 0
    endloop
  endfacet
  facet normal 0.924271 0.381736 0
    outer loop
      vertex 202.696 -54.4785 1.5
      vertex 202.55 -54.125 0
      vertex 202.55 -54.125 1.5
    endloop
  endfacet
  facet normal 0.924271 0.381736 0
    outer loop
      vertex 202.55 -54.125 0
      vertex 202.696 -54.4785 1.5
      vertex 202.696 -54.4785 0
    endloop
  endfacet
  facet normal 0.38239 0.924001 -0
    outer loop
      vertex 203.05 -54.625 0
      vertex 202.696 -54.4785 1.5
      vertex 203.05 -54.625 1.5
    endloop
  endfacet
  facet normal 0.38239 0.924001 0
    outer loop
      vertex 202.696 -54.4785 1.5
      vertex 203.05 -54.625 0
      vertex 202.696 -54.4785 0
    endloop
  endfacet
  facet normal 0 1 -0
    outer loop
      vertex 216.05 -54.625 0
      vertex 203.05 -54.625 1.5
      vertex 216.05 -54.625 1.5
    endloop
  endfacet
  facet normal 0 1 0
    outer loop
      vertex 203.05 -54.625 1.5
      vertex 216.05 -54.625 0
      vertex 203.05 -54.625 0
    endloop
  endfacet
  facet normal -0.383315 0.923618 0
    outer loop
      vertex 216.403 -54.4785 0
      vertex 216.05 -54.625 1.5
      vertex 216.403 -54.4785 1.5
    endloop
  endfacet
  facet normal -0.383315 0.923618 0
    outer loop
      vertex 216.05 -54.625 1.5
      vertex 216.403 -54.4785 0
      vertex 216.05 -54.625 0
    endloop
  endfacet
  facet normal -0.923347 0.383966 0
    outer loop
      vertex 235.453 -54.4785 0
      vertex 235.6 -54.125 1.5
      vertex 235.6 -54.125 0
    endloop
  endfacet
  facet normal -0.923347 0.383966 0
    outer loop
      vertex 235.6 -54.125 1.5
      vertex 235.453 -54.4785 0
      vertex 235.453 -54.4785 1.5
    endloop
  endfacet
  facet normal -1 0 0
    outer loop
      vertex 235.6 -54.125 0
      vertex 235.6 -41.125 1.5
      vertex 235.6 -41.125 0
    endloop
  endfacet
  facet normal -1 -0 0
    outer loop
      vertex 235.6 -41.125 1.5
      vertex 235.6 -54.125 0
      vertex 235.6 -54.125 1.5
    endloop
  endfacet
  facet normal -0.923347 -0.383966 0
    outer loop
      vertex 235.6 -41.125 0
      vertex 235.453 -40.7715 1.5
      vertex 235.453 -40.7715 0
    endloop
  endfacet
  facet normal -0.923347 -0.383966 0
    outer loop
      vertex 235.453 -40.7715 1.5
      vertex 235.6 -41.125 0
      vertex 235.6 -41.125 1.5
    endloop
  endfacet
  facet normal -0.383315 -0.923618 0
    outer loop
      vertex 235.1 -40.625 0
      vertex 235.453 -40.7715 1.5
      vertex 235.1 -40.625 1.5
    endloop
  endfacet
  facet normal -0.383315 -0.923618 -0
    outer loop
      vertex 235.453 -40.7715 1.5
      vertex 235.1 -40.625 0
      vertex 235.453 -40.7715 0
    endloop
  endfacet
  facet normal 0 -1 0
    outer loop
      vertex 222.1 -40.625 0
      vertex 235.1 -40.625 1.5
      vertex 222.1 -40.625 1.5
    endloop
  endfacet
  facet normal 0 -1 -0
    outer loop
      vertex 235.1 -40.625 1.5
      vertex 222.1 -40.625 0
      vertex 235.1 -40.625 0
    endloop
  endfacet
  facet normal 0.38239 -0.924001 0
    outer loop
      vertex 221.746 -40.7715 0
      vertex 222.1 -40.625 1.5
      vertex 221.746 -40.7715 1.5
    endloop
  endfacet
  facet normal 0.38239 -0.924001 0
    outer loop
      vertex 222.1 -40.625 1.5
      vertex 221.746 -40.7715 0
      vertex 222.1 -40.625 0
    endloop
  endfacet
  facet normal 0.924271 -0.381736 0
    outer loop
      vertex 221.6 -41.125 1.5
      vertex 221.746 -40.7715 0
      vertex 221.746 -40.7715 1.5
    endloop
  endfacet
  facet normal 0.924271 -0.381736 0
    outer loop
      vertex 221.746 -40.7715 0
      vertex 221.6 -41.125 1.5
      vertex 221.6 -41.125 0
    endloop
  endfacet
  facet normal 1 -0 0
    outer loop
      vertex 221.6 -54.125 1.5
      vertex 221.6 -41.125 0
      vertex 221.6 -41.125 1.5
    endloop
  endfacet
  facet normal 1 0 0
    outer loop
      vertex 221.6 -41.125 0
      vertex 221.6 -54.125 1.5
      vertex 221.6 -54.125 0
    endloop
  endfacet
  facet normal 0.924271 0.381736 0
    outer loop
      vertex 221.746 -54.4785 1.5
      vertex 221.6 -54.125 0
      vertex 221.6 -54.125 1.5
    endloop
  endfacet
  facet normal 0.924271 0.381736 0
    outer loop
      vertex 221.6 -54.125 0
      vertex 221.746 -54.4785 1.5
      vertex 221.746 -54.4785 0
    endloop
  endfacet
  facet normal 0.38239 0.924001 -0
    outer loop
      vertex 222.1 -54.625 0
      vertex 221.746 -54.4785 1.5
      vertex 222.1 -54.625 1.5
    endloop
  endfacet
  facet normal 0.38239 0.924001 0
    outer loop
      vertex 221.746 -54.4785 1.5
      vertex 222.1 -54.625 0
      vertex 221.746 -54.4785 0
    endloop
  endfacet
  facet normal 0 1 -0
    outer loop
      vertex 235.1 -54.625 0
      vertex 222.1 -54.625 1.5
      vertex 235.1 -54.625 1.5
    endloop
  endfacet
  facet normal 0 1 0
    outer loop
      vertex 222.1 -54.625 1.5
      vertex 235.1 -54.625 0
      vertex 222.1 -54.625 0
    endloop
  endfacet
  facet normal -0.383315 0.923618 0
    outer loop
      vertex 235.453 -54.4785 0
      vertex 235.1 -54.625 1.5
      vertex 235.453 -54.4785 1.5
    endloop
  endfacet
  facet normal -0.383315 0.923618 0
    outer loop
      vertex 235.1 -54.625 1.5
      vertex 235.453 -54.4785 0
      vertex 235.1 -54.625 0
    endloop
  endfacet
  facet normal -0.924271 0.381736 0
    outer loop
      vertex 254.504 -54.4785 0
      vertex 254.65 -54.125 1.5
      vertex 254.65 -54.125 0
    endloop
  endfacet
  facet normal -0.924271 0.381736 0
    outer loop
      vertex 254.65 -54.125 1.5
      vertex 254.504 -54.4785 0
      vertex 254.504 -54.4785 1.5
    endloop
  endfacet
  facet normal -1 0 0
    outer loop
      vertex 254.65 -54.125 0
      vertex 254.65 -41.125 1.5
      vertex 254.65 -41.125 0
    endloop
  endfacet
  facet normal -1 -0 0
    outer loop
      vertex 254.65 -41.125 1.5
      vertex 254.65 -54.125 0
      vertex 254.65 -54.125 1.5
    endloop
  endfacet
  facet normal -0.924271 -0.381736 0
    outer loop
      vertex 254.65 -41.125 0
      vertex 254.504 -40.7715 1.5
      vertex 254.504 -40.7715 0
    endloop
  endfacet
  facet normal -0.924271 -0.381736 0
    outer loop
      vertex 254.504 -40.7715 1.5
      vertex 254.65 -41.125 0
      vertex 254.65 -41.125 1.5
    endloop
  endfacet
  facet normal -0.38239 -0.924001 0
    outer loop
      vertex 254.15 -40.625 0
      vertex 254.504 -40.7715 1.5
      vertex 254.15 -40.625 1.5
    endloop
  endfacet
  facet normal -0.38239 -0.924001 -0
    outer loop
      vertex 254.504 -40.7715 1.5
      vertex 254.15 -40.625 0
      vertex 254.504 -40.7715 0
    endloop
  endfacet
  facet normal 0 -1 0
    outer loop
      vertex 241.15 -40.625 0
      vertex 254.15 -40.625 1.5
      vertex 241.15 -40.625 1.5
    endloop
  endfacet
  facet normal 0 -1 -0
    outer loop
      vertex 254.15 -40.625 1.5
      vertex 241.15 -40.625 0
      vertex 254.15 -40.625 0
    endloop
  endfacet
  facet normal 0.383315 -0.923618 0
    outer loop
      vertex 240.797 -40.7715 0
      vertex 241.15 -40.625 1.5
      vertex 240.797 -40.7715 1.5
    endloop
  endfacet
  facet normal 0.383315 -0.923618 0
    outer loop
      vertex 241.15 -40.625 1.5
      vertex 240.797 -40.7715 0
      vertex 241.15 -40.625 0
    endloop
  endfacet
  facet normal 0.923347 -0.383966 0
    outer loop
      vertex 240.65 -41.125 1.5
      vertex 240.797 -40.7715 0
      vertex 240.797 -40.7715 1.5
    endloop
  endfacet
  facet normal 0.923347 -0.383966 0
    outer loop
      vertex 240.797 -40.7715 0
      vertex 240.65 -41.125 1.5
      vertex 240.65 -41.125 0
    endloop
  endfacet
  facet normal 1 -0 0
    outer loop
      vertex 240.65 -54.125 1.5
      vertex 240.65 -41.125 0
      vertex 240.65 -41.125 1.5
    endloop
  endfacet
  facet normal 1 0 0
    outer loop
      vertex 240.65 -41.125 0
      vertex 240.65 -54.125 1.5
      vertex 240.65 -54.125 0
    endloop
  endfacet
  facet normal 0.923347 0.383966 0
    outer loop
      vertex 240.797 -54.4785 1.5
      vertex 240.65 -54.125 0
      vertex 240.65 -54.125 1.5
    endloop
  endfacet
  facet normal 0.923347 0.383966 0
    outer loop
      vertex 240.65 -54.125 0
      vertex 240.797 -54.4785 1.5
      vertex 240.797 -54.4785 0
    endloop
  endfacet
  facet normal 0.383315 0.923618 -0
    outer loop
      vertex 241.15 -54.625 0
      vertex 240.797 -54.4785 1.5
      vertex 241.15 -54.625 1.5
    endloop
  endfacet
  facet normal 0.383315 0.923618 0
    outer loop
      vertex 240.797 -54.4785 1.5
      vertex 241.15 -54.625 0
      vertex 240.797 -54.4785 0
    endloop
  endfacet
  facet normal 0 1 -0
    outer loop
      vertex 254.15 -54.625 0
      vertex 241.15 -54.625 1.5
      vertex 254.15 -54.625 1.5
    endloop
  endfacet
  facet normal 0 1 0
    outer loop
      vertex 241.15 -54.625 1.5
      vertex 254.15 -54.625 0
      vertex 241.15 -54.625 0
    endloop
  endfacet
  facet normal -0.38239 0.924001 0
    outer loop
      vertex 254.504 -54.4785 0
      vertex 254.15 -54.625 1.5
      vertex 254.504 -54.4785 1.5
    endloop
  endfacet
  facet normal -0.38239 0.924001 0
    outer loop
      vertex 254.15 -54.625 1.5
      vertex 254.504 -54.4785 0
      vertex 254.15 -54.625 0
    endloop
  endfacet
  facet normal -0.92381 0.382852 0
    outer loop
      vertex 21.1406 -54.4785 0
      vertex 21.2871 -54.125 1.5
      vertex 21.2871 -54.125 0
    endloop
  endfacet
  facet normal -0.92381 0.382852 0
    outer loop
      vertex 21.2871 -54.125 1.5
      vertex 21.1406 -54.4785 0
      vertex 21.1406 -54.4785 1.5
    endloop
  endfacet
  facet normal -1 0 0
    outer loop
      vertex 21.2871 -54.125 0
      vertex 21.2871 -41.125 1.5
      vertex 21.2871 -41.125 0
    endloop
  endfacet
  facet normal -1 -0 0
    outer loop
      vertex 21.2871 -41.125 1.5
      vertex 21.2871 -54.125 0
      vertex 21.2871 -54.125 1.5
    endloop
  endfacet
  facet normal -0.92381 -0.382852 0
    outer loop
      vertex 21.2871 -41.125 0
      vertex 21.1406 -40.7715 1.5
      vertex 21.1406 -40.7715 0
    endloop
  endfacet
  facet normal -0.92381 -0.382852 0
    outer loop
      vertex 21.1406 -40.7715 1.5
      vertex 21.2871 -41.125 0
      vertex 21.2871 -41.125 1.5
    endloop
  endfacet
  facet normal -0.382852 -0.92381 0
    outer loop
      vertex 20.7871 -40.625 0
      vertex 21.1406 -40.7715 1.5
      vertex 20.7871 -40.625 1.5
    endloop
  endfacet
  facet normal -0.382852 -0.92381 -0
    outer loop
      vertex 21.1406 -40.7715 1.5
      vertex 20.7871 -40.625 0
      vertex 21.1406 -40.7715 0
    endloop
  endfacet
  facet normal 0 -1 0
    outer loop
      vertex 7.78711 -40.625 0
      vertex 20.7871 -40.625 1.5
      vertex 7.78711 -40.625 1.5
    endloop
  endfacet
  facet normal 0 -1 -0
    outer loop
      vertex 20.7871 -40.625 1.5
      vertex 7.78711 -40.625 0
      vertex 20.7871 -40.625 0
    endloop
  endfacet
  facet normal 0.382833 -0.923817 0
    outer loop
      vertex 7.43359 -40.7715 0
      vertex 7.78711 -40.625 1.5
      vertex 7.43359 -40.7715 1.5
    endloop
  endfacet
  facet normal 0.382833 -0.923817 0
    outer loop
      vertex 7.78711 -40.625 1.5
      vertex 7.43359 -40.7715 0
      vertex 7.78711 -40.625 0
    endloop
  endfacet
  facet normal 0.923828 -0.382807 0
    outer loop
      vertex 7.28711 -41.125 1.5
      vertex 7.43359 -40.7715 0
      vertex 7.43359 -40.7715 1.5
    endloop
  endfacet
  facet normal 0.923828 -0.382807 0
    outer loop
      vertex 7.43359 -40.7715 0
      vertex 7.28711 -41.125 1.5
      vertex 7.28711 -41.125 0
    endloop
  endfacet
  facet normal 1 -0 0
    outer loop
      vertex 7.28711 -54.125 1.5
      vertex 7.28711 -41.125 0
      vertex 7.28711 -41.125 1.5
    endloop
  endfacet
  facet normal 1 0 0
    outer loop
      vertex 7.28711 -41.125 0
      vertex 7.28711 -54.125 1.5
      vertex 7.28711 -54.125 0
    endloop
  endfacet
  facet normal 0.923828 0.382807 0
    outer loop
      vertex 7.43359 -54.4785 1.5
      vertex 7.28711 -54.125 0
      vertex 7.28711 -54.125 1.5
    endloop
  endfacet
  facet normal 0.923828 0.382807 0
    outer loop
      vertex 7.28711 -54.125 0
      vertex 7.43359 -54.4785 1.5
      vertex 7.43359 -54.4785 0
    endloop
  endfacet
  facet normal 0.382833 0.923817 -0
    outer loop
      vertex 7.78711 -54.625 0
      vertex 7.43359 -54.4785 1.5
      vertex 7.78711 -54.625 1.5
    endloop
  endfacet
  facet normal 0.382833 0.923817 0
    outer loop
      vertex 7.43359 -54.4785 1.5
      vertex 7.78711 -54.625 0
      vertex 7.43359 -54.4785 0
    endloop
  endfacet
  facet normal 0 1 -0
    outer loop
      vertex 20.7871 -54.625 0
      vertex 7.78711 -54.625 1.5
      vertex 20.7871 -54.625 1.5
    endloop
  endfacet
  facet normal 0 1 0
    outer loop
      vertex 7.78711 -54.625 1.5
      vertex 20.7871 -54.625 0
      vertex 7.78711 -54.625 0
    endloop
  endfacet
  facet normal -0.382852 0.92381 0
    outer loop
      vertex 21.1406 -54.4785 0
      vertex 20.7871 -54.625 1.5
      vertex 21.1406 -54.4785 1.5
    endloop
  endfacet
  facet normal -0.382852 0.92381 0
    outer loop
      vertex 20.7871 -54.625 1.5
      vertex 21.1406 -54.4785 0
      vertex 20.7871 -54.625 0
    endloop
  endfacet
  facet normal -0.924271 0.381736 0
    outer loop
      vertex 302.129 -54.4785 0
      vertex 302.275 -54.125 1.5
      vertex 302.275 -54.125 0
    endloop
  endfacet
  facet normal -0.924271 0.381736 0
    outer loop
      vertex 302.275 -54.125 1.5
      vertex 302.129 -54.4785 0
      vertex 302.129 -54.4785 1.5
    endloop
  endfacet
  facet normal -1 0 0
    outer loop
      vertex 302.275 -54.125 0
      vertex 302.275 -41.125 1.5
      vertex 302.275 -41.125 0
    endloop
  endfacet
  facet normal -1 -0 0
    outer loop
      vertex 302.275 -41.125 1.5
      vertex 302.275 -54.125 0
      vertex 302.275 -54.125 1.5
    endloop
  endfacet
  facet normal -0.924271 -0.381736 0
    outer loop
      vertex 302.275 -41.125 0
      vertex 302.129 -40.7715 1.5
      vertex 302.129 -40.7715 0
    endloop
  endfacet
  facet normal -0.924271 -0.381736 0
    outer loop
      vertex 302.129 -40.7715 1.5
      vertex 302.275 -41.125 0
      vertex 302.275 -41.125 1.5
    endloop
  endfacet
  facet normal -0.38239 -0.924001 0
    outer loop
      vertex 301.775 -40.625 0
      vertex 302.129 -40.7715 1.5
      vertex 301.775 -40.625 1.5
    endloop
  endfacet
  facet normal -0.38239 -0.924001 -0
    outer loop
      vertex 302.129 -40.7715 1.5
      vertex 301.775 -40.625 0
      vertex 302.129 -40.7715 0
    endloop
  endfacet
  facet normal 0 -1 0
    outer loop
      vertex 288.775 -40.625 0
      vertex 301.775 -40.625 1.5
      vertex 288.775 -40.625 1.5
    endloop
  endfacet
  facet normal 0 -1 -0
    outer loop
      vertex 301.775 -40.625 1.5
      vertex 288.775 -40.625 0
      vertex 301.775 -40.625 0
    endloop
  endfacet
  facet normal 0.383315 -0.923618 0
    outer loop
      vertex 288.422 -40.7715 0
      vertex 288.775 -40.625 1.5
      vertex 288.422 -40.7715 1.5
    endloop
  endfacet
  facet normal 0.383315 -0.923618 0
    outer loop
      vertex 288.775 -40.625 1.5
      vertex 288.422 -40.7715 0
      vertex 288.775 -40.625 0
    endloop
  endfacet
  facet normal 0.923347 -0.383966 0
    outer loop
      vertex 288.275 -41.125 1.5
      vertex 288.422 -40.7715 0
      vertex 288.422 -40.7715 1.5
    endloop
  endfacet
  facet normal 0.923347 -0.383966 0
    outer loop
      vertex 288.422 -40.7715 0
      vertex 288.275 -41.125 1.5
      vertex 288.275 -41.125 0
    endloop
  endfacet
  facet normal 1 -0 0
    outer loop
      vertex 288.275 -54.125 1.5
      vertex 288.275 -41.125 0
      vertex 288.275 -41.125 1.5
    endloop
  endfacet
  facet normal 1 0 0
    outer loop
      vertex 288.275 -41.125 0
      vertex 288.275 -54.125 1.5
      vertex 288.275 -54.125 0
    endloop
  endfacet
  facet normal 0.923347 0.383966 0
    outer loop
      vertex 288.422 -54.4785 1.5
      vertex 288.275 -54.125 0
      vertex 288.275 -54.125 1.5
    endloop
  endfacet
  facet normal 0.923347 0.383966 0
    outer loop
      vertex 288.275 -54.125 0
      vertex 288.422 -54.4785 1.5
      vertex 288.422 -54.4785 0
    endloop
  endfacet
  facet normal 0.383315 0.923618 -0
    outer loop
      vertex 288.775 -54.625 0
      vertex 288.422 -54.4785 1.5
      vertex 288.775 -54.625 1.5
    endloop
  endfacet
  facet normal 0.383315 0.923618 0
    outer loop
      vertex 288.422 -54.4785 1.5
      vertex 288.775 -54.625 0
      vertex 288.422 -54.4785 0
    endloop
  endfacet
  facet normal 0 1 -0
    outer loop
      vertex 301.775 -54.625 0
      vertex 288.775 -54.625 1.5
      vertex 301.775 -54.625 1.5
    endloop
  endfacet
  facet normal 0 1 0
    outer loop
      vertex 288.775 -54.625 1.5
      vertex 301.775 -54.625 0
      vertex 288.775 -54.625 0
    endloop
  endfacet
  facet normal -0.38239 0.924001 0
    outer loop
      vertex 302.129 -54.4785 0
      vertex 301.775 -54.625 1.5
      vertex 302.129 -54.4785 1.5
    endloop
  endfacet
  facet normal -0.38239 0.924001 0
    outer loop
      vertex 301.775 -54.625 1.5
      vertex 302.129 -54.4785 0
      vertex 301.775 -54.625 0
    endloop
  endfacet
  facet normal -0.923347 0.383966 0
    outer loop
      vertex 278.316 -54.4785 0
      vertex 278.463 -54.125 1.5
      vertex 278.463 -54.125 0
    endloop
  endfacet
  facet normal -0.923347 0.383966 0
    outer loop
      vertex 278.463 -54.125 1.5
      vertex 278.316 -54.4785 0
      vertex 278.316 -54.4785 1.5
    endloop
  endfacet
  facet normal -1 0 0
    outer loop
      vertex 278.463 -54.125 0
      vertex 278.463 -41.125 1.5
      vertex 278.463 -41.125 0
    endloop
  endfacet
  facet normal -1 -0 0
    outer loop
      vertex 278.463 -41.125 1.5
      vertex 278.463 -54.125 0
      vertex 278.463 -54.125 1.5
    endloop
  endfacet
  facet normal -0.923347 -0.383966 0
    outer loop
      vertex 278.463 -41.125 0
      vertex 278.316 -40.7715 1.5
      vertex 278.316 -40.7715 0
    endloop
  endfacet
  facet normal -0.923347 -0.383966 0
    outer loop
      vertex 278.316 -40.7715 1.5
      vertex 278.463 -41.125 0
      vertex 278.463 -41.125 1.5
    endloop
  endfacet
  facet normal -0.383315 -0.923618 0
    outer loop
      vertex 277.963 -40.625 0
      vertex 278.316 -40.7715 1.5
      vertex 277.963 -40.625 1.5
    endloop
  endfacet
  facet normal -0.383315 -0.923618 -0
    outer loop
      vertex 278.316 -40.7715 1.5
      vertex 277.963 -40.625 0
      vertex 278.316 -40.7715 0
    endloop
  endfacet
  facet normal 0 -1 0
    outer loop
      vertex 264.963 -40.625 0
      vertex 277.963 -40.625 1.5
      vertex 264.963 -40.625 1.5
    endloop
  endfacet
  facet normal 0 -1 -0
    outer loop
      vertex 277.963 -40.625 1.5
      vertex 264.963 -40.625 0
      vertex 277.963 -40.625 0
    endloop
  endfacet
  facet normal 0.38239 -0.924001 0
    outer loop
      vertex 264.609 -40.7715 0
      vertex 264.963 -40.625 1.5
      vertex 264.609 -40.7715 1.5
    endloop
  endfacet
  facet normal 0.38239 -0.924001 0
    outer loop
      vertex 264.963 -40.625 1.5
      vertex 264.609 -40.7715 0
      vertex 264.963 -40.625 0
    endloop
  endfacet
  facet normal 0.924271 -0.381736 0
    outer loop
      vertex 264.463 -41.125 1.5
      vertex 264.609 -40.7715 0
      vertex 264.609 -40.7715 1.5
    endloop
  endfacet
  facet normal 0.924271 -0.381736 0
    outer loop
      vertex 264.609 -40.7715 0
      vertex 264.463 -41.125 1.5
      vertex 264.463 -41.125 0
    endloop
  endfacet
  facet normal 1 -0 0
    outer loop
      vertex 264.463 -54.125 1.5
      vertex 264.463 -41.125 0
      vertex 264.463 -41.125 1.5
    endloop
  endfacet
  facet normal 1 0 0
    outer loop
      vertex 264.463 -41.125 0
      vertex 264.463 -54.125 1.5
      vertex 264.463 -54.125 0
    endloop
  endfacet
  facet normal 0.924271 0.381736 0
    outer loop
      vertex 264.609 -54.4785 1.5
      vertex 264.463 -54.125 0
      vertex 264.463 -54.125 1.5
    endloop
  endfacet
  facet normal 0.924271 0.381736 0
    outer loop
      vertex 264.463 -54.125 0
      vertex 264.609 -54.4785 1.5
      vertex 264.609 -54.4785 0
    endloop
  endfacet
  facet normal 0.38239 0.924001 -0
    outer loop
      vertex 264.963 -54.625 0
      vertex 264.609 -54.4785 1.5
      vertex 264.963 -54.625 1.5
    endloop
  endfacet
  facet normal 0.38239 0.924001 0
    outer loop
      vertex 264.609 -54.4785 1.5
      vertex 264.963 -54.625 0
      vertex 264.609 -54.4785 0
    endloop
  endfacet
  facet normal 0 1 -0
    outer loop
      vertex 277.963 -54.625 0
      vertex 264.963 -54.625 1.5
      vertex 277.963 -54.625 1.5
    endloop
  endfacet
  facet normal 0 1 0
    outer loop
      vertex 264.963 -54.625 1.5
      vertex 277.963 -54.625 0
      vertex 264.963 -54.625 0
    endloop
  endfacet
  facet normal -0.383315 0.923618 0
    outer loop
      vertex 278.316 -54.4785 0
      vertex 277.963 -54.625 1.5
      vertex 278.316 -54.4785 1.5
    endloop
  endfacet
  facet normal -0.383315 0.923618 0
    outer loop
      vertex 277.963 -54.625 1.5
      vertex 278.316 -54.4785 0
      vertex 277.963 -54.625 0
    endloop
  endfacet
  facet normal -0.92381 0.382852 0
    outer loop
      vertex 49.7158 -73.5283 0
      vertex 49.8623 -73.1748 1.5
      vertex 49.8623 -73.1748 0
    endloop
  endfacet
  facet normal -0.92381 0.382852 0
    outer loop
      vertex 49.8623 -73.1748 1.5
      vertex 49.7158 -73.5283 0
      vertex 49.7158 -73.5283 1.5
    endloop
  endfacet
  facet normal -1 0 0
    outer loop
      vertex 49.8623 -73.1748 0
      vertex 49.8623 -60.1748 1.5
      vertex 49.8623 -60.1748 0
    endloop
  endfacet
  facet normal -1 -0 0
    outer loop
      vertex 49.8623 -60.1748 1.5
      vertex 49.8623 -73.1748 0
      vertex 49.8623 -73.1748 1.5
    endloop
  endfacet
  facet normal -0.92381 -0.382852 0
    outer loop
      vertex 49.8623 -60.1748 0
      vertex 49.7158 -59.8213 1.5
      vertex 49.7158 -59.8213 0
    endloop
  endfacet
  facet normal -0.92381 -0.382852 0
    outer loop
      vertex 49.7158 -59.8213 1.5
      vertex 49.8623 -60.1748 0
      vertex 49.8623 -60.1748 1.5
    endloop
  endfacet
  facet normal -0.382852 -0.92381 0
    outer loop
      vertex 49.3623 -59.6748 0
      vertex 49.7158 -59.8213 1.5
      vertex 49.3623 -59.6748 1.5
    endloop
  endfacet
  facet normal -0.382852 -0.92381 -0
    outer loop
      vertex 49.7158 -59.8213 1.5
      vertex 49.3623 -59.6748 0
      vertex 49.7158 -59.8213 0
    endloop
  endfacet
  facet normal 0 -1 0
    outer loop
      vertex 36.3623 -59.6748 0
      vertex 49.3623 -59.6748 1.5
      vertex 36.3623 -59.6748 1.5
    endloop
  endfacet
  facet normal 0 -1 -0
    outer loop
      vertex 49.3623 -59.6748 1.5
      vertex 36.3623 -59.6748 0
      vertex 49.3623 -59.6748 0
    endloop
  endfacet
  facet normal 0.382852 -0.92381 0
    outer loop
      vertex 36.0088 -59.8213 0
      vertex 36.3623 -59.6748 1.5
      vertex 36.0088 -59.8213 1.5
    endloop
  endfacet
  facet normal 0.382852 -0.92381 0
    outer loop
      vertex 36.3623 -59.6748 1.5
      vertex 36.0088 -59.8213 0
      vertex 36.3623 -59.6748 0
    endloop
  endfacet
  facet normal 0.92381 -0.382852 0
    outer loop
      vertex 35.8623 -60.1748 1.5
      vertex 36.0088 -59.8213 0
      vertex 36.0088 -59.8213 1.5
    endloop
  endfacet
  facet normal 0.92381 -0.382852 0
    outer loop
      vertex 36.0088 -59.8213 0
      vertex 35.8623 -60.1748 1.5
      vertex 35.8623 -60.1748 0
    endloop
  endfacet
  facet normal 1 -0 0
    outer loop
      vertex 35.8623 -73.1748 1.5
      vertex 35.8623 -60.1748 0
      vertex 35.8623 -60.1748 1.5
    endloop
  endfacet
  facet normal 1 0 0
    outer loop
      vertex 35.8623 -60.1748 0
      vertex 35.8623 -73.1748 1.5
      vertex 35.8623 -73.1748 0
    endloop
  endfacet
  facet normal 0.92381 0.382852 0
    outer loop
      vertex 36.0088 -73.5283 1.5
      vertex 35.8623 -73.1748 0
      vertex 35.8623 -73.1748 1.5
    endloop
  endfacet
  facet normal 0.92381 0.382852 0
    outer loop
      vertex 35.8623 -73.1748 0
      vertex 36.0088 -73.5283 1.5
      vertex 36.0088 -73.5283 0
    endloop
  endfacet
  facet normal 0.382852 0.92381 -0
    outer loop
      vertex 36.3623 -73.6748 0
      vertex 36.0088 -73.5283 1.5
      vertex 36.3623 -73.6748 1.5
    endloop
  endfacet
  facet normal 0.382852 0.92381 0
    outer loop
      vertex 36.0088 -73.5283 1.5
      vertex 36.3623 -73.6748 0
      vertex 36.0088 -73.5283 0
    endloop
  endfacet
  facet normal 0 1 -0
    outer loop
      vertex 49.3623 -73.6748 0
      vertex 36.3623 -73.6748 1.5
      vertex 49.3623 -73.6748 1.5
    endloop
  endfacet
  facet normal 0 1 0
    outer loop
      vertex 36.3623 -73.6748 1.5
      vertex 49.3623 -73.6748 0
      vertex 36.3623 -73.6748 0
    endloop
  endfacet
  facet normal -0.382852 0.92381 0
    outer loop
      vertex 49.7158 -73.5283 0
      vertex 49.3623 -73.6748 1.5
      vertex 49.7158 -73.5283 1.5
    endloop
  endfacet
  facet normal -0.382852 0.92381 0
    outer loop
      vertex 49.3623 -73.6748 1.5
      vertex 49.7158 -73.5283 0
      vertex 49.3623 -73.6748 0
    endloop
  endfacet
  facet normal -0.92381 0.382852 0
    outer loop
      vertex 68.7656 -73.5283 0
      vertex 68.9121 -73.1748 1.5
      vertex 68.9121 -73.1748 0
    endloop
  endfacet
  facet normal -0.92381 0.382852 0
    outer loop
      vertex 68.9121 -73.1748 1.5
      vertex 68.7656 -73.5283 0
      vertex 68.7656 -73.5283 1.5
    endloop
  endfacet
  facet normal -1 0 0
    outer loop
      vertex 68.9121 -73.1748 0
      vertex 68.9121 -60.1748 1.5
      vertex 68.9121 -60.1748 0
    endloop
  endfacet
  facet normal -1 -0 0
    outer loop
      vertex 68.9121 -60.1748 1.5
      vertex 68.9121 -73.1748 0
      vertex 68.9121 -73.1748 1.5
    endloop
  endfacet
  facet normal -0.92381 -0.382852 0
    outer loop
      vertex 68.9121 -60.1748 0
      vertex 68.7656 -59.8213 1.5
      vertex 68.7656 -59.8213 0
    endloop
  endfacet
  facet normal -0.92381 -0.382852 0
    outer loop
      vertex 68.7656 -59.8213 1.5
      vertex 68.9121 -60.1748 0
      vertex 68.9121 -60.1748 1.5
    endloop
  endfacet
  facet normal -0.382852 -0.92381 0
    outer loop
      vertex 68.4121 -59.6748 0
      vertex 68.7656 -59.8213 1.5
      vertex 68.4121 -59.6748 1.5
    endloop
  endfacet
  facet normal -0.382852 -0.92381 -0
    outer loop
      vertex 68.7656 -59.8213 1.5
      vertex 68.4121 -59.6748 0
      vertex 68.7656 -59.8213 0
    endloop
  endfacet
  facet normal 0 -1 0
    outer loop
      vertex 55.4121 -59.6748 0
      vertex 68.4121 -59.6748 1.5
      vertex 55.4121 -59.6748 1.5
    endloop
  endfacet
  facet normal 0 -1 -0
    outer loop
      vertex 68.4121 -59.6748 1.5
      vertex 55.4121 -59.6748 0
      vertex 68.4121 -59.6748 0
    endloop
  endfacet
  facet normal 0.382852 -0.92381 0
    outer loop
      vertex 55.0586 -59.8213 0
      vertex 55.4121 -59.6748 1.5
      vertex 55.0586 -59.8213 1.5
    endloop
  endfacet
  facet normal 0.382852 -0.92381 0
    outer loop
      vertex 55.4121 -59.6748 1.5
      vertex 55.0586 -59.8213 0
      vertex 55.4121 -59.6748 0
    endloop
  endfacet
  facet normal 0.92381 -0.382852 0
    outer loop
      vertex 54.9121 -60.1748 1.5
      vertex 55.0586 -59.8213 0
      vertex 55.0586 -59.8213 1.5
    endloop
  endfacet
  facet normal 0.92381 -0.382852 0
    outer loop
      vertex 55.0586 -59.8213 0
      vertex 54.9121 -60.1748 1.5
      vertex 54.9121 -60.1748 0
    endloop
  endfacet
  facet normal 1 -0 0
    outer loop
      vertex 54.9121 -73.1748 1.5
      vertex 54.9121 -60.1748 0
      vertex 54.9121 -60.1748 1.5
    endloop
  endfacet
  facet normal 1 0 0
    outer loop
      vertex 54.9121 -60.1748 0
      vertex 54.9121 -73.1748 1.5
      vertex 54.9121 -73.1748 0
    endloop
  endfacet
  facet normal 0.92381 0.382852 0
    outer loop
      vertex 55.0586 -73.5283 1.5
      vertex 54.9121 -73.1748 0
      vertex 54.9121 -73.1748 1.5
    endloop
  endfacet
  facet normal 0.92381 0.382852 0
    outer loop
      vertex 54.9121 -73.1748 0
      vertex 55.0586 -73.5283 1.5
      vertex 55.0586 -73.5283 0
    endloop
  endfacet
  facet normal 0.382852 0.92381 -0
    outer loop
      vertex 55.4121 -73.6748 0
      vertex 55.0586 -73.5283 1.5
      vertex 55.4121 -73.6748 1.5
    endloop
  endfacet
  facet normal 0.382852 0.92381 0
    outer loop
      vertex 55.0586 -73.5283 1.5
      vertex 55.4121 -73.6748 0
      vertex 55.0586 -73.5283 0
    endloop
  endfacet
  facet normal 0 1 -0
    outer loop
      vertex 68.4121 -73.6748 0
      vertex 55.4121 -73.6748 1.5
      vertex 68.4121 -73.6748 1.5
    endloop
  endfacet
  facet normal 0 1 0
    outer loop
      vertex 55.4121 -73.6748 1.5
      vertex 68.4121 -73.6748 0
      vertex 55.4121 -73.6748 0
    endloop
  endfacet
  facet normal -0.382852 0.92381 0
    outer loop
      vertex 68.7656 -73.5283 0
      vertex 68.4121 -73.6748 1.5
      vertex 68.7656 -73.5283 1.5
    endloop
  endfacet
  facet normal -0.382852 0.92381 0
    outer loop
      vertex 68.4121 -73.6748 1.5
      vertex 68.7656 -73.5283 0
      vertex 68.4121 -73.6748 0
    endloop
  endfacet
  facet normal -0.92381 0.382852 0
    outer loop
      vertex 87.8164 -73.5283 0
      vertex 87.9629 -73.1748 1.5
      vertex 87.9629 -73.1748 0
    endloop
  endfacet
  facet normal -0.92381 0.382852 0
    outer loop
      vertex 87.9629 -73.1748 1.5
      vertex 87.8164 -73.5283 0
      vertex 87.8164 -73.5283 1.5
    endloop
  endfacet
  facet normal -1 0 0
    outer loop
      vertex 87.9629 -73.1748 0
      vertex 87.9629 -60.1748 1.5
      vertex 87.9629 -60.1748 0
    endloop
  endfacet
  facet normal -1 -0 0
    outer loop
      vertex 87.9629 -60.1748 1.5
      vertex 87.9629 -73.1748 0
      vertex 87.9629 -73.1748 1.5
    endloop
  endfacet
  facet normal -0.92381 -0.382852 0
    outer loop
      vertex 87.9629 -60.1748 0
      vertex 87.8164 -59.8213 1.5
      vertex 87.8164 -59.8213 0
    endloop
  endfacet
  facet normal -0.92381 -0.382852 0
    outer loop
      vertex 87.8164 -59.8213 1.5
      vertex 87.9629 -60.1748 0
      vertex 87.9629 -60.1748 1.5
    endloop
  endfacet
  facet normal -0.382852 -0.92381 0
    outer loop
      vertex 87.4629 -59.6748 0
      vertex 87.8164 -59.8213 1.5
      vertex 87.4629 -59.6748 1.5
    endloop
  endfacet
  facet normal -0.382852 -0.92381 -0
    outer loop
      vertex 87.8164 -59.8213 1.5
      vertex 87.4629 -59.6748 0
      vertex 87.8164 -59.8213 0
    endloop
  endfacet
  facet normal 0 -1 0
    outer loop
      vertex 74.4629 -59.6748 0
      vertex 87.4629 -59.6748 1.5
      vertex 74.4629 -59.6748 1.5
    endloop
  endfacet
  facet normal 0 -1 -0
    outer loop
      vertex 87.4629 -59.6748 1.5
      vertex 74.4629 -59.6748 0
      vertex 87.4629 -59.6748 0
    endloop
  endfacet
  facet normal 0.382852 -0.92381 0
    outer loop
      vertex 74.1094 -59.8213 0
      vertex 74.4629 -59.6748 1.5
      vertex 74.1094 -59.8213 1.5
    endloop
  endfacet
  facet normal 0.382852 -0.92381 0
    outer loop
      vertex 74.4629 -59.6748 1.5
      vertex 74.1094 -59.8213 0
      vertex 74.4629 -59.6748 0
    endloop
  endfacet
  facet normal 0.92381 -0.382852 0
    outer loop
      vertex 73.9629 -60.1748 1.5
      vertex 74.1094 -59.8213 0
      vertex 74.1094 -59.8213 1.5
    endloop
  endfacet
  facet normal 0.92381 -0.382852 0
    outer loop
      vertex 74.1094 -59.8213 0
      vertex 73.9629 -60.1748 1.5
      vertex 73.9629 -60.1748 0
    endloop
  endfacet
  facet normal 1 -0 0
    outer loop
      vertex 73.9629 -73.1748 1.5
      vertex 73.9629 -60.1748 0
      vertex 73.9629 -60.1748 1.5
    endloop
  endfacet
  facet normal 1 0 0
    outer loop
      vertex 73.9629 -60.1748 0
      vertex 73.9629 -73.1748 1.5
      vertex 73.9629 -73.1748 0
    endloop
  endfacet
  facet normal 0.92381 0.382852 0
    outer loop
      vertex 74.1094 -73.5283 1.5
      vertex 73.9629 -73.1748 0
      vertex 73.9629 -73.1748 1.5
    endloop
  endfacet
  facet normal 0.92381 0.382852 0
    outer loop
      vertex 73.9629 -73.1748 0
      vertex 74.1094 -73.5283 1.5
      vertex 74.1094 -73.5283 0
    endloop
  endfacet
  facet normal 0.382852 0.92381 -0
    outer loop
      vertex 74.4629 -73.6748 0
      vertex 74.1094 -73.5283 1.5
      vertex 74.4629 -73.6748 1.5
    endloop
  endfacet
  facet normal 0.382852 0.92381 0
    outer loop
      vertex 74.1094 -73.5283 1.5
      vertex 74.4629 -73.6748 0
      vertex 74.1094 -73.5283 0
    endloop
  endfacet
  facet normal 0 1 -0
    outer loop
      vertex 87.4629 -73.6748 0
      vertex 74.4629 -73.6748 1.5
      vertex 87.4629 -73.6748 1.5
    endloop
  endfacet
  facet normal 0 1 0
    outer loop
      vertex 74.4629 -73.6748 1.5
      vertex 87.4629 -73.6748 0
      vertex 74.4629 -73.6748 0
    endloop
  endfacet
  facet normal -0.382852 0.92381 0
    outer loop
      vertex 87.8164 -73.5283 0
      vertex 87.4629 -73.6748 1.5
      vertex 87.8164 -73.5283 1.5
    endloop
  endfacet
  facet normal -0.382852 0.92381 0
    outer loop
      vertex 87.4629 -73.6748 1.5
      vertex 87.8164 -73.5283 0
      vertex 87.4629 -73.6748 0
    endloop
  endfacet
  facet normal -0.923347 0.383966 0
    outer loop
      vertex 106.866 -73.5283 0
      vertex 107.013 -73.1748 1.5
      vertex 107.013 -73.1748 0
    endloop
  endfacet
  facet normal -0.923347 0.383966 0
    outer loop
      vertex 107.013 -73.1748 1.5
      vertex 106.866 -73.5283 0
      vertex 106.866 -73.5283 1.5
    endloop
  endfacet
  facet normal -1 0 0
    outer loop
      vertex 107.013 -73.1748 0
      vertex 107.013 -60.1748 1.5
      vertex 107.013 -60.1748 0
    endloop
  endfacet
  facet normal -1 -0 0
    outer loop
      vertex 107.013 -60.1748 1.5
      vertex 107.013 -73.1748 0
      vertex 107.013 -73.1748 1.5
    endloop
  endfacet
  facet normal -0.923347 -0.383966 0
    outer loop
      vertex 107.013 -60.1748 0
      vertex 106.866 -59.8213 1.5
      vertex 106.866 -59.8213 0
    endloop
  endfacet
  facet normal -0.923347 -0.383966 0
    outer loop
      vertex 106.866 -59.8213 1.5
      vertex 107.013 -60.1748 0
      vertex 107.013 -60.1748 1.5
    endloop
  endfacet
  facet normal -0.383315 -0.923618 0
    outer loop
      vertex 106.513 -59.6748 0
      vertex 106.866 -59.8213 1.5
      vertex 106.513 -59.6748 1.5
    endloop
  endfacet
  facet normal -0.383315 -0.923618 -0
    outer loop
      vertex 106.866 -59.8213 1.5
      vertex 106.513 -59.6748 0
      vertex 106.866 -59.8213 0
    endloop
  endfacet
  facet normal 0 -1 0
    outer loop
      vertex 93.5127 -59.6748 0
      vertex 106.513 -59.6748 1.5
      vertex 93.5127 -59.6748 1.5
    endloop
  endfacet
  facet normal 0 -1 -0
    outer loop
      vertex 106.513 -59.6748 1.5
      vertex 93.5127 -59.6748 0
      vertex 106.513 -59.6748 0
    endloop
  endfacet
  facet normal 0.382852 -0.92381 0
    outer loop
      vertex 93.1592 -59.8213 0
      vertex 93.5127 -59.6748 1.5
      vertex 93.1592 -59.8213 1.5
    endloop
  endfacet
  facet normal 0.382852 -0.92381 0
    outer loop
      vertex 93.5127 -59.6748 1.5
      vertex 93.1592 -59.8213 0
      vertex 93.5127 -59.6748 0
    endloop
  endfacet
  facet normal 0.92381 -0.382852 0
    outer loop
      vertex 93.0127 -60.1748 1.5
      vertex 93.1592 -59.8213 0
      vertex 93.1592 -59.8213 1.5
    endloop
  endfacet
  facet normal 0.92381 -0.382852 0
    outer loop
      vertex 93.1592 -59.8213 0
      vertex 93.0127 -60.1748 1.5
      vertex 93.0127 -60.1748 0
    endloop
  endfacet
  facet normal 1 -0 0
    outer loop
      vertex 93.0127 -73.1748 1.5
      vertex 93.0127 -60.1748 0
      vertex 93.0127 -60.1748 1.5
    endloop
  endfacet
  facet normal 1 0 0
    outer loop
      vertex 93.0127 -60.1748 0
      vertex 93.0127 -73.1748 1.5
      vertex 93.0127 -73.1748 0
    endloop
  endfacet
  facet normal 0.92381 0.382852 0
    outer loop
      vertex 93.1592 -73.5283 1.5
      vertex 93.0127 -73.1748 0
      vertex 93.0127 -73.1748 1.5
    endloop
  endfacet
  facet normal 0.92381 0.382852 0
    outer loop
      vertex 93.0127 -73.1748 0
      vertex 93.1592 -73.5283 1.5
      vertex 93.1592 -73.5283 0
    endloop
  endfacet
  facet normal 0.382852 0.92381 -0
    outer loop
      vertex 93.5127 -73.6748 0
      vertex 93.1592 -73.5283 1.5
      vertex 93.5127 -73.6748 1.5
    endloop
  endfacet
  facet normal 0.382852 0.92381 0
    outer loop
      vertex 93.1592 -73.5283 1.5
      vertex 93.5127 -73.6748 0
      vertex 93.1592 -73.5283 0
    endloop
  endfacet
  facet normal 0 1 -0
    outer loop
      vertex 106.513 -73.6748 0
      vertex 93.5127 -73.6748 1.5
      vertex 106.513 -73.6748 1.5
    endloop
  endfacet
  facet normal 0 1 0
    outer loop
      vertex 93.5127 -73.6748 1.5
      vertex 106.513 -73.6748 0
      vertex 93.5127 -73.6748 0
    endloop
  endfacet
  facet normal -0.383315 0.923618 0
    outer loop
      vertex 106.866 -73.5283 0
      vertex 106.513 -73.6748 1.5
      vertex 106.866 -73.5283 1.5
    endloop
  endfacet
  facet normal -0.383315 0.923618 0
    outer loop
      vertex 106.513 -73.6748 1.5
      vertex 106.866 -73.5283 0
      vertex 106.513 -73.6748 0
    endloop
  endfacet
  facet normal -0.924271 0.381736 0
    outer loop
      vertex 125.916 -73.5283 0
      vertex 126.062 -73.1748 1.5
      vertex 126.062 -73.1748 0
    endloop
  endfacet
  facet normal -0.924271 0.381736 0
    outer loop
      vertex 126.062 -73.1748 1.5
      vertex 125.916 -73.5283 0
      vertex 125.916 -73.5283 1.5
    endloop
  endfacet
  facet normal -1 0 0
    outer loop
      vertex 126.062 -73.1748 0
      vertex 126.062 -60.1748 1.5
      vertex 126.062 -60.1748 0
    endloop
  endfacet
  facet normal -1 -0 0
    outer loop
      vertex 126.062 -60.1748 1.5
      vertex 126.062 -73.1748 0
      vertex 126.062 -73.1748 1.5
    endloop
  endfacet
  facet normal -0.924271 -0.381736 0
    outer loop
      vertex 126.062 -60.1748 0
      vertex 125.916 -59.8213 1.5
      vertex 125.916 -59.8213 0
    endloop
  endfacet
  facet normal -0.924271 -0.381736 0
    outer loop
      vertex 125.916 -59.8213 1.5
      vertex 126.062 -60.1748 0
      vertex 126.062 -60.1748 1.5
    endloop
  endfacet
  facet normal -0.38239 -0.924001 0
    outer loop
      vertex 125.562 -59.6748 0
      vertex 125.916 -59.8213 1.5
      vertex 125.562 -59.6748 1.5
    endloop
  endfacet
  facet normal -0.38239 -0.924001 -0
    outer loop
      vertex 125.916 -59.8213 1.5
      vertex 125.562 -59.6748 0
      vertex 125.916 -59.8213 0
    endloop
  endfacet
  facet normal 0 -1 0
    outer loop
      vertex 112.562 -59.6748 0
      vertex 125.562 -59.6748 1.5
      vertex 112.562 -59.6748 1.5
    endloop
  endfacet
  facet normal 0 -1 -0
    outer loop
      vertex 125.562 -59.6748 1.5
      vertex 112.562 -59.6748 0
      vertex 125.562 -59.6748 0
    endloop
  endfacet
  facet normal 0.383315 -0.923618 0
    outer loop
      vertex 112.209 -59.8213 0
      vertex 112.562 -59.6748 1.5
      vertex 112.209 -59.8213 1.5
    endloop
  endfacet
  facet normal 0.383315 -0.923618 0
    outer loop
      vertex 112.562 -59.6748 1.5
      vertex 112.209 -59.8213 0
      vertex 112.562 -59.6748 0
    endloop
  endfacet
  facet normal 0.923347 -0.383966 0
    outer loop
      vertex 112.062 -60.1748 1.5
      vertex 112.209 -59.8213 0
      vertex 112.209 -59.8213 1.5
    endloop
  endfacet
  facet normal 0.923347 -0.383966 0
    outer loop
      vertex 112.209 -59.8213 0
      vertex 112.062 -60.1748 1.5
      vertex 112.062 -60.1748 0
    endloop
  endfacet
  facet normal 1 -0 0
    outer loop
      vertex 112.062 -73.1748 1.5
      vertex 112.062 -60.1748 0
      vertex 112.062 -60.1748 1.5
    endloop
  endfacet
  facet normal 1 0 0
    outer loop
      vertex 112.062 -60.1748 0
      vertex 112.062 -73.1748 1.5
      vertex 112.062 -73.1748 0
    endloop
  endfacet
  facet normal 0.923347 0.383966 0
    outer loop
      vertex 112.209 -73.5283 1.5
      vertex 112.062 -73.1748 0
      vertex 112.062 -73.1748 1.5
    endloop
  endfacet
  facet normal 0.923347 0.383966 0
    outer loop
      vertex 112.062 -73.1748 0
      vertex 112.209 -73.5283 1.5
      vertex 112.209 -73.5283 0
    endloop
  endfacet
  facet normal 0.383315 0.923618 -0
    outer loop
      vertex 112.562 -73.6748 0
      vertex 112.209 -73.5283 1.5
      vertex 112.562 -73.6748 1.5
    endloop
  endfacet
  facet normal 0.383315 0.923618 0
    outer loop
      vertex 112.209 -73.5283 1.5
      vertex 112.562 -73.6748 0
      vertex 112.209 -73.5283 0
    endloop
  endfacet
  facet normal 0 1 -0
    outer loop
      vertex 125.562 -73.6748 0
      vertex 112.562 -73.6748 1.5
      vertex 125.562 -73.6748 1.5
    endloop
  endfacet
  facet normal 0 1 0
    outer loop
      vertex 112.562 -73.6748 1.5
      vertex 125.562 -73.6748 0
      vertex 112.562 -73.6748 0
    endloop
  endfacet
  facet normal -0.38239 0.924001 0
    outer loop
      vertex 125.916 -73.5283 0
      vertex 125.562 -73.6748 1.5
      vertex 125.916 -73.5283 1.5
    endloop
  endfacet
  facet normal -0.38239 0.924001 0
    outer loop
      vertex 125.562 -73.6748 1.5
      vertex 125.916 -73.5283 0
      vertex 125.562 -73.6748 0
    endloop
  endfacet
  facet normal -0.924271 0.381736 0
    outer loop
      vertex 144.966 -73.5283 0
      vertex 145.112 -73.1748 1.5
      vertex 145.112 -73.1748 0
    endloop
  endfacet
  facet normal -0.924271 0.381736 0
    outer loop
      vertex 145.112 -73.1748 1.5
      vertex 144.966 -73.5283 0
      vertex 144.966 -73.5283 1.5
    endloop
  endfacet
  facet normal -1 0 0
    outer loop
      vertex 145.112 -73.1748 0
      vertex 145.112 -60.1748 1.5
      vertex 145.112 -60.1748 0
    endloop
  endfacet
  facet normal -1 -0 0
    outer loop
      vertex 145.112 -60.1748 1.5
      vertex 145.112 -73.1748 0
      vertex 145.112 -73.1748 1.5
    endloop
  endfacet
  facet normal -0.924271 -0.381736 0
    outer loop
      vertex 145.112 -60.1748 0
      vertex 144.966 -59.8213 1.5
      vertex 144.966 -59.8213 0
    endloop
  endfacet
  facet normal -0.924271 -0.381736 0
    outer loop
      vertex 144.966 -59.8213 1.5
      vertex 145.112 -60.1748 0
      vertex 145.112 -60.1748 1.5
    endloop
  endfacet
  facet normal -0.38239 -0.924001 0
    outer loop
      vertex 144.612 -59.6748 0
      vertex 144.966 -59.8213 1.5
      vertex 144.612 -59.6748 1.5
    endloop
  endfacet
  facet normal -0.38239 -0.924001 -0
    outer loop
      vertex 144.966 -59.8213 1.5
      vertex 144.612 -59.6748 0
      vertex 144.966 -59.8213 0
    endloop
  endfacet
  facet normal 0 -1 0
    outer loop
      vertex 131.612 -59.6748 0
      vertex 144.612 -59.6748 1.5
      vertex 131.612 -59.6748 1.5
    endloop
  endfacet
  facet normal 0 -1 -0
    outer loop
      vertex 144.612 -59.6748 1.5
      vertex 131.612 -59.6748 0
      vertex 144.612 -59.6748 0
    endloop
  endfacet
  facet normal 0.383315 -0.923618 0
    outer loop
      vertex 131.259 -59.8213 0
      vertex 131.612 -59.6748 1.5
      vertex 131.259 -59.8213 1.5
    endloop
  endfacet
  facet normal 0.383315 -0.923618 0
    outer loop
      vertex 131.612 -59.6748 1.5
      vertex 131.259 -59.8213 0
      vertex 131.612 -59.6748 0
    endloop
  endfacet
  facet normal 0.923347 -0.383966 0
    outer loop
      vertex 131.112 -60.1748 1.5
      vertex 131.259 -59.8213 0
      vertex 131.259 -59.8213 1.5
    endloop
  endfacet
  facet normal 0.923347 -0.383966 0
    outer loop
      vertex 131.259 -59.8213 0
      vertex 131.112 -60.1748 1.5
      vertex 131.112 -60.1748 0
    endloop
  endfacet
  facet normal 1 -0 0
    outer loop
      vertex 131.112 -73.1748 1.5
      vertex 131.112 -60.1748 0
      vertex 131.112 -60.1748 1.5
    endloop
  endfacet
  facet normal 1 0 0
    outer loop
      vertex 131.112 -60.1748 0
      vertex 131.112 -73.1748 1.5
      vertex 131.112 -73.1748 0
    endloop
  endfacet
  facet normal 0.923347 0.383966 0
    outer loop
      vertex 131.259 -73.5283 1.5
      vertex 131.112 -73.1748 0
      vertex 131.112 -73.1748 1.5
    endloop
  endfacet
  facet normal 0.923347 0.383966 0
    outer loop
      vertex 131.112 -73.1748 0
      vertex 131.259 -73.5283 1.5
      vertex 131.259 -73.5283 0
    endloop
  endfacet
  facet normal 0.383315 0.923618 -0
    outer loop
      vertex 131.612 -73.6748 0
      vertex 131.259 -73.5283 1.5
      vertex 131.612 -73.6748 1.5
    endloop
  endfacet
  facet normal 0.383315 0.923618 0
    outer loop
      vertex 131.259 -73.5283 1.5
      vertex 131.612 -73.6748 0
      vertex 131.259 -73.5283 0
    endloop
  endfacet
  facet normal 0 1 -0
    outer loop
      vertex 144.612 -73.6748 0
      vertex 131.612 -73.6748 1.5
      vertex 144.612 -73.6748 1.5
    endloop
  endfacet
  facet normal 0 1 0
    outer loop
      vertex 131.612 -73.6748 1.5
      vertex 144.612 -73.6748 0
      vertex 131.612 -73.6748 0
    endloop
  endfacet
  facet normal -0.38239 0.924001 0
    outer loop
      vertex 144.966 -73.5283 0
      vertex 144.612 -73.6748 1.5
      vertex 144.966 -73.5283 1.5
    endloop
  endfacet
  facet normal -0.38239 0.924001 0
    outer loop
      vertex 144.612 -73.6748 1.5
      vertex 144.966 -73.5283 0
      vertex 144.612 -73.6748 0
    endloop
  endfacet
  facet normal -0.924271 0.381736 0
    outer loop
      vertex 164.016 -73.5283 0
      vertex 164.162 -73.1748 1.5
      vertex 164.162 -73.1748 0
    endloop
  endfacet
  facet normal -0.924271 0.381736 0
    outer loop
      vertex 164.162 -73.1748 1.5
      vertex 164.016 -73.5283 0
      vertex 164.016 -73.5283 1.5
    endloop
  endfacet
  facet normal -1 0 0
    outer loop
      vertex 164.162 -73.1748 0
      vertex 164.162 -60.1748 1.5
      vertex 164.162 -60.1748 0
    endloop
  endfacet
  facet normal -1 -0 0
    outer loop
      vertex 164.162 -60.1748 1.5
      vertex 164.162 -73.1748 0
      vertex 164.162 -73.1748 1.5
    endloop
  endfacet
  facet normal -0.924271 -0.381736 0
    outer loop
      vertex 164.162 -60.1748 0
      vertex 164.016 -59.8213 1.5
      vertex 164.016 -59.8213 0
    endloop
  endfacet
  facet normal -0.924271 -0.381736 0
    outer loop
      vertex 164.016 -59.8213 1.5
      vertex 164.162 -60.1748 0
      vertex 164.162 -60.1748 1.5
    endloop
  endfacet
  facet normal -0.38239 -0.924001 0
    outer loop
      vertex 163.662 -59.6748 0
      vertex 164.016 -59.8213 1.5
      vertex 163.662 -59.6748 1.5
    endloop
  endfacet
  facet normal -0.38239 -0.924001 -0
    outer loop
      vertex 164.016 -59.8213 1.5
      vertex 163.662 -59.6748 0
      vertex 164.016 -59.8213 0
    endloop
  endfacet
  facet normal 0 -1 0
    outer loop
      vertex 150.662 -59.6748 0
      vertex 163.662 -59.6748 1.5
      vertex 150.662 -59.6748 1.5
    endloop
  endfacet
  facet normal 0 -1 -0
    outer loop
      vertex 163.662 -59.6748 1.5
      vertex 150.662 -59.6748 0
      vertex 163.662 -59.6748 0
    endloop
  endfacet
  facet normal 0.383315 -0.923618 0
    outer loop
      vertex 150.309 -59.8213 0
      vertex 150.662 -59.6748 1.5
      vertex 150.309 -59.8213 1.5
    endloop
  endfacet
  facet normal 0.383315 -0.923618 0
    outer loop
      vertex 150.662 -59.6748 1.5
      vertex 150.309 -59.8213 0
      vertex 150.662 -59.6748 0
    endloop
  endfacet
  facet normal 0.923347 -0.383966 0
    outer loop
      vertex 150.162 -60.1748 1.5
      vertex 150.309 -59.8213 0
      vertex 150.309 -59.8213 1.5
    endloop
  endfacet
  facet normal 0.923347 -0.383966 0
    outer loop
      vertex 150.309 -59.8213 0
      vertex 150.162 -60.1748 1.5
      vertex 150.162 -60.1748 0
    endloop
  endfacet
  facet normal 1 -0 0
    outer loop
      vertex 150.162 -73.1748 1.5
      vertex 150.162 -60.1748 0
      vertex 150.162 -60.1748 1.5
    endloop
  endfacet
  facet normal 1 0 0
    outer loop
      vertex 150.162 -60.1748 0
      vertex 150.162 -73.1748 1.5
      vertex 150.162 -73.1748 0
    endloop
  endfacet
  facet normal 0.923347 0.383966 0
    outer loop
      vertex 150.309 -73.5283 1.5
      vertex 150.162 -73.1748 0
      vertex 150.162 -73.1748 1.5
    endloop
  endfacet
  facet normal 0.923347 0.383966 0
    outer loop
      vertex 150.162 -73.1748 0
      vertex 150.309 -73.5283 1.5
      vertex 150.309 -73.5283 0
    endloop
  endfacet
  facet normal 0.383315 0.923618 -0
    outer loop
      vertex 150.662 -73.6748 0
      vertex 150.309 -73.5283 1.5
      vertex 150.662 -73.6748 1.5
    endloop
  endfacet
  facet normal 0.383315 0.923618 0
    outer loop
      vertex 150.309 -73.5283 1.5
      vertex 150.662 -73.6748 0
      vertex 150.309 -73.5283 0
    endloop
  endfacet
  facet normal 0 1 -0
    outer loop
      vertex 163.662 -73.6748 0
      vertex 150.662 -73.6748 1.5
      vertex 163.662 -73.6748 1.5
    endloop
  endfacet
  facet normal 0 1 0
    outer loop
      vertex 150.662 -73.6748 1.5
      vertex 163.662 -73.6748 0
      vertex 150.662 -73.6748 0
    endloop
  endfacet
  facet normal -0.38239 0.924001 0
    outer loop
      vertex 164.016 -73.5283 0
      vertex 163.662 -73.6748 1.5
      vertex 164.016 -73.5283 1.5
    endloop
  endfacet
  facet normal -0.38239 0.924001 0
    outer loop
      vertex 163.662 -73.6748 1.5
      vertex 164.016 -73.5283 0
      vertex 163.662 -73.6748 0
    endloop
  endfacet
  facet normal -0.923347 0.383966 0
    outer loop
      vertex 183.066 -73.5283 0
      vertex 183.213 -73.1748 1.5
      vertex 183.213 -73.1748 0
    endloop
  endfacet
  facet normal -0.923347 0.383966 0
    outer loop
      vertex 183.213 -73.1748 1.5
      vertex 183.066 -73.5283 0
      vertex 183.066 -73.5283 1.5
    endloop
  endfacet
  facet normal -1 0 0
    outer loop
      vertex 183.213 -73.1748 0
      vertex 183.213 -60.1748 1.5
      vertex 183.213 -60.1748 0
    endloop
  endfacet
  facet normal -1 -0 0
    outer loop
      vertex 183.213 -60.1748 1.5
      vertex 183.213 -73.1748 0
      vertex 183.213 -73.1748 1.5
    endloop
  endfacet
  facet normal -0.923347 -0.383966 0
    outer loop
      vertex 183.213 -60.1748 0
      vertex 183.066 -59.8213 1.5
      vertex 183.066 -59.8213 0
    endloop
  endfacet
  facet normal -0.923347 -0.383966 0
    outer loop
      vertex 183.066 -59.8213 1.5
      vertex 183.213 -60.1748 0
      vertex 183.213 -60.1748 1.5
    endloop
  endfacet
  facet normal -0.383315 -0.923618 0
    outer loop
      vertex 182.713 -59.6748 0
      vertex 183.066 -59.8213 1.5
      vertex 182.713 -59.6748 1.5
    endloop
  endfacet
  facet normal -0.383315 -0.923618 -0
    outer loop
      vertex 183.066 -59.8213 1.5
      vertex 182.713 -59.6748 0
      vertex 183.066 -59.8213 0
    endloop
  endfacet
  facet normal 0 -1 0
    outer loop
      vertex 169.713 -59.6748 0
      vertex 182.713 -59.6748 1.5
      vertex 169.713 -59.6748 1.5
    endloop
  endfacet
  facet normal 0 -1 -0
    outer loop
      vertex 182.713 -59.6748 1.5
      vertex 169.713 -59.6748 0
      vertex 182.713 -59.6748 0
    endloop
  endfacet
  facet normal 0.38239 -0.924001 0
    outer loop
      vertex 169.359 -59.8213 0
      vertex 169.713 -59.6748 1.5
      vertex 169.359 -59.8213 1.5
    endloop
  endfacet
  facet normal 0.38239 -0.924001 0
    outer loop
      vertex 169.713 -59.6748 1.5
      vertex 169.359 -59.8213 0
      vertex 169.713 -59.6748 0
    endloop
  endfacet
  facet normal 0.924271 -0.381736 0
    outer loop
      vertex 169.213 -60.1748 1.5
      vertex 169.359 -59.8213 0
      vertex 169.359 -59.8213 1.5
    endloop
  endfacet
  facet normal 0.924271 -0.381736 0
    outer loop
      vertex 169.359 -59.8213 0
      vertex 169.213 -60.1748 1.5
      vertex 169.213 -60.1748 0
    endloop
  endfacet
  facet normal 1 -0 0
    outer loop
      vertex 169.213 -73.1748 1.5
      vertex 169.213 -60.1748 0
      vertex 169.213 -60.1748 1.5
    endloop
  endfacet
  facet normal 1 0 0
    outer loop
      vertex 169.213 -60.1748 0
      vertex 169.213 -73.1748 1.5
      vertex 169.213 -73.1748 0
    endloop
  endfacet
  facet normal 0.924271 0.381736 0
    outer loop
      vertex 169.359 -73.5283 1.5
      vertex 169.213 -73.1748 0
      vertex 169.213 -73.1748 1.5
    endloop
  endfacet
  facet normal 0.924271 0.381736 0
    outer loop
      vertex 169.213 -73.1748 0
      vertex 169.359 -73.5283 1.5
      vertex 169.359 -73.5283 0
    endloop
  endfacet
  facet normal 0.38239 0.924001 -0
    outer loop
      vertex 169.713 -73.6748 0
      vertex 169.359 -73.5283 1.5
      vertex 169.713 -73.6748 1.5
    endloop
  endfacet
  facet normal 0.38239 0.924001 0
    outer loop
      vertex 169.359 -73.5283 1.5
      vertex 169.713 -73.6748 0
      vertex 169.359 -73.5283 0
    endloop
  endfacet
  facet normal 0 1 -0
    outer loop
      vertex 182.713 -73.6748 0
      vertex 169.713 -73.6748 1.5
      vertex 182.713 -73.6748 1.5
    endloop
  endfacet
  facet normal 0 1 0
    outer loop
      vertex 169.713 -73.6748 1.5
      vertex 182.713 -73.6748 0
      vertex 169.713 -73.6748 0
    endloop
  endfacet
  facet normal -0.383315 0.923618 0
    outer loop
      vertex 183.066 -73.5283 0
      vertex 182.713 -73.6748 1.5
      vertex 183.066 -73.5283 1.5
    endloop
  endfacet
  facet normal -0.383315 0.923618 0
    outer loop
      vertex 182.713 -73.6748 1.5
      vertex 183.066 -73.5283 0
      vertex 182.713 -73.6748 0
    endloop
  endfacet
  facet normal -0.923347 0.383966 0
    outer loop
      vertex 202.116 -73.5283 0
      vertex 202.263 -73.1748 1.5
      vertex 202.263 -73.1748 0
    endloop
  endfacet
  facet normal -0.923347 0.383966 0
    outer loop
      vertex 202.263 -73.1748 1.5
      vertex 202.116 -73.5283 0
      vertex 202.116 -73.5283 1.5
    endloop
  endfacet
  facet normal -1 0 0
    outer loop
      vertex 202.263 -73.1748 0
      vertex 202.263 -60.1748 1.5
      vertex 202.263 -60.1748 0
    endloop
  endfacet
  facet normal -1 -0 0
    outer loop
      vertex 202.263 -60.1748 1.5
      vertex 202.263 -73.1748 0
      vertex 202.263 -73.1748 1.5
    endloop
  endfacet
  facet normal -0.923347 -0.383966 0
    outer loop
      vertex 202.263 -60.1748 0
      vertex 202.116 -59.8213 1.5
      vertex 202.116 -59.8213 0
    endloop
  endfacet
  facet normal -0.923347 -0.383966 0
    outer loop
      vertex 202.116 -59.8213 1.5
      vertex 202.263 -60.1748 0
      vertex 202.263 -60.1748 1.5
    endloop
  endfacet
  facet normal -0.383315 -0.923618 0
    outer loop
      vertex 201.763 -59.6748 0
      vertex 202.116 -59.8213 1.5
      vertex 201.763 -59.6748 1.5
    endloop
  endfacet
  facet normal -0.383315 -0.923618 -0
    outer loop
      vertex 202.116 -59.8213 1.5
      vertex 201.763 -59.6748 0
      vertex 202.116 -59.8213 0
    endloop
  endfacet
  facet normal 0 -1 0
    outer loop
      vertex 188.763 -59.6748 0
      vertex 201.763 -59.6748 1.5
      vertex 188.763 -59.6748 1.5
    endloop
  endfacet
  facet normal 0 -1 -0
    outer loop
      vertex 201.763 -59.6748 1.5
      vertex 188.763 -59.6748 0
      vertex 201.763 -59.6748 0
    endloop
  endfacet
  facet normal 0.38239 -0.924001 0
    outer loop
      vertex 188.409 -59.8213 0
      vertex 188.763 -59.6748 1.5
      vertex 188.409 -59.8213 1.5
    endloop
  endfacet
  facet normal 0.38239 -0.924001 0
    outer loop
      vertex 188.763 -59.6748 1.5
      vertex 188.409 -59.8213 0
      vertex 188.763 -59.6748 0
    endloop
  endfacet
  facet normal 0.924271 -0.381736 0
    outer loop
      vertex 188.263 -60.1748 1.5
      vertex 188.409 -59.8213 0
      vertex 188.409 -59.8213 1.5
    endloop
  endfacet
  facet normal 0.924271 -0.381736 0
    outer loop
      vertex 188.409 -59.8213 0
      vertex 188.263 -60.1748 1.5
      vertex 188.263 -60.1748 0
    endloop
  endfacet
  facet normal 1 -0 0
    outer loop
      vertex 188.263 -73.1748 1.5
      vertex 188.263 -60.1748 0
      vertex 188.263 -60.1748 1.5
    endloop
  endfacet
  facet normal 1 0 0
    outer loop
      vertex 188.263 -60.1748 0
      vertex 188.263 -73.1748 1.5
      vertex 188.263 -73.1748 0
    endloop
  endfacet
  facet normal 0.924271 0.381736 0
    outer loop
      vertex 188.409 -73.5283 1.5
      vertex 188.263 -73.1748 0
      vertex 188.263 -73.1748 1.5
    endloop
  endfacet
  facet normal 0.924271 0.381736 0
    outer loop
      vertex 188.263 -73.1748 0
      vertex 188.409 -73.5283 1.5
      vertex 188.409 -73.5283 0
    endloop
  endfacet
  facet normal 0.38239 0.924001 -0
    outer loop
      vertex 188.763 -73.6748 0
      vertex 188.409 -73.5283 1.5
      vertex 188.763 -73.6748 1.5
    endloop
  endfacet
  facet normal 0.38239 0.924001 0
    outer loop
      vertex 188.409 -73.5283 1.5
      vertex 188.763 -73.6748 0
      vertex 188.409 -73.5283 0
    endloop
  endfacet
  facet normal 0 1 -0
    outer loop
      vertex 201.763 -73.6748 0
      vertex 188.763 -73.6748 1.5
      vertex 201.763 -73.6748 1.5
    endloop
  endfacet
  facet normal 0 1 0
    outer loop
      vertex 188.763 -73.6748 1.5
      vertex 201.763 -73.6748 0
      vertex 188.763 -73.6748 0
    endloop
  endfacet
  facet normal -0.383315 0.923618 0
    outer loop
      vertex 202.116 -73.5283 0
      vertex 201.763 -73.6748 1.5
      vertex 202.116 -73.5283 1.5
    endloop
  endfacet
  facet normal -0.383315 0.923618 0
    outer loop
      vertex 201.763 -73.6748 1.5
      vertex 202.116 -73.5283 0
      vertex 201.763 -73.6748 0
    endloop
  endfacet
  facet normal -0.924271 0.381736 0
    outer loop
      vertex 221.166 -73.5283 0
      vertex 221.312 -73.1748 1.5
      vertex 221.312 -73.1748 0
    endloop
  endfacet
  facet normal -0.924271 0.381736 0
    outer loop
      vertex 221.312 -73.1748 1.5
      vertex 221.166 -73.5283 0
      vertex 221.166 -73.5283 1.5
    endloop
  endfacet
  facet normal -1 0 0
    outer loop
      vertex 221.312 -73.1748 0
      vertex 221.312 -60.1748 1.5
      vertex 221.312 -60.1748 0
    endloop
  endfacet
  facet normal -1 -0 0
    outer loop
      vertex 221.312 -60.1748 1.5
      vertex 221.312 -73.1748 0
      vertex 221.312 -73.1748 1.5
    endloop
  endfacet
  facet normal -0.924271 -0.381736 0
    outer loop
      vertex 221.312 -60.1748 0
      vertex 221.166 -59.8213 1.5
      vertex 221.166 -59.8213 0
    endloop
  endfacet
  facet normal -0.924271 -0.381736 0
    outer loop
      vertex 221.166 -59.8213 1.5
      vertex 221.312 -60.1748 0
      vertex 221.312 -60.1748 1.5
    endloop
  endfacet
  facet normal -0.38239 -0.924001 0
    outer loop
      vertex 220.812 -59.6748 0
      vertex 221.166 -59.8213 1.5
      vertex 220.812 -59.6748 1.5
    endloop
  endfacet
  facet normal -0.38239 -0.924001 -0
    outer loop
      vertex 221.166 -59.8213 1.5
      vertex 220.812 -59.6748 0
      vertex 221.166 -59.8213 0
    endloop
  endfacet
  facet normal 0 -1 0
    outer loop
      vertex 207.812 -59.6748 0
      vertex 220.812 -59.6748 1.5
      vertex 207.812 -59.6748 1.5
    endloop
  endfacet
  facet normal 0 -1 -0
    outer loop
      vertex 220.812 -59.6748 1.5
      vertex 207.812 -59.6748 0
      vertex 220.812 -59.6748 0
    endloop
  endfacet
  facet normal 0.383315 -0.923618 0
    outer loop
      vertex 207.459 -59.8213 0
      vertex 207.812 -59.6748 1.5
      vertex 207.459 -59.8213 1.5
    endloop
  endfacet
  facet normal 0.383315 -0.923618 0
    outer loop
      vertex 207.812 -59.6748 1.5
      vertex 207.459 -59.8213 0
      vertex 207.812 -59.6748 0
    endloop
  endfacet
  facet normal 0.923347 -0.383966 0
    outer loop
      vertex 207.312 -60.1748 1.5
      vertex 207.459 -59.8213 0
      vertex 207.459 -59.8213 1.5
    endloop
  endfacet
  facet normal 0.923347 -0.383966 0
    outer loop
      vertex 207.459 -59.8213 0
      vertex 207.312 -60.1748 1.5
      vertex 207.312 -60.1748 0
    endloop
  endfacet
  facet normal 1 -0 0
    outer loop
      vertex 207.312 -73.1748 1.5
      vertex 207.312 -60.1748 0
      vertex 207.312 -60.1748 1.5
    endloop
  endfacet
  facet normal 1 0 0
    outer loop
      vertex 207.312 -60.1748 0
      vertex 207.312 -73.1748 1.5
      vertex 207.312 -73.1748 0
    endloop
  endfacet
  facet normal 0.923347 0.383966 0
    outer loop
      vertex 207.459 -73.5283 1.5
      vertex 207.312 -73.1748 0
      vertex 207.312 -73.1748 1.5
    endloop
  endfacet
  facet normal 0.923347 0.383966 0
    outer loop
      vertex 207.312 -73.1748 0
      vertex 207.459 -73.5283 1.5
      vertex 207.459 -73.5283 0
    endloop
  endfacet
  facet normal 0.383315 0.923618 -0
    outer loop
      vertex 207.812 -73.6748 0
      vertex 207.459 -73.5283 1.5
      vertex 207.812 -73.6748 1.5
    endloop
  endfacet
  facet normal 0.383315 0.923618 0
    outer loop
      vertex 207.459 -73.5283 1.5
      vertex 207.812 -73.6748 0
      vertex 207.459 -73.5283 0
    endloop
  endfacet
  facet normal 0 1 -0
    outer loop
      vertex 220.812 -73.6748 0
      vertex 207.812 -73.6748 1.5
      vertex 220.812 -73.6748 1.5
    endloop
  endfacet
  facet normal 0 1 0
    outer loop
      vertex 207.812 -73.6748 1.5
      vertex 220.812 -73.6748 0
      vertex 207.812 -73.6748 0
    endloop
  endfacet
  facet normal -0.38239 0.924001 0
    outer loop
      vertex 221.166 -73.5283 0
      vertex 220.812 -73.6748 1.5
      vertex 221.166 -73.5283 1.5
    endloop
  endfacet
  facet normal -0.38239 0.924001 0
    outer loop
      vertex 220.812 -73.6748 1.5
      vertex 221.166 -73.5283 0
      vertex 220.812 -73.6748 0
    endloop
  endfacet
  facet normal -0.924271 0.381736 0
    outer loop
      vertex 240.216 -73.5283 0
      vertex 240.362 -73.1748 1.5
      vertex 240.362 -73.1748 0
    endloop
  endfacet
  facet normal -0.924271 0.381736 0
    outer loop
      vertex 240.362 -73.1748 1.5
      vertex 240.216 -73.5283 0
      vertex 240.216 -73.5283 1.5
    endloop
  endfacet
  facet normal -1 0 0
    outer loop
      vertex 240.362 -73.1748 0
      vertex 240.362 -60.1748 1.5
      vertex 240.362 -60.1748 0
    endloop
  endfacet
  facet normal -1 -0 0
    outer loop
      vertex 240.362 -60.1748 1.5
      vertex 240.362 -73.1748 0
      vertex 240.362 -73.1748 1.5
    endloop
  endfacet
  facet normal -0.924271 -0.381736 0
    outer loop
      vertex 240.362 -60.1748 0
      vertex 240.216 -59.8213 1.5
      vertex 240.216 -59.8213 0
    endloop
  endfacet
  facet normal -0.924271 -0.381736 0
    outer loop
      vertex 240.216 -59.8213 1.5
      vertex 240.362 -60.1748 0
      vertex 240.362 -60.1748 1.5
    endloop
  endfacet
  facet normal -0.38239 -0.924001 0
    outer loop
      vertex 239.862 -59.6748 0
      vertex 240.216 -59.8213 1.5
      vertex 239.862 -59.6748 1.5
    endloop
  endfacet
  facet normal -0.38239 -0.924001 -0
    outer loop
      vertex 240.216 -59.8213 1.5
      vertex 239.862 -59.6748 0
      vertex 240.216 -59.8213 0
    endloop
  endfacet
  facet normal 0 -1 0
    outer loop
      vertex 226.862 -59.6748 0
      vertex 239.862 -59.6748 1.5
      vertex 226.862 -59.6748 1.5
    endloop
  endfacet
  facet normal 0 -1 -0
    outer loop
      vertex 239.862 -59.6748 1.5
      vertex 226.862 -59.6748 0
      vertex 239.862 -59.6748 0
    endloop
  endfacet
  facet normal 0.383315 -0.923618 0
    outer loop
      vertex 226.509 -59.8213 0
      vertex 226.862 -59.6748 1.5
      vertex 226.509 -59.8213 1.5
    endloop
  endfacet
  facet normal 0.383315 -0.923618 0
    outer loop
      vertex 226.862 -59.6748 1.5
      vertex 226.509 -59.8213 0
      vertex 226.862 -59.6748 0
    endloop
  endfacet
  facet normal 0.923347 -0.383966 0
    outer loop
      vertex 226.362 -60.1748 1.5
      vertex 226.509 -59.8213 0
      vertex 226.509 -59.8213 1.5
    endloop
  endfacet
  facet normal 0.923347 -0.383966 0
    outer loop
      vertex 226.509 -59.8213 0
      vertex 226.362 -60.1748 1.5
      vertex 226.362 -60.1748 0
    endloop
  endfacet
  facet normal 1 -0 0
    outer loop
      vertex 226.362 -73.1748 1.5
      vertex 226.362 -60.1748 0
      vertex 226.362 -60.1748 1.5
    endloop
  endfacet
  facet normal 1 0 0
    outer loop
      vertex 226.362 -60.1748 0
      vertex 226.362 -73.1748 1.5
      vertex 226.362 -73.1748 0
    endloop
  endfacet
  facet normal 0.923347 0.383966 0
    outer loop
      vertex 226.509 -73.5283 1.5
      vertex 226.362 -73.1748 0
      vertex 226.362 -73.1748 1.5
    endloop
  endfacet
  facet normal 0.923347 0.383966 0
    outer loop
      vertex 226.362 -73.1748 0
      vertex 226.509 -73.5283 1.5
      vertex 226.509 -73.5283 0
    endloop
  endfacet
  facet normal 0.383315 0.923618 -0
    outer loop
      vertex 226.862 -73.6748 0
      vertex 226.509 -73.5283 1.5
      vertex 226.862 -73.6748 1.5
    endloop
  endfacet
  facet normal 0.383315 0.923618 0
    outer loop
      vertex 226.509 -73.5283 1.5
      vertex 226.862 -73.6748 0
      vertex 226.509 -73.5283 0
    endloop
  endfacet
  facet normal 0 1 -0
    outer loop
      vertex 239.862 -73.6748 0
      vertex 226.862 -73.6748 1.5
      vertex 239.862 -73.6748 1.5
    endloop
  endfacet
  facet normal 0 1 0
    outer loop
      vertex 226.862 -73.6748 1.5
      vertex 239.862 -73.6748 0
      vertex 226.862 -73.6748 0
    endloop
  endfacet
  facet normal -0.38239 0.924001 0
    outer loop
      vertex 240.216 -73.5283 0
      vertex 239.862 -73.6748 1.5
      vertex 240.216 -73.5283 1.5
    endloop
  endfacet
  facet normal -0.38239 0.924001 0
    outer loop
      vertex 239.862 -73.6748 1.5
      vertex 240.216 -73.5283 0
      vertex 239.862 -73.6748 0
    endloop
  endfacet
  facet normal -0.924271 0.381736 0
    outer loop
      vertex 271.172 -73.5283 0
      vertex 271.318 -73.1748 1.5
      vertex 271.318 -73.1748 0
    endloop
  endfacet
  facet normal -0.924271 0.381736 0
    outer loop
      vertex 271.318 -73.1748 1.5
      vertex 271.172 -73.5283 0
      vertex 271.172 -73.5283 1.5
    endloop
  endfacet
  facet normal -1 0 0
    outer loop
      vertex 271.318 -73.1748 0
      vertex 271.318 -60.1748 1.5
      vertex 271.318 -60.1748 0
    endloop
  endfacet
  facet normal -1 -0 0
    outer loop
      vertex 271.318 -60.1748 1.5
      vertex 271.318 -73.1748 0
      vertex 271.318 -73.1748 1.5
    endloop
  endfacet
  facet normal -0.924271 -0.381736 0
    outer loop
      vertex 271.318 -60.1748 0
      vertex 271.172 -59.8213 1.5
      vertex 271.172 -59.8213 0
    endloop
  endfacet
  facet normal -0.924271 -0.381736 0
    outer loop
      vertex 271.172 -59.8213 1.5
      vertex 271.318 -60.1748 0
      vertex 271.318 -60.1748 1.5
    endloop
  endfacet
  facet normal -0.38239 -0.924001 0
    outer loop
      vertex 270.818 -59.6748 0
      vertex 271.172 -59.8213 1.5
      vertex 270.818 -59.6748 1.5
    endloop
  endfacet
  facet normal -0.38239 -0.924001 -0
    outer loop
      vertex 271.172 -59.8213 1.5
      vertex 270.818 -59.6748 0
      vertex 271.172 -59.8213 0
    endloop
  endfacet
  facet normal 0 -1 0
    outer loop
      vertex 257.818 -59.6748 0
      vertex 270.818 -59.6748 1.5
      vertex 257.818 -59.6748 1.5
    endloop
  endfacet
  facet normal 0 -1 -0
    outer loop
      vertex 270.818 -59.6748 1.5
      vertex 257.818 -59.6748 0
      vertex 270.818 -59.6748 0
    endloop
  endfacet
  facet normal 0.383315 -0.923618 0
    outer loop
      vertex 257.465 -59.8213 0
      vertex 257.818 -59.6748 1.5
      vertex 257.465 -59.8213 1.5
    endloop
  endfacet
  facet normal 0.383315 -0.923618 0
    outer loop
      vertex 257.818 -59.6748 1.5
      vertex 257.465 -59.8213 0
      vertex 257.818 -59.6748 0
    endloop
  endfacet
  facet normal 0.923347 -0.383966 0
    outer loop
      vertex 257.318 -60.1748 1.5
      vertex 257.465 -59.8213 0
      vertex 257.465 -59.8213 1.5
    endloop
  endfacet
  facet normal 0.923347 -0.383966 0
    outer loop
      vertex 257.465 -59.8213 0
      vertex 257.318 -60.1748 1.5
      vertex 257.318 -60.1748 0
    endloop
  endfacet
  facet normal 1 -0 0
    outer loop
      vertex 257.318 -73.1748 1.5
      vertex 257.318 -60.1748 0
      vertex 257.318 -60.1748 1.5
    endloop
  endfacet
  facet normal 1 0 0
    outer loop
      vertex 257.318 -60.1748 0
      vertex 257.318 -73.1748 1.5
      vertex 257.318 -73.1748 0
    endloop
  endfacet
  facet normal 0.923347 0.383966 0
    outer loop
      vertex 257.465 -73.5283 1.5
      vertex 257.318 -73.1748 0
      vertex 257.318 -73.1748 1.5
    endloop
  endfacet
  facet normal 0.923347 0.383966 0
    outer loop
      vertex 257.318 -73.1748 0
      vertex 257.465 -73.5283 1.5
      vertex 257.465 -73.5283 0
    endloop
  endfacet
  facet normal 0.383315 0.923618 -0
    outer loop
      vertex 257.818 -73.6748 0
      vertex 257.465 -73.5283 1.5
      vertex 257.818 -73.6748 1.5
    endloop
  endfacet
  facet normal 0.383315 0.923618 0
    outer loop
      vertex 257.465 -73.5283 1.5
      vertex 257.818 -73.6748 0
      vertex 257.465 -73.5283 0
    endloop
  endfacet
  facet normal 0 1 -0
    outer loop
      vertex 270.818 -73.6748 0
      vertex 257.818 -73.6748 1.5
      vertex 270.818 -73.6748 1.5
    endloop
  endfacet
  facet normal 0 1 0
    outer loop
      vertex 257.818 -73.6748 1.5
      vertex 270.818 -73.6748 0
      vertex 257.818 -73.6748 0
    endloop
  endfacet
  facet normal -0.38239 0.924001 0
    outer loop
      vertex 271.172 -73.5283 0
      vertex 270.818 -73.6748 1.5
      vertex 271.172 -73.5283 1.5
    endloop
  endfacet
  facet normal -0.38239 0.924001 0
    outer loop
      vertex 270.818 -73.6748 1.5
      vertex 271.172 -73.5283 0
      vertex 270.818 -73.6748 0
    endloop
  endfacet
  facet normal -0.924271 0.381736 0
    outer loop
      vertex 302.129 -73.5283 0
      vertex 302.275 -73.1748 1.5
      vertex 302.275 -73.1748 0
    endloop
  endfacet
  facet normal -0.924271 0.381736 0
    outer loop
      vertex 302.275 -73.1748 1.5
      vertex 302.129 -73.5283 0
      vertex 302.129 -73.5283 1.5
    endloop
  endfacet
  facet normal -1 0 0
    outer loop
      vertex 302.275 -73.1748 0
      vertex 302.275 -60.1748 1.5
      vertex 302.275 -60.1748 0
    endloop
  endfacet
  facet normal -1 -0 0
    outer loop
      vertex 302.275 -60.1748 1.5
      vertex 302.275 -73.1748 0
      vertex 302.275 -73.1748 1.5
    endloop
  endfacet
  facet normal -0.924271 -0.381736 0
    outer loop
      vertex 302.275 -60.1748 0
      vertex 302.129 -59.8213 1.5
      vertex 302.129 -59.8213 0
    endloop
  endfacet
  facet normal -0.924271 -0.381736 0
    outer loop
      vertex 302.129 -59.8213 1.5
      vertex 302.275 -60.1748 0
      vertex 302.275 -60.1748 1.5
    endloop
  endfacet
  facet normal -0.38239 -0.924001 0
    outer loop
      vertex 301.775 -59.6748 0
      vertex 302.129 -59.8213 1.5
      vertex 301.775 -59.6748 1.5
    endloop
  endfacet
  facet normal -0.38239 -0.924001 -0
    outer loop
      vertex 302.129 -59.8213 1.5
      vertex 301.775 -59.6748 0
      vertex 302.129 -59.8213 0
    endloop
  endfacet
  facet normal 0 -1 0
    outer loop
      vertex 288.775 -59.6748 0
      vertex 301.775 -59.6748 1.5
      vertex 288.775 -59.6748 1.5
    endloop
  endfacet
  facet normal 0 -1 -0
    outer loop
      vertex 301.775 -59.6748 1.5
      vertex 288.775 -59.6748 0
      vertex 301.775 -59.6748 0
    endloop
  endfacet
  facet normal 0.383315 -0.923618 0
    outer loop
      vertex 288.422 -59.8213 0
      vertex 288.775 -59.6748 1.5
      vertex 288.422 -59.8213 1.5
    endloop
  endfacet
  facet normal 0.383315 -0.923618 0
    outer loop
      vertex 288.775 -59.6748 1.5
      vertex 288.422 -59.8213 0
      vertex 288.775 -59.6748 0
    endloop
  endfacet
  facet normal 0.923347 -0.383966 0
    outer loop
      vertex 288.275 -60.1748 1.5
      vertex 288.422 -59.8213 0
      vertex 288.422 -59.8213 1.5
    endloop
  endfacet
  facet normal 0.923347 -0.383966 0
    outer loop
      vertex 288.422 -59.8213 0
      vertex 288.275 -60.1748 1.5
      vertex 288.275 -60.1748 0
    endloop
  endfacet
  facet normal 1 -0 0
    outer loop
      vertex 288.275 -73.1748 1.5
      vertex 288.275 -60.1748 0
      vertex 288.275 -60.1748 1.5
    endloop
  endfacet
  facet normal 1 0 0
    outer loop
      vertex 288.275 -60.1748 0
      vertex 288.275 -73.1748 1.5
      vertex 288.275 -73.1748 0
    endloop
  endfacet
  facet normal 0.923347 0.383966 0
    outer loop
      vertex 288.422 -73.5283 1.5
      vertex 288.275 -73.1748 0
      vertex 288.275 -73.1748 1.5
    endloop
  endfacet
  facet normal 0.923347 0.383966 0
    outer loop
      vertex 288.275 -73.1748 0
      vertex 288.422 -73.5283 1.5
      vertex 288.422 -73.5283 0
    endloop
  endfacet
  facet normal 0.383315 0.923618 -0
    outer loop
      vertex 288.775 -73.6748 0
      vertex 288.422 -73.5283 1.5
      vertex 288.775 -73.6748 1.5
    endloop
  endfacet
  facet normal 0.383315 0.923618 0
    outer loop
      vertex 288.422 -73.5283 1.5
      vertex 288.775 -73.6748 0
      vertex 288.422 -73.5283 0
    endloop
  endfacet
  facet normal 0 1 -0
    outer loop
      vertex 301.775 -73.6748 0
      vertex 288.775 -73.6748 1.5
      vertex 301.775 -73.6748 1.5
    endloop
  endfacet
  facet normal 0 1 0
    outer loop
      vertex 288.775 -73.6748 1.5
      vertex 301.775 -73.6748 0
      vertex 288.775 -73.6748 0
    endloop
  endfacet
  facet normal -0.38239 0.924001 0
    outer loop
      vertex 302.129 -73.5283 0
      vertex 301.775 -73.6748 1.5
      vertex 302.129 -73.5283 1.5
    endloop
  endfacet
  facet normal -0.38239 0.924001 0
    outer loop
      vertex 301.775 -73.6748 1.5
      vertex 302.129 -73.5283 0
      vertex 301.775 -73.6748 0
    endloop
  endfacet
  facet normal -0.923902 0.382629 0
    outer loop
      vertex 23.5225 -73.5283 0
      vertex 23.6689 -73.1748 1.5
      vertex 23.6689 -73.1748 0
    endloop
  endfacet
  facet normal -0.923902 0.382629 0
    outer loop
      vertex 23.6689 -73.1748 1.5
      vertex 23.5225 -73.5283 0
      vertex 23.5225 -73.5283 1.5
    endloop
  endfacet
  facet normal -1 0 0
    outer loop
      vertex 23.6689 -73.1748 0
      vertex 23.6689 -60.1748 1.5
      vertex 23.6689 -60.1748 0
    endloop
  endfacet
  facet normal -1 -0 0
    outer loop
      vertex 23.6689 -60.1748 1.5
      vertex 23.6689 -73.1748 0
      vertex 23.6689 -73.1748 1.5
    endloop
  endfacet
  facet normal -0.923902 -0.382629 0
    outer loop
      vertex 23.6689 -60.1748 0
      vertex 23.5225 -59.8213 1.5
      vertex 23.5225 -59.8213 0
    endloop
  endfacet
  facet normal -0.923902 -0.382629 0
    outer loop
      vertex 23.5225 -59.8213 1.5
      vertex 23.6689 -60.1748 0
      vertex 23.6689 -60.1748 1.5
    endloop
  endfacet
  facet normal -0.382759 -0.923848 0
    outer loop
      vertex 23.1689 -59.6748 0
      vertex 23.5225 -59.8213 1.5
      vertex 23.1689 -59.6748 1.5
    endloop
  endfacet
  facet normal -0.382759 -0.923848 -0
    outer loop
      vertex 23.5225 -59.8213 1.5
      vertex 23.1689 -59.6748 0
      vertex 23.5225 -59.8213 0
    endloop
  endfacet
  facet normal 0 -1 0
    outer loop
      vertex 10.1689 -59.6748 0
      vertex 23.1689 -59.6748 1.5
      vertex 10.1689 -59.6748 1.5
    endloop
  endfacet
  facet normal 0 -1 -0
    outer loop
      vertex 23.1689 -59.6748 1.5
      vertex 10.1689 -59.6748 0
      vertex 23.1689 -59.6748 0
    endloop
  endfacet
  facet normal 0.38288 -0.923798 0
    outer loop
      vertex 9.81543 -59.8213 0
      vertex 10.1689 -59.6748 1.5
      vertex 9.81543 -59.8213 1.5
    endloop
  endfacet
  facet normal 0.38288 -0.923798 0
    outer loop
      vertex 10.1689 -59.6748 1.5
      vertex 9.81543 -59.8213 0
      vertex 10.1689 -59.6748 0
    endloop
  endfacet
  facet normal 0.923828 -0.382807 0
    outer loop
      vertex 9.66895 -60.1748 1.5
      vertex 9.81543 -59.8213 0
      vertex 9.81543 -59.8213 1.5
    endloop
  endfacet
  facet normal 0.923828 -0.382807 0
    outer loop
      vertex 9.81543 -59.8213 0
      vertex 9.66895 -60.1748 1.5
      vertex 9.66895 -60.1748 0
    endloop
  endfacet
  facet normal 1 -0 0
    outer loop
      vertex 9.66895 -73.1748 1.5
      vertex 9.66895 -60.1748 0
      vertex 9.66895 -60.1748 1.5
    endloop
  endfacet
  facet normal 1 0 0
    outer loop
      vertex 9.66895 -60.1748 0
      vertex 9.66895 -73.1748 1.5
      vertex 9.66895 -73.1748 0
    endloop
  endfacet
  facet normal 0.923828 0.382807 0
    outer loop
      vertex 9.81543 -73.5283 1.5
      vertex 9.66895 -73.1748 0
      vertex 9.66895 -73.1748 1.5
    endloop
  endfacet
  facet normal 0.923828 0.382807 0
    outer loop
      vertex 9.66895 -73.1748 0
      vertex 9.81543 -73.5283 1.5
      vertex 9.81543 -73.5283 0
    endloop
  endfacet
  facet normal 0.38288 0.923798 -0
    outer loop
      vertex 10.1689 -73.6748 0
      vertex 9.81543 -73.5283 1.5
      vertex 10.1689 -73.6748 1.5
    endloop
  endfacet
  facet normal 0.38288 0.923798 0
    outer loop
      vertex 9.81543 -73.5283 1.5
      vertex 10.1689 -73.6748 0
      vertex 9.81543 -73.5283 0
    endloop
  endfacet
  facet normal 0 1 -0
    outer loop
      vertex 23.1689 -73.6748 0
      vertex 10.1689 -73.6748 1.5
      vertex 23.1689 -73.6748 1.5
    endloop
  endfacet
  facet normal 0 1 0
    outer loop
      vertex 10.1689 -73.6748 1.5
      vertex 23.1689 -73.6748 0
      vertex 10.1689 -73.6748 0
    endloop
  endfacet
  facet normal -0.382759 0.923848 0
    outer loop
      vertex 23.5225 -73.5283 0
      vertex 23.1689 -73.6748 1.5
      vertex 23.5225 -73.5283 1.5
    endloop
  endfacet
  facet normal -0.382759 0.923848 0
    outer loop
      vertex 23.1689 -73.6748 1.5
      vertex 23.5225 -73.5283 0
      vertex 23.1689 -73.6748 0
    endloop
  endfacet
  facet normal -0.923347 0.383966 0
    outer loop
      vertex 255.734 -75.5283 0
      vertex 255.881 -75.1748 1.5
      vertex 255.881 -75.1748 0
    endloop
  endfacet
  facet normal -0.923347 0.383966 0
    outer loop
      vertex 255.881 -75.1748 1.5
      vertex 255.734 -75.5283 0
      vertex 255.734 -75.5283 1.5
    endloop
  endfacet
  facet normal -1 0 0
    outer loop
      vertex 255.881 -75.1748 0
      vertex 255.881 -61.1748 1.5
      vertex 255.881 -61.1748 0
    endloop
  endfacet
  facet normal -1 -0 0
    outer loop
      vertex 255.881 -61.1748 1.5
      vertex 255.881 -75.1748 0
      vertex 255.881 -75.1748 1.5
    endloop
  endfacet
  facet normal -0.923347 -0.383966 0
    outer loop
      vertex 255.881 -61.1748 0
      vertex 255.734 -60.8213 1.5
      vertex 255.734 -60.8213 0
    endloop
  endfacet
  facet normal -0.923347 -0.383966 0
    outer loop
      vertex 255.734 -60.8213 1.5
      vertex 255.881 -61.1748 0
      vertex 255.881 -61.1748 1.5
    endloop
  endfacet
  facet normal -0.383315 -0.923618 0
    outer loop
      vertex 255.381 -60.6748 0
      vertex 255.734 -60.8213 1.5
      vertex 255.381 -60.6748 1.5
    endloop
  endfacet
  facet normal -0.383315 -0.923618 -0
    outer loop
      vertex 255.734 -60.8213 1.5
      vertex 255.381 -60.6748 0
      vertex 255.734 -60.8213 0
    endloop
  endfacet
  facet normal 0 -1 0
    outer loop
      vertex 249.381 -60.6748 0
      vertex 255.381 -60.6748 1.5
      vertex 249.381 -60.6748 1.5
    endloop
  endfacet
  facet normal 0 -1 -0
    outer loop
      vertex 255.381 -60.6748 1.5
      vertex 249.381 -60.6748 0
      vertex 255.381 -60.6748 0
    endloop
  endfacet
  facet normal 0.38239 -0.924001 0
    outer loop
      vertex 249.027 -60.8213 0
      vertex 249.381 -60.6748 1.5
      vertex 249.027 -60.8213 1.5
    endloop
  endfacet
  facet normal 0.38239 -0.924001 0
    outer loop
      vertex 249.381 -60.6748 1.5
      vertex 249.027 -60.8213 0
      vertex 249.381 -60.6748 0
    endloop
  endfacet
  facet normal 0.924271 -0.381736 0
    outer loop
      vertex 248.881 -61.1748 1.5
      vertex 249.027 -60.8213 0
      vertex 249.027 -60.8213 1.5
    endloop
  endfacet
  facet normal 0.924271 -0.381736 0
    outer loop
      vertex 249.027 -60.8213 0
      vertex 248.881 -61.1748 1.5
      vertex 248.881 -61.1748 0
    endloop
  endfacet
  facet normal 1 -0 0
    outer loop
      vertex 248.881 -75.1748 1.5
      vertex 248.881 -61.1748 0
      vertex 248.881 -61.1748 1.5
    endloop
  endfacet
  facet normal 1 0 0
    outer loop
      vertex 248.881 -61.1748 0
      vertex 248.881 -75.1748 1.5
      vertex 248.881 -75.1748 0
    endloop
  endfacet
  facet normal 0.924271 0.381736 0
    outer loop
      vertex 249.027 -75.5283 1.5
      vertex 248.881 -75.1748 0
      vertex 248.881 -75.1748 1.5
    endloop
  endfacet
  facet normal 0.924271 0.381736 0
    outer loop
      vertex 248.881 -75.1748 0
      vertex 249.027 -75.5283 1.5
      vertex 249.027 -75.5283 0
    endloop
  endfacet
  facet normal 0.38239 0.924001 -0
    outer loop
      vertex 249.381 -75.6748 0
      vertex 249.027 -75.5283 1.5
      vertex 249.381 -75.6748 1.5
    endloop
  endfacet
  facet normal 0.38239 0.924001 0
    outer loop
      vertex 249.027 -75.5283 1.5
      vertex 249.381 -75.6748 0
      vertex 249.027 -75.5283 0
    endloop
  endfacet
  facet normal 0 1 -0
    outer loop
      vertex 255.381 -75.6748 0
      vertex 249.381 -75.6748 1.5
      vertex 255.381 -75.6748 1.5
    endloop
  endfacet
  facet normal 0 1 0
    outer loop
      vertex 249.381 -75.6748 1.5
      vertex 255.381 -75.6748 0
      vertex 249.381 -75.6748 0
    endloop
  endfacet
  facet normal -0.383315 0.923618 0
    outer loop
      vertex 255.734 -75.5283 0
      vertex 255.381 -75.6748 1.5
      vertex 255.734 -75.5283 1.5
    endloop
  endfacet
  facet normal -0.383315 0.923618 0
    outer loop
      vertex 255.381 -75.6748 1.5
      vertex 255.734 -75.5283 0
      vertex 255.381 -75.6748 0
    endloop
  endfacet
  facet normal -0.923347 0.383966 0
    outer loop
      vertex 279.61 -75.5283 0
      vertex 279.757 -75.1748 1.5
      vertex 279.757 -75.1748 0
    endloop
  endfacet
  facet normal -0.923347 0.383966 0
    outer loop
      vertex 279.757 -75.1748 1.5
      vertex 279.61 -75.5283 0
      vertex 279.61 -75.5283 1.5
    endloop
  endfacet
  facet normal -1 0 0
    outer loop
      vertex 279.757 -75.1748 0
      vertex 279.757 -61.1748 1.5
      vertex 279.757 -61.1748 0
    endloop
  endfacet
  facet normal -1 -0 0
    outer loop
      vertex 279.757 -61.1748 1.5
      vertex 279.757 -75.1748 0
      vertex 279.757 -75.1748 1.5
    endloop
  endfacet
  facet normal -0.923347 -0.383966 0
    outer loop
      vertex 279.757 -61.1748 0
      vertex 279.61 -60.8213 1.5
      vertex 279.61 -60.8213 0
    endloop
  endfacet
  facet normal -0.923347 -0.383966 0
    outer loop
      vertex 279.61 -60.8213 1.5
      vertex 279.757 -61.1748 0
      vertex 279.757 -61.1748 1.5
    endloop
  endfacet
  facet normal -0.383315 -0.923618 0
    outer loop
      vertex 279.257 -60.6748 0
      vertex 279.61 -60.8213 1.5
      vertex 279.257 -60.6748 1.5
    endloop
  endfacet
  facet normal -0.383315 -0.923618 -0
    outer loop
      vertex 279.61 -60.8213 1.5
      vertex 279.257 -60.6748 0
      vertex 279.61 -60.8213 0
    endloop
  endfacet
  facet normal 0 -1 0
    outer loop
      vertex 273.257 -60.6748 0
      vertex 279.257 -60.6748 1.5
      vertex 273.257 -60.6748 1.5
    endloop
  endfacet
  facet normal 0 -1 -0
    outer loop
      vertex 279.257 -60.6748 1.5
      vertex 273.257 -60.6748 0
      vertex 279.257 -60.6748 0
    endloop
  endfacet
  facet normal 0.38239 -0.924001 0
    outer loop
      vertex 272.903 -60.8213 0
      vertex 273.257 -60.6748 1.5
      vertex 272.903 -60.8213 1.5
    endloop
  endfacet
  facet normal 0.38239 -0.924001 0
    outer loop
      vertex 273.257 -60.6748 1.5
      vertex 272.903 -60.8213 0
      vertex 273.257 -60.6748 0
    endloop
  endfacet
  facet normal 0.924271 -0.381736 0
    outer loop
      vertex 272.757 -61.1748 1.5
      vertex 272.903 -60.8213 0
      vertex 272.903 -60.8213 1.5
    endloop
  endfacet
  facet normal 0.924271 -0.381736 0
    outer loop
      vertex 272.903 -60.8213 0
      vertex 272.757 -61.1748 1.5
      vertex 272.757 -61.1748 0
    endloop
  endfacet
  facet normal 1 -0 0
    outer loop
      vertex 272.757 -75.1748 1.5
      vertex 272.757 -61.1748 0
      vertex 272.757 -61.1748 1.5
    endloop
  endfacet
  facet normal 1 0 0
    outer loop
      vertex 272.757 -61.1748 0
      vertex 272.757 -75.1748 1.5
      vertex 272.757 -75.1748 0
    endloop
  endfacet
  facet normal 0.924271 0.381736 0
    outer loop
      vertex 272.903 -75.5283 1.5
      vertex 272.757 -75.1748 0
      vertex 272.757 -75.1748 1.5
    endloop
  endfacet
  facet normal 0.924271 0.381736 0
    outer loop
      vertex 272.757 -75.1748 0
      vertex 272.903 -75.5283 1.5
      vertex 272.903 -75.5283 0
    endloop
  endfacet
  facet normal 0.38239 0.924001 -0
    outer loop
      vertex 273.257 -75.6748 0
      vertex 272.903 -75.5283 1.5
      vertex 273.257 -75.6748 1.5
    endloop
  endfacet
  facet normal 0.38239 0.924001 0
    outer loop
      vertex 272.903 -75.5283 1.5
      vertex 273.257 -75.6748 0
      vertex 272.903 -75.5283 0
    endloop
  endfacet
  facet normal 0 1 -0
    outer loop
      vertex 279.257 -75.6748 0
      vertex 273.257 -75.6748 1.5
      vertex 279.257 -75.6748 1.5
    endloop
  endfacet
  facet normal 0 1 0
    outer loop
      vertex 273.257 -75.6748 1.5
      vertex 279.257 -75.6748 0
      vertex 273.257 -75.6748 0
    endloop
  endfacet
  facet normal -0.383315 0.923618 0
    outer loop
      vertex 279.61 -75.5283 0
      vertex 279.257 -75.6748 1.5
      vertex 279.61 -75.5283 1.5
    endloop
  endfacet
  facet normal -0.383315 0.923618 0
    outer loop
      vertex 279.257 -75.6748 1.5
      vertex 279.61 -75.5283 0
      vertex 279.257 -75.6748 0
    endloop
  endfacet
  facet normal -0.923347 0.383966 0
    outer loop
      vertex 135.441 -92.5781 0
      vertex 135.588 -92.2246 1.5
      vertex 135.588 -92.2246 0
    endloop
  endfacet
  facet normal -0.923347 0.383966 0
    outer loop
      vertex 135.588 -92.2246 1.5
      vertex 135.441 -92.5781 0
      vertex 135.441 -92.5781 1.5
    endloop
  endfacet
  facet normal -1 0 0
    outer loop
      vertex 135.588 -92.2246 0
      vertex 135.588 -79.2246 1.5
      vertex 135.588 -79.2246 0
    endloop
  endfacet
  facet normal -1 -0 0
    outer loop
      vertex 135.588 -79.2246 1.5
      vertex 135.588 -92.2246 0
      vertex 135.588 -92.2246 1.5
    endloop
  endfacet
  facet normal -0.923347 -0.383966 0
    outer loop
      vertex 135.588 -79.2246 0
      vertex 135.441 -78.8711 1.5
      vertex 135.441 -78.8711 0
    endloop
  endfacet
  facet normal -0.923347 -0.383966 0
    outer loop
      vertex 135.441 -78.8711 1.5
      vertex 135.588 -79.2246 0
      vertex 135.588 -79.2246 1.5
    endloop
  endfacet
  facet normal -0.383315 -0.923618 0
    outer loop
      vertex 135.088 -78.7246 0
      vertex 135.441 -78.8711 1.5
      vertex 135.088 -78.7246 1.5
    endloop
  endfacet
  facet normal -0.383315 -0.923618 -0
    outer loop
      vertex 135.441 -78.8711 1.5
      vertex 135.088 -78.7246 0
      vertex 135.441 -78.8711 0
    endloop
  endfacet
  facet normal 0 -1 0
    outer loop
      vertex 122.088 -78.7246 0
      vertex 135.088 -78.7246 1.5
      vertex 122.088 -78.7246 1.5
    endloop
  endfacet
  facet normal 0 -1 -0
    outer loop
      vertex 135.088 -78.7246 1.5
      vertex 122.088 -78.7246 0
      vertex 135.088 -78.7246 0
    endloop
  endfacet
  facet normal 0.38239 -0.924001 0
    outer loop
      vertex 121.734 -78.8711 0
      vertex 122.088 -78.7246 1.5
      vertex 121.734 -78.8711 1.5
    endloop
  endfacet
  facet normal 0.38239 -0.924001 0
    outer loop
      vertex 122.088 -78.7246 1.5
      vertex 121.734 -78.8711 0
      vertex 122.088 -78.7246 0
    endloop
  endfacet
  facet normal 0.924271 -0.381736 0
    outer loop
      vertex 121.588 -79.2246 1.5
      vertex 121.734 -78.8711 0
      vertex 121.734 -78.8711 1.5
    endloop
  endfacet
  facet normal 0.924271 -0.381736 0
    outer loop
      vertex 121.734 -78.8711 0
      vertex 121.588 -79.2246 1.5
      vertex 121.588 -79.2246 0
    endloop
  endfacet
  facet normal 1 -0 0
    outer loop
      vertex 121.588 -92.2246 1.5
      vertex 121.588 -79.2246 0
      vertex 121.588 -79.2246 1.5
    endloop
  endfacet
  facet normal 1 0 0
    outer loop
      vertex 121.588 -79.2246 0
      vertex 121.588 -92.2246 1.5
      vertex 121.588 -92.2246 0
    endloop
  endfacet
  facet normal 0.924271 0.381736 0
    outer loop
      vertex 121.734 -92.5781 1.5
      vertex 121.588 -92.2246 0
      vertex 121.588 -92.2246 1.5
    endloop
  endfacet
  facet normal 0.924271 0.381736 0
    outer loop
      vertex 121.588 -92.2246 0
      vertex 121.734 -92.5781 1.5
      vertex 121.734 -92.5781 0
    endloop
  endfacet
  facet normal 0.38239 0.924001 -0
    outer loop
      vertex 122.088 -92.7246 0
      vertex 121.734 -92.5781 1.5
      vertex 122.088 -92.7246 1.5
    endloop
  endfacet
  facet normal 0.38239 0.924001 0
    outer loop
      vertex 121.734 -92.5781 1.5
      vertex 122.088 -92.7246 0
      vertex 121.734 -92.5781 0
    endloop
  endfacet
  facet normal 0 1 -0
    outer loop
      vertex 135.088 -92.7246 0
      vertex 122.088 -92.7246 1.5
      vertex 135.088 -92.7246 1.5
    endloop
  endfacet
  facet normal 0 1 0
    outer loop
      vertex 122.088 -92.7246 1.5
      vertex 135.088 -92.7246 0
      vertex 122.088 -92.7246 0
    endloop
  endfacet
  facet normal -0.383315 0.923618 0
    outer loop
      vertex 135.441 -92.5781 0
      vertex 135.088 -92.7246 1.5
      vertex 135.441 -92.5781 1.5
    endloop
  endfacet
  facet normal -0.383315 0.923618 0
    outer loop
      vertex 135.088 -92.7246 1.5
      vertex 135.441 -92.5781 0
      vertex 135.088 -92.7246 0
    endloop
  endfacet
  facet normal -0.92381 0.382852 0
    outer loop
      vertex 59.2412 -92.5781 0
      vertex 59.3877 -92.2246 1.5
      vertex 59.3877 -92.2246 0
    endloop
  endfacet
  facet normal -0.92381 0.382852 0
    outer loop
      vertex 59.3877 -92.2246 1.5
      vertex 59.2412 -92.5781 0
      vertex 59.2412 -92.5781 1.5
    endloop
  endfacet
  facet normal -1 0 0
    outer loop
      vertex 59.3877 -92.2246 0
      vertex 59.3877 -79.2246 1.5
      vertex 59.3877 -79.2246 0
    endloop
  endfacet
  facet normal -1 -0 0
    outer loop
      vertex 59.3877 -79.2246 1.5
      vertex 59.3877 -92.2246 0
      vertex 59.3877 -92.2246 1.5
    endloop
  endfacet
  facet normal -0.92381 -0.382852 0
    outer loop
      vertex 59.3877 -79.2246 0
      vertex 59.2412 -78.8711 1.5
      vertex 59.2412 -78.8711 0
    endloop
  endfacet
  facet normal -0.92381 -0.382852 0
    outer loop
      vertex 59.2412 -78.8711 1.5
      vertex 59.3877 -79.2246 0
      vertex 59.3877 -79.2246 1.5
    endloop
  endfacet
  facet normal -0.382852 -0.92381 0
    outer loop
      vertex 58.8877 -78.7246 0
      vertex 59.2412 -78.8711 1.5
      vertex 58.8877 -78.7246 1.5
    endloop
  endfacet
  facet normal -0.382852 -0.92381 -0
    outer loop
      vertex 59.2412 -78.8711 1.5
      vertex 58.8877 -78.7246 0
      vertex 59.2412 -78.8711 0
    endloop
  endfacet
  facet normal 0 -1 0
    outer loop
      vertex 45.8877 -78.7246 0
      vertex 58.8877 -78.7246 1.5
      vertex 45.8877 -78.7246 1.5
    endloop
  endfacet
  facet normal 0 -1 -0
    outer loop
      vertex 58.8877 -78.7246 1.5
      vertex 45.8877 -78.7246 0
      vertex 58.8877 -78.7246 0
    endloop
  endfacet
  facet normal 0.382852 -0.92381 0
    outer loop
      vertex 45.5342 -78.8711 0
      vertex 45.8877 -78.7246 1.5
      vertex 45.5342 -78.8711 1.5
    endloop
  endfacet
  facet normal 0.382852 -0.92381 0
    outer loop
      vertex 45.8877 -78.7246 1.5
      vertex 45.5342 -78.8711 0
      vertex 45.8877 -78.7246 0
    endloop
  endfacet
  facet normal 0.92381 -0.382852 0
    outer loop
      vertex 45.3877 -79.2246 1.5
      vertex 45.5342 -78.8711 0
      vertex 45.5342 -78.8711 1.5
    endloop
  endfacet
  facet normal 0.92381 -0.382852 0
    outer loop
      vertex 45.5342 -78.8711 0
      vertex 45.3877 -79.2246 1.5
      vertex 45.3877 -79.2246 0
    endloop
  endfacet
  facet normal 1 -0 0
    outer loop
      vertex 45.3877 -92.2246 1.5
      vertex 45.3877 -79.2246 0
      vertex 45.3877 -79.2246 1.5
    endloop
  endfacet
  facet normal 1 0 0
    outer loop
      vertex 45.3877 -79.2246 0
      vertex 45.3877 -92.2246 1.5
      vertex 45.3877 -92.2246 0
    endloop
  endfacet
  facet normal 0.92381 0.382852 0
    outer loop
      vertex 45.5342 -92.5781 1.5
      vertex 45.3877 -92.2246 0
      vertex 45.3877 -92.2246 1.5
    endloop
  endfacet
  facet normal 0.92381 0.382852 0
    outer loop
      vertex 45.3877 -92.2246 0
      vertex 45.5342 -92.5781 1.5
      vertex 45.5342 -92.5781 0
    endloop
  endfacet
  facet normal 0.382852 0.92381 -0
    outer loop
      vertex 45.8877 -92.7246 0
      vertex 45.5342 -92.5781 1.5
      vertex 45.8877 -92.7246 1.5
    endloop
  endfacet
  facet normal 0.382852 0.92381 0
    outer loop
      vertex 45.5342 -92.5781 1.5
      vertex 45.8877 -92.7246 0
      vertex 45.5342 -92.5781 0
    endloop
  endfacet
  facet normal 0 1 -0
    outer loop
      vertex 58.8877 -92.7246 0
      vertex 45.8877 -92.7246 1.5
      vertex 58.8877 -92.7246 1.5
    endloop
  endfacet
  facet normal 0 1 0
    outer loop
      vertex 45.8877 -92.7246 1.5
      vertex 58.8877 -92.7246 0
      vertex 45.8877 -92.7246 0
    endloop
  endfacet
  facet normal -0.382852 0.92381 0
    outer loop
      vertex 59.2412 -92.5781 0
      vertex 58.8877 -92.7246 1.5
      vertex 59.2412 -92.5781 1.5
    endloop
  endfacet
  facet normal -0.382852 0.92381 0
    outer loop
      vertex 58.8877 -92.7246 1.5
      vertex 59.2412 -92.5781 0
      vertex 58.8877 -92.7246 0
    endloop
  endfacet
  facet normal -0.92381 0.382852 0
    outer loop
      vertex 78.291 -92.5781 0
      vertex 78.4375 -92.2246 1.5
      vertex 78.4375 -92.2246 0
    endloop
  endfacet
  facet normal -0.92381 0.382852 0
    outer loop
      vertex 78.4375 -92.2246 1.5
      vertex 78.291 -92.5781 0
      vertex 78.291 -92.5781 1.5
    endloop
  endfacet
  facet normal -1 0 0
    outer loop
      vertex 78.4375 -92.2246 0
      vertex 78.4375 -79.2246 1.5
      vertex 78.4375 -79.2246 0
    endloop
  endfacet
  facet normal -1 -0 0
    outer loop
      vertex 78.4375 -79.2246 1.5
      vertex 78.4375 -92.2246 0
      vertex 78.4375 -92.2246 1.5
    endloop
  endfacet
  facet normal -0.92381 -0.382852 0
    outer loop
      vertex 78.4375 -79.2246 0
      vertex 78.291 -78.8711 1.5
      vertex 78.291 -78.8711 0
    endloop
  endfacet
  facet normal -0.92381 -0.382852 0
    outer loop
      vertex 78.291 -78.8711 1.5
      vertex 78.4375 -79.2246 0
      vertex 78.4375 -79.2246 1.5
    endloop
  endfacet
  facet normal -0.382852 -0.92381 0
    outer loop
      vertex 77.9375 -78.7246 0
      vertex 78.291 -78.8711 1.5
      vertex 77.9375 -78.7246 1.5
    endloop
  endfacet
  facet normal -0.382852 -0.92381 -0
    outer loop
      vertex 78.291 -78.8711 1.5
      vertex 77.9375 -78.7246 0
      vertex 78.291 -78.8711 0
    endloop
  endfacet
  facet normal 0 -1 0
    outer loop
      vertex 64.9375 -78.7246 0
      vertex 77.9375 -78.7246 1.5
      vertex 64.9375 -78.7246 1.5
    endloop
  endfacet
  facet normal 0 -1 -0
    outer loop
      vertex 77.9375 -78.7246 1.5
      vertex 64.9375 -78.7246 0
      vertex 77.9375 -78.7246 0
    endloop
  endfacet
  facet normal 0.382852 -0.92381 0
    outer loop
      vertex 64.584 -78.8711 0
      vertex 64.9375 -78.7246 1.5
      vertex 64.584 -78.8711 1.5
    endloop
  endfacet
  facet normal 0.382852 -0.92381 0
    outer loop
      vertex 64.9375 -78.7246 1.5
      vertex 64.584 -78.8711 0
      vertex 64.9375 -78.7246 0
    endloop
  endfacet
  facet normal 0.92381 -0.382852 0
    outer loop
      vertex 64.4375 -79.2246 1.5
      vertex 64.584 -78.8711 0
      vertex 64.584 -78.8711 1.5
    endloop
  endfacet
  facet normal 0.92381 -0.382852 0
    outer loop
      vertex 64.584 -78.8711 0
      vertex 64.4375 -79.2246 1.5
      vertex 64.4375 -79.2246 0
    endloop
  endfacet
  facet normal 1 -0 0
    outer loop
      vertex 64.4375 -92.2246 1.5
      vertex 64.4375 -79.2246 0
      vertex 64.4375 -79.2246 1.5
    endloop
  endfacet
  facet normal 1 0 0
    outer loop
      vertex 64.4375 -79.2246 0
      vertex 64.4375 -92.2246 1.5
      vertex 64.4375 -92.2246 0
    endloop
  endfacet
  facet normal 0.92381 0.382852 0
    outer loop
      vertex 64.584 -92.5781 1.5
      vertex 64.4375 -92.2246 0
      vertex 64.4375 -92.2246 1.5
    endloop
  endfacet
  facet normal 0.92381 0.382852 0
    outer loop
      vertex 64.4375 -92.2246 0
      vertex 64.584 -92.5781 1.5
      vertex 64.584 -92.5781 0
    endloop
  endfacet
  facet normal 0.382852 0.92381 -0
    outer loop
      vertex 64.9375 -92.7246 0
      vertex 64.584 -92.5781 1.5
      vertex 64.9375 -92.7246 1.5
    endloop
  endfacet
  facet normal 0.382852 0.92381 0
    outer loop
      vertex 64.584 -92.5781 1.5
      vertex 64.9375 -92.7246 0
      vertex 64.584 -92.5781 0
    endloop
  endfacet
  facet normal 0 1 -0
    outer loop
      vertex 77.9375 -92.7246 0
      vertex 64.9375 -92.7246 1.5
      vertex 77.9375 -92.7246 1.5
    endloop
  endfacet
  facet normal 0 1 0
    outer loop
      vertex 64.9375 -92.7246 1.5
      vertex 77.9375 -92.7246 0
      vertex 64.9375 -92.7246 0
    endloop
  endfacet
  facet normal -0.382852 0.92381 0
    outer loop
      vertex 78.291 -92.5781 0
      vertex 77.9375 -92.7246 1.5
      vertex 78.291 -92.5781 1.5
    endloop
  endfacet
  facet normal -0.382852 0.92381 0
    outer loop
      vertex 77.9375 -92.7246 1.5
      vertex 78.291 -92.5781 0
      vertex 77.9375 -92.7246 0
    endloop
  endfacet
  facet normal -0.92381 0.382852 0
    outer loop
      vertex 97.3408 -92.5781 0
      vertex 97.4873 -92.2246 1.5
      vertex 97.4873 -92.2246 0
    endloop
  endfacet
  facet normal -0.92381 0.382852 0
    outer loop
      vertex 97.4873 -92.2246 1.5
      vertex 97.3408 -92.5781 0
      vertex 97.3408 -92.5781 1.5
    endloop
  endfacet
  facet normal -1 0 0
    outer loop
      vertex 97.4873 -92.2246 0
      vertex 97.4873 -79.2246 1.5
      vertex 97.4873 -79.2246 0
    endloop
  endfacet
  facet normal -1 -0 0
    outer loop
      vertex 97.4873 -79.2246 1.5
      vertex 97.4873 -92.2246 0
      vertex 97.4873 -92.2246 1.5
    endloop
  endfacet
  facet normal -0.92381 -0.382852 0
    outer loop
      vertex 97.4873 -79.2246 0
      vertex 97.3408 -78.8711 1.5
      vertex 97.3408 -78.8711 0
    endloop
  endfacet
  facet normal -0.92381 -0.382852 0
    outer loop
      vertex 97.3408 -78.8711 1.5
      vertex 97.4873 -79.2246 0
      vertex 97.4873 -79.2246 1.5
    endloop
  endfacet
  facet normal -0.382852 -0.92381 0
    outer loop
      vertex 96.9873 -78.7246 0
      vertex 97.3408 -78.8711 1.5
      vertex 96.9873 -78.7246 1.5
    endloop
  endfacet
  facet normal -0.382852 -0.92381 -0
    outer loop
      vertex 97.3408 -78.8711 1.5
      vertex 96.9873 -78.7246 0
      vertex 97.3408 -78.8711 0
    endloop
  endfacet
  facet normal 0 -1 0
    outer loop
      vertex 83.9873 -78.7246 0
      vertex 96.9873 -78.7246 1.5
      vertex 83.9873 -78.7246 1.5
    endloop
  endfacet
  facet normal 0 -1 -0
    outer loop
      vertex 96.9873 -78.7246 1.5
      vertex 83.9873 -78.7246 0
      vertex 96.9873 -78.7246 0
    endloop
  endfacet
  facet normal 0.382852 -0.92381 0
    outer loop
      vertex 83.6338 -78.8711 0
      vertex 83.9873 -78.7246 1.5
      vertex 83.6338 -78.8711 1.5
    endloop
  endfacet
  facet normal 0.382852 -0.92381 0
    outer loop
      vertex 83.9873 -78.7246 1.5
      vertex 83.6338 -78.8711 0
      vertex 83.9873 -78.7246 0
    endloop
  endfacet
  facet normal 0.92381 -0.382852 0
    outer loop
      vertex 83.4873 -79.2246 1.5
      vertex 83.6338 -78.8711 0
      vertex 83.6338 -78.8711 1.5
    endloop
  endfacet
  facet normal 0.92381 -0.382852 0
    outer loop
      vertex 83.6338 -78.8711 0
      vertex 83.4873 -79.2246 1.5
      vertex 83.4873 -79.2246 0
    endloop
  endfacet
  facet normal 1 -0 0
    outer loop
      vertex 83.4873 -92.2246 1.5
      vertex 83.4873 -79.2246 0
      vertex 83.4873 -79.2246 1.5
    endloop
  endfacet
  facet normal 1 0 0
    outer loop
      vertex 83.4873 -79.2246 0
      vertex 83.4873 -92.2246 1.5
      vertex 83.4873 -92.2246 0
    endloop
  endfacet
  facet normal 0.92381 0.382852 0
    outer loop
      vertex 83.6338 -92.5781 1.5
      vertex 83.4873 -92.2246 0
      vertex 83.4873 -92.2246 1.5
    endloop
  endfacet
  facet normal 0.92381 0.382852 0
    outer loop
      vertex 83.4873 -92.2246 0
      vertex 83.6338 -92.5781 1.5
      vertex 83.6338 -92.5781 0
    endloop
  endfacet
  facet normal 0.382852 0.92381 -0
    outer loop
      vertex 83.9873 -92.7246 0
      vertex 83.6338 -92.5781 1.5
      vertex 83.9873 -92.7246 1.5
    endloop
  endfacet
  facet normal 0.382852 0.92381 0
    outer loop
      vertex 83.6338 -92.5781 1.5
      vertex 83.9873 -92.7246 0
      vertex 83.6338 -92.5781 0
    endloop
  endfacet
  facet normal 0 1 -0
    outer loop
      vertex 96.9873 -92.7246 0
      vertex 83.9873 -92.7246 1.5
      vertex 96.9873 -92.7246 1.5
    endloop
  endfacet
  facet normal 0 1 0
    outer loop
      vertex 83.9873 -92.7246 1.5
      vertex 96.9873 -92.7246 0
      vertex 83.9873 -92.7246 0
    endloop
  endfacet
  facet normal -0.382852 0.92381 0
    outer loop
      vertex 97.3408 -92.5781 0
      vertex 96.9873 -92.7246 1.5
      vertex 97.3408 -92.5781 1.5
    endloop
  endfacet
  facet normal -0.382852 0.92381 0
    outer loop
      vertex 96.9873 -92.7246 1.5
      vertex 97.3408 -92.5781 0
      vertex 96.9873 -92.7246 0
    endloop
  endfacet
  facet normal -0.924271 0.381736 0
    outer loop
      vertex 116.391 -92.5781 0
      vertex 116.537 -92.2246 1.5
      vertex 116.537 -92.2246 0
    endloop
  endfacet
  facet normal -0.924271 0.381736 0
    outer loop
      vertex 116.537 -92.2246 1.5
      vertex 116.391 -92.5781 0
      vertex 116.391 -92.5781 1.5
    endloop
  endfacet
  facet normal -1 0 0
    outer loop
      vertex 116.537 -92.2246 0
      vertex 116.537 -79.2246 1.5
      vertex 116.537 -79.2246 0
    endloop
  endfacet
  facet normal -1 -0 0
    outer loop
      vertex 116.537 -79.2246 1.5
      vertex 116.537 -92.2246 0
      vertex 116.537 -92.2246 1.5
    endloop
  endfacet
  facet normal -0.924271 -0.381736 0
    outer loop
      vertex 116.537 -79.2246 0
      vertex 116.391 -78.8711 1.5
      vertex 116.391 -78.8711 0
    endloop
  endfacet
  facet normal -0.924271 -0.381736 0
    outer loop
      vertex 116.391 -78.8711 1.5
      vertex 116.537 -79.2246 0
      vertex 116.537 -79.2246 1.5
    endloop
  endfacet
  facet normal -0.38239 -0.924001 0
    outer loop
      vertex 116.037 -78.7246 0
      vertex 116.391 -78.8711 1.5
      vertex 116.037 -78.7246 1.5
    endloop
  endfacet
  facet normal -0.38239 -0.924001 -0
    outer loop
      vertex 116.391 -78.8711 1.5
      vertex 116.037 -78.7246 0
      vertex 116.391 -78.8711 0
    endloop
  endfacet
  facet normal 0 -1 0
    outer loop
      vertex 103.037 -78.7246 0
      vertex 116.037 -78.7246 1.5
      vertex 103.037 -78.7246 1.5
    endloop
  endfacet
  facet normal 0 -1 -0
    outer loop
      vertex 116.037 -78.7246 1.5
      vertex 103.037 -78.7246 0
      vertex 116.037 -78.7246 0
    endloop
  endfacet
  facet normal 0.383315 -0.923618 0
    outer loop
      vertex 102.684 -78.8711 0
      vertex 103.037 -78.7246 1.5
      vertex 102.684 -78.8711 1.5
    endloop
  endfacet
  facet normal 0.383315 -0.923618 0
    outer loop
      vertex 103.037 -78.7246 1.5
      vertex 102.684 -78.8711 0
      vertex 103.037 -78.7246 0
    endloop
  endfacet
  facet normal 0.923347 -0.383966 0
    outer loop
      vertex 102.537 -79.2246 1.5
      vertex 102.684 -78.8711 0
      vertex 102.684 -78.8711 1.5
    endloop
  endfacet
  facet normal 0.923347 -0.383966 0
    outer loop
      vertex 102.684 -78.8711 0
      vertex 102.537 -79.2246 1.5
      vertex 102.537 -79.2246 0
    endloop
  endfacet
  facet normal 1 -0 0
    outer loop
      vertex 102.537 -92.2246 1.5
      vertex 102.537 -79.2246 0
      vertex 102.537 -79.2246 1.5
    endloop
  endfacet
  facet normal 1 0 0
    outer loop
      vertex 102.537 -79.2246 0
      vertex 102.537 -92.2246 1.5
      vertex 102.537 -92.2246 0
    endloop
  endfacet
  facet normal 0.923347 0.383966 0
    outer loop
      vertex 102.684 -92.5781 1.5
      vertex 102.537 -92.2246 0
      vertex 102.537 -92.2246 1.5
    endloop
  endfacet
  facet normal 0.923347 0.383966 0
    outer loop
      vertex 102.537 -92.2246 0
      vertex 102.684 -92.5781 1.5
      vertex 102.684 -92.5781 0
    endloop
  endfacet
  facet normal 0.383315 0.923618 -0
    outer loop
      vertex 103.037 -92.7246 0
      vertex 102.684 -92.5781 1.5
      vertex 103.037 -92.7246 1.5
    endloop
  endfacet
  facet normal 0.383315 0.923618 0
    outer loop
      vertex 102.684 -92.5781 1.5
      vertex 103.037 -92.7246 0
      vertex 102.684 -92.5781 0
    endloop
  endfacet
  facet normal 0 1 -0
    outer loop
      vertex 116.037 -92.7246 0
      vertex 103.037 -92.7246 1.5
      vertex 116.037 -92.7246 1.5
    endloop
  endfacet
  facet normal 0 1 0
    outer loop
      vertex 103.037 -92.7246 1.5
      vertex 116.037 -92.7246 0
      vertex 103.037 -92.7246 0
    endloop
  endfacet
  facet normal -0.38239 0.924001 0
    outer loop
      vertex 116.391 -92.5781 0
      vertex 116.037 -92.7246 1.5
      vertex 116.391 -92.5781 1.5
    endloop
  endfacet
  facet normal -0.38239 0.924001 0
    outer loop
      vertex 116.037 -92.7246 1.5
      vertex 116.391 -92.5781 0
      vertex 116.037 -92.7246 0
    endloop
  endfacet
  facet normal -0.923347 0.383966 0
    outer loop
      vertex 154.491 -92.5781 0
      vertex 154.638 -92.2246 1.5
      vertex 154.638 -92.2246 0
    endloop
  endfacet
  facet normal -0.923347 0.383966 0
    outer loop
      vertex 154.638 -92.2246 1.5
      vertex 154.491 -92.5781 0
      vertex 154.491 -92.5781 1.5
    endloop
  endfacet
  facet normal -1 0 0
    outer loop
      vertex 154.638 -92.2246 0
      vertex 154.638 -79.2246 1.5
      vertex 154.638 -79.2246 0
    endloop
  endfacet
  facet normal -1 -0 0
    outer loop
      vertex 154.638 -79.2246 1.5
      vertex 154.638 -92.2246 0
      vertex 154.638 -92.2246 1.5
    endloop
  endfacet
  facet normal -0.923347 -0.383966 0
    outer loop
      vertex 154.638 -79.2246 0
      vertex 154.491 -78.8711 1.5
      vertex 154.491 -78.8711 0
    endloop
  endfacet
  facet normal -0.923347 -0.383966 0
    outer loop
      vertex 154.491 -78.8711 1.5
      vertex 154.638 -79.2246 0
      vertex 154.638 -79.2246 1.5
    endloop
  endfacet
  facet normal -0.383315 -0.923618 0
    outer loop
      vertex 154.138 -78.7246 0
      vertex 154.491 -78.8711 1.5
      vertex 154.138 -78.7246 1.5
    endloop
  endfacet
  facet normal -0.383315 -0.923618 -0
    outer loop
      vertex 154.491 -78.8711 1.5
      vertex 154.138 -78.7246 0
      vertex 154.491 -78.8711 0
    endloop
  endfacet
  facet normal 0 -1 0
    outer loop
      vertex 141.138 -78.7246 0
      vertex 154.138 -78.7246 1.5
      vertex 141.138 -78.7246 1.5
    endloop
  endfacet
  facet normal 0 -1 -0
    outer loop
      vertex 154.138 -78.7246 1.5
      vertex 141.138 -78.7246 0
      vertex 154.138 -78.7246 0
    endloop
  endfacet
  facet normal 0.38239 -0.924001 0
    outer loop
      vertex 140.784 -78.8711 0
      vertex 141.138 -78.7246 1.5
      vertex 140.784 -78.8711 1.5
    endloop
  endfacet
  facet normal 0.38239 -0.924001 0
    outer loop
      vertex 141.138 -78.7246 1.5
      vertex 140.784 -78.8711 0
      vertex 141.138 -78.7246 0
    endloop
  endfacet
  facet normal 0.924271 -0.381736 0
    outer loop
      vertex 140.638 -79.2246 1.5
      vertex 140.784 -78.8711 0
      vertex 140.784 -78.8711 1.5
    endloop
  endfacet
  facet normal 0.924271 -0.381736 0
    outer loop
      vertex 140.784 -78.8711 0
      vertex 140.638 -79.2246 1.5
      vertex 140.638 -79.2246 0
    endloop
  endfacet
  facet normal 1 -0 0
    outer loop
      vertex 140.638 -92.2246 1.5
      vertex 140.638 -79.2246 0
      vertex 140.638 -79.2246 1.5
    endloop
  endfacet
  facet normal 1 0 0
    outer loop
      vertex 140.638 -79.2246 0
      vertex 140.638 -92.2246 1.5
      vertex 140.638 -92.2246 0
    endloop
  endfacet
  facet normal 0.924271 0.381736 0
    outer loop
      vertex 140.784 -92.5781 1.5
      vertex 140.638 -92.2246 0
      vertex 140.638 -92.2246 1.5
    endloop
  endfacet
  facet normal 0.924271 0.381736 0
    outer loop
      vertex 140.638 -92.2246 0
      vertex 140.784 -92.5781 1.5
      vertex 140.784 -92.5781 0
    endloop
  endfacet
  facet normal 0.38239 0.924001 -0
    outer loop
      vertex 141.138 -92.7246 0
      vertex 140.784 -92.5781 1.5
      vertex 141.138 -92.7246 1.5
    endloop
  endfacet
  facet normal 0.38239 0.924001 0
    outer loop
      vertex 140.784 -92.5781 1.5
      vertex 141.138 -92.7246 0
      vertex 140.784 -92.5781 0
    endloop
  endfacet
  facet normal 0 1 -0
    outer loop
      vertex 154.138 -92.7246 0
      vertex 141.138 -92.7246 1.5
      vertex 154.138 -92.7246 1.5
    endloop
  endfacet
  facet normal 0 1 0
    outer loop
      vertex 141.138 -92.7246 1.5
      vertex 154.138 -92.7246 0
      vertex 141.138 -92.7246 0
    endloop
  endfacet
  facet normal -0.383315 0.923618 0
    outer loop
      vertex 154.491 -92.5781 0
      vertex 154.138 -92.7246 1.5
      vertex 154.491 -92.5781 1.5
    endloop
  endfacet
  facet normal -0.383315 0.923618 0
    outer loop
      vertex 154.138 -92.7246 1.5
      vertex 154.491 -92.5781 0
      vertex 154.138 -92.7246 0
    endloop
  endfacet
  facet normal -0.923347 0.383966 0
    outer loop
      vertex 173.541 -92.5781 0
      vertex 173.688 -92.2246 1.5
      vertex 173.688 -92.2246 0
    endloop
  endfacet
  facet normal -0.923347 0.383966 0
    outer loop
      vertex 173.688 -92.2246 1.5
      vertex 173.541 -92.5781 0
      vertex 173.541 -92.5781 1.5
    endloop
  endfacet
  facet normal -1 0 0
    outer loop
      vertex 173.688 -92.2246 0
      vertex 173.688 -79.2246 1.5
      vertex 173.688 -79.2246 0
    endloop
  endfacet
  facet normal -1 -0 0
    outer loop
      vertex 173.688 -79.2246 1.5
      vertex 173.688 -92.2246 0
      vertex 173.688 -92.2246 1.5
    endloop
  endfacet
  facet normal -0.923347 -0.383966 0
    outer loop
      vertex 173.688 -79.2246 0
      vertex 173.541 -78.8711 1.5
      vertex 173.541 -78.8711 0
    endloop
  endfacet
  facet normal -0.923347 -0.383966 0
    outer loop
      vertex 173.541 -78.8711 1.5
      vertex 173.688 -79.2246 0
      vertex 173.688 -79.2246 1.5
    endloop
  endfacet
  facet normal -0.383315 -0.923618 0
    outer loop
      vertex 173.188 -78.7246 0
      vertex 173.541 -78.8711 1.5
      vertex 173.188 -78.7246 1.5
    endloop
  endfacet
  facet normal -0.383315 -0.923618 -0
    outer loop
      vertex 173.541 -78.8711 1.5
      vertex 173.188 -78.7246 0
      vertex 173.541 -78.8711 0
    endloop
  endfacet
  facet normal 0 -1 0
    outer loop
      vertex 160.188 -78.7246 0
      vertex 173.188 -78.7246 1.5
      vertex 160.188 -78.7246 1.5
    endloop
  endfacet
  facet normal 0 -1 -0
    outer loop
      vertex 173.188 -78.7246 1.5
      vertex 160.188 -78.7246 0
      vertex 173.188 -78.7246 0
    endloop
  endfacet
  facet normal 0.38239 -0.924001 0
    outer loop
      vertex 159.834 -78.8711 0
      vertex 160.188 -78.7246 1.5
      vertex 159.834 -78.8711 1.5
    endloop
  endfacet
  facet normal 0.38239 -0.924001 0
    outer loop
      vertex 160.188 -78.7246 1.5
      vertex 159.834 -78.8711 0
      vertex 160.188 -78.7246 0
    endloop
  endfacet
  facet normal 0.924271 -0.381736 0
    outer loop
      vertex 159.688 -79.2246 1.5
      vertex 159.834 -78.8711 0
      vertex 159.834 -78.8711 1.5
    endloop
  endfacet
  facet normal 0.924271 -0.381736 0
    outer loop
      vertex 159.834 -78.8711 0
      vertex 159.688 -79.2246 1.5
      vertex 159.688 -79.2246 0
    endloop
  endfacet
  facet normal 1 -0 0
    outer loop
      vertex 159.688 -92.2246 1.5
      vertex 159.688 -79.2246 0
      vertex 159.688 -79.2246 1.5
    endloop
  endfacet
  facet normal 1 0 0
    outer loop
      vertex 159.688 -79.2246 0
      vertex 159.688 -92.2246 1.5
      vertex 159.688 -92.2246 0
    endloop
  endfacet
  facet normal 0.924271 0.381736 0
    outer loop
      vertex 159.834 -92.5781 1.5
      vertex 159.688 -92.2246 0
      vertex 159.688 -92.2246 1.5
    endloop
  endfacet
  facet normal 0.924271 0.381736 0
    outer loop
      vertex 159.688 -92.2246 0
      vertex 159.834 -92.5781 1.5
      vertex 159.834 -92.5781 0
    endloop
  endfacet
  facet normal 0.38239 0.924001 -0
    outer loop
      vertex 160.188 -92.7246 0
      vertex 159.834 -92.5781 1.5
      vertex 160.188 -92.7246 1.5
    endloop
  endfacet
  facet normal 0.38239 0.924001 0
    outer loop
      vertex 159.834 -92.5781 1.5
      vertex 160.188 -92.7246 0
      vertex 159.834 -92.5781 0
    endloop
  endfacet
  facet normal 0 1 -0
    outer loop
      vertex 173.188 -92.7246 0
      vertex 160.188 -92.7246 1.5
      vertex 173.188 -92.7246 1.5
    endloop
  endfacet
  facet normal 0 1 0
    outer loop
      vertex 160.188 -92.7246 1.5
      vertex 173.188 -92.7246 0
      vertex 160.188 -92.7246 0
    endloop
  endfacet
  facet normal -0.383315 0.923618 0
    outer loop
      vertex 173.541 -92.5781 0
      vertex 173.188 -92.7246 1.5
      vertex 173.541 -92.5781 1.5
    endloop
  endfacet
  facet normal -0.383315 0.923618 0
    outer loop
      vertex 173.188 -92.7246 1.5
      vertex 173.541 -92.5781 0
      vertex 173.188 -92.7246 0
    endloop
  endfacet
  facet normal -0.924271 0.381736 0
    outer loop
      vertex 192.591 -92.5781 0
      vertex 192.737 -92.2246 1.5
      vertex 192.737 -92.2246 0
    endloop
  endfacet
  facet normal -0.924271 0.381736 0
    outer loop
      vertex 192.737 -92.2246 1.5
      vertex 192.591 -92.5781 0
      vertex 192.591 -92.5781 1.5
    endloop
  endfacet
  facet normal -1 0 0
    outer loop
      vertex 192.737 -92.2246 0
      vertex 192.737 -79.2246 1.5
      vertex 192.737 -79.2246 0
    endloop
  endfacet
  facet normal -1 -0 0
    outer loop
      vertex 192.737 -79.2246 1.5
      vertex 192.737 -92.2246 0
      vertex 192.737 -92.2246 1.5
    endloop
  endfacet
  facet normal -0.924271 -0.381736 0
    outer loop
      vertex 192.737 -79.2246 0
      vertex 192.591 -78.8711 1.5
      vertex 192.591 -78.8711 0
    endloop
  endfacet
  facet normal -0.924271 -0.381736 0
    outer loop
      vertex 192.591 -78.8711 1.5
      vertex 192.737 -79.2246 0
      vertex 192.737 -79.2246 1.5
    endloop
  endfacet
  facet normal -0.38239 -0.924001 0
    outer loop
      vertex 192.237 -78.7246 0
      vertex 192.591 -78.8711 1.5
      vertex 192.237 -78.7246 1.5
    endloop
  endfacet
  facet normal -0.38239 -0.924001 -0
    outer loop
      vertex 192.591 -78.8711 1.5
      vertex 192.237 -78.7246 0
      vertex 192.591 -78.8711 0
    endloop
  endfacet
  facet normal 0 -1 0
    outer loop
      vertex 179.237 -78.7246 0
      vertex 192.237 -78.7246 1.5
      vertex 179.237 -78.7246 1.5
    endloop
  endfacet
  facet normal 0 -1 -0
    outer loop
      vertex 192.237 -78.7246 1.5
      vertex 179.237 -78.7246 0
      vertex 192.237 -78.7246 0
    endloop
  endfacet
  facet normal 0.383315 -0.923618 0
    outer loop
      vertex 178.884 -78.8711 0
      vertex 179.237 -78.7246 1.5
      vertex 178.884 -78.8711 1.5
    endloop
  endfacet
  facet normal 0.383315 -0.923618 0
    outer loop
      vertex 179.237 -78.7246 1.5
      vertex 178.884 -78.8711 0
      vertex 179.237 -78.7246 0
    endloop
  endfacet
  facet normal 0.923347 -0.383966 0
    outer loop
      vertex 178.737 -79.2246 1.5
      vertex 178.884 -78.8711 0
      vertex 178.884 -78.8711 1.5
    endloop
  endfacet
  facet normal 0.923347 -0.383966 0
    outer loop
      vertex 178.884 -78.8711 0
      vertex 178.737 -79.2246 1.5
      vertex 178.737 -79.2246 0
    endloop
  endfacet
  facet normal 1 -0 0
    outer loop
      vertex 178.737 -92.2246 1.5
      vertex 178.737 -79.2246 0
      vertex 178.737 -79.2246 1.5
    endloop
  endfacet
  facet normal 1 0 0
    outer loop
      vertex 178.737 -79.2246 0
      vertex 178.737 -92.2246 1.5
      vertex 178.737 -92.2246 0
    endloop
  endfacet
  facet normal 0.923347 0.383966 0
    outer loop
      vertex 178.884 -92.5781 1.5
      vertex 178.737 -92.2246 0
      vertex 178.737 -92.2246 1.5
    endloop
  endfacet
  facet normal 0.923347 0.383966 0
    outer loop
      vertex 178.737 -92.2246 0
      vertex 178.884 -92.5781 1.5
      vertex 178.884 -92.5781 0
    endloop
  endfacet
  facet normal 0.383315 0.923618 -0
    outer loop
      vertex 179.237 -92.7246 0
      vertex 178.884 -92.5781 1.5
      vertex 179.237 -92.7246 1.5
    endloop
  endfacet
  facet normal 0.383315 0.923618 0
    outer loop
      vertex 178.884 -92.5781 1.5
      vertex 179.237 -92.7246 0
      vertex 178.884 -92.5781 0
    endloop
  endfacet
  facet normal 0 1 -0
    outer loop
      vertex 192.237 -92.7246 0
      vertex 179.237 -92.7246 1.5
      vertex 192.237 -92.7246 1.5
    endloop
  endfacet
  facet normal 0 1 0
    outer loop
      vertex 179.237 -92.7246 1.5
      vertex 192.237 -92.7246 0
      vertex 179.237 -92.7246 0
    endloop
  endfacet
  facet normal -0.38239 0.924001 0
    outer loop
      vertex 192.591 -92.5781 0
      vertex 192.237 -92.7246 1.5
      vertex 192.591 -92.5781 1.5
    endloop
  endfacet
  facet normal -0.38239 0.924001 0
    outer loop
      vertex 192.237 -92.7246 1.5
      vertex 192.591 -92.5781 0
      vertex 192.237 -92.7246 0
    endloop
  endfacet
  facet normal -0.924271 0.381736 0
    outer loop
      vertex 211.641 -92.5781 0
      vertex 211.787 -92.2246 1.5
      vertex 211.787 -92.2246 0
    endloop
  endfacet
  facet normal -0.924271 0.381736 0
    outer loop
      vertex 211.787 -92.2246 1.5
      vertex 211.641 -92.5781 0
      vertex 211.641 -92.5781 1.5
    endloop
  endfacet
  facet normal -1 0 0
    outer loop
      vertex 211.787 -92.2246 0
      vertex 211.787 -79.2246 1.5
      vertex 211.787 -79.2246 0
    endloop
  endfacet
  facet normal -1 -0 0
    outer loop
      vertex 211.787 -79.2246 1.5
      vertex 211.787 -92.2246 0
      vertex 211.787 -92.2246 1.5
    endloop
  endfacet
  facet normal -0.924271 -0.381736 0
    outer loop
      vertex 211.787 -79.2246 0
      vertex 211.641 -78.8711 1.5
      vertex 211.641 -78.8711 0
    endloop
  endfacet
  facet normal -0.924271 -0.381736 0
    outer loop
      vertex 211.641 -78.8711 1.5
      vertex 211.787 -79.2246 0
      vertex 211.787 -79.2246 1.5
    endloop
  endfacet
  facet normal -0.38239 -0.924001 0
    outer loop
      vertex 211.287 -78.7246 0
      vertex 211.641 -78.8711 1.5
      vertex 211.287 -78.7246 1.5
    endloop
  endfacet
  facet normal -0.38239 -0.924001 -0
    outer loop
      vertex 211.641 -78.8711 1.5
      vertex 211.287 -78.7246 0
      vertex 211.641 -78.8711 0
    endloop
  endfacet
  facet normal 0 -1 0
    outer loop
      vertex 198.287 -78.7246 0
      vertex 211.287 -78.7246 1.5
      vertex 198.287 -78.7246 1.5
    endloop
  endfacet
  facet normal 0 -1 -0
    outer loop
      vertex 211.287 -78.7246 1.5
      vertex 198.287 -78.7246 0
      vertex 211.287 -78.7246 0
    endloop
  endfacet
  facet normal 0.383315 -0.923618 0
    outer loop
      vertex 197.934 -78.8711 0
      vertex 198.287 -78.7246 1.5
      vertex 197.934 -78.8711 1.5
    endloop
  endfacet
  facet normal 0.383315 -0.923618 0
    outer loop
      vertex 198.287 -78.7246 1.5
      vertex 197.934 -78.8711 0
      vertex 198.287 -78.7246 0
    endloop
  endfacet
  facet normal 0.923347 -0.383966 0
    outer loop
      vertex 197.787 -79.2246 1.5
      vertex 197.934 -78.8711 0
      vertex 197.934 -78.8711 1.5
    endloop
  endfacet
  facet normal 0.923347 -0.383966 0
    outer loop
      vertex 197.934 -78.8711 0
      vertex 197.787 -79.2246 1.5
      vertex 197.787 -79.2246 0
    endloop
  endfacet
  facet normal 1 -0 0
    outer loop
      vertex 197.787 -92.2246 1.5
      vertex 197.787 -79.2246 0
      vertex 197.787 -79.2246 1.5
    endloop
  endfacet
  facet normal 1 0 0
    outer loop
      vertex 197.787 -79.2246 0
      vertex 197.787 -92.2246 1.5
      vertex 197.787 -92.2246 0
    endloop
  endfacet
  facet normal 0.923347 0.383966 0
    outer loop
      vertex 197.934 -92.5781 1.5
      vertex 197.787 -92.2246 0
      vertex 197.787 -92.2246 1.5
    endloop
  endfacet
  facet normal 0.923347 0.383966 0
    outer loop
      vertex 197.787 -92.2246 0
      vertex 197.934 -92.5781 1.5
      vertex 197.934 -92.5781 0
    endloop
  endfacet
  facet normal 0.383315 0.923618 -0
    outer loop
      vertex 198.287 -92.7246 0
      vertex 197.934 -92.5781 1.5
      vertex 198.287 -92.7246 1.5
    endloop
  endfacet
  facet normal 0.383315 0.923618 0
    outer loop
      vertex 197.934 -92.5781 1.5
      vertex 198.287 -92.7246 0
      vertex 197.934 -92.5781 0
    endloop
  endfacet
  facet normal 0 1 -0
    outer loop
      vertex 211.287 -92.7246 0
      vertex 198.287 -92.7246 1.5
      vertex 211.287 -92.7246 1.5
    endloop
  endfacet
  facet normal 0 1 0
    outer loop
      vertex 198.287 -92.7246 1.5
      vertex 211.287 -92.7246 0
      vertex 198.287 -92.7246 0
    endloop
  endfacet
  facet normal -0.38239 0.924001 0
    outer loop
      vertex 211.641 -92.5781 0
      vertex 211.287 -92.7246 1.5
      vertex 211.641 -92.5781 1.5
    endloop
  endfacet
  facet normal -0.38239 0.924001 0
    outer loop
      vertex 211.287 -92.7246 1.5
      vertex 211.641 -92.5781 0
      vertex 211.287 -92.7246 0
    endloop
  endfacet
  facet normal -0.923347 0.383966 0
    outer loop
      vertex 230.691 -92.5781 0
      vertex 230.838 -92.2246 1.5
      vertex 230.838 -92.2246 0
    endloop
  endfacet
  facet normal -0.923347 0.383966 0
    outer loop
      vertex 230.838 -92.2246 1.5
      vertex 230.691 -92.5781 0
      vertex 230.691 -92.5781 1.5
    endloop
  endfacet
  facet normal -1 0 0
    outer loop
      vertex 230.838 -92.2246 0
      vertex 230.838 -79.2246 1.5
      vertex 230.838 -79.2246 0
    endloop
  endfacet
  facet normal -1 -0 0
    outer loop
      vertex 230.838 -79.2246 1.5
      vertex 230.838 -92.2246 0
      vertex 230.838 -92.2246 1.5
    endloop
  endfacet
  facet normal -0.923347 -0.383966 0
    outer loop
      vertex 230.838 -79.2246 0
      vertex 230.691 -78.8711 1.5
      vertex 230.691 -78.8711 0
    endloop
  endfacet
  facet normal -0.923347 -0.383966 0
    outer loop
      vertex 230.691 -78.8711 1.5
      vertex 230.838 -79.2246 0
      vertex 230.838 -79.2246 1.5
    endloop
  endfacet
  facet normal -0.383315 -0.923618 0
    outer loop
      vertex 230.338 -78.7246 0
      vertex 230.691 -78.8711 1.5
      vertex 230.338 -78.7246 1.5
    endloop
  endfacet
  facet normal -0.383315 -0.923618 -0
    outer loop
      vertex 230.691 -78.8711 1.5
      vertex 230.338 -78.7246 0
      vertex 230.691 -78.8711 0
    endloop
  endfacet
  facet normal 0 -1 0
    outer loop
      vertex 217.338 -78.7246 0
      vertex 230.338 -78.7246 1.5
      vertex 217.338 -78.7246 1.5
    endloop
  endfacet
  facet normal 0 -1 -0
    outer loop
      vertex 230.338 -78.7246 1.5
      vertex 217.338 -78.7246 0
      vertex 230.338 -78.7246 0
    endloop
  endfacet
  facet normal 0.38239 -0.924001 0
    outer loop
      vertex 216.984 -78.8711 0
      vertex 217.338 -78.7246 1.5
      vertex 216.984 -78.8711 1.5
    endloop
  endfacet
  facet normal 0.38239 -0.924001 0
    outer loop
      vertex 217.338 -78.7246 1.5
      vertex 216.984 -78.8711 0
      vertex 217.338 -78.7246 0
    endloop
  endfacet
  facet normal 0.924271 -0.381736 0
    outer loop
      vertex 216.838 -79.2246 1.5
      vertex 216.984 -78.8711 0
      vertex 216.984 -78.8711 1.5
    endloop
  endfacet
  facet normal 0.924271 -0.381736 0
    outer loop
      vertex 216.984 -78.8711 0
      vertex 216.838 -79.2246 1.5
      vertex 216.838 -79.2246 0
    endloop
  endfacet
  facet normal 1 -0 0
    outer loop
      vertex 216.838 -92.2246 1.5
      vertex 216.838 -79.2246 0
      vertex 216.838 -79.2246 1.5
    endloop
  endfacet
  facet normal 1 0 0
    outer loop
      vertex 216.838 -79.2246 0
      vertex 216.838 -92.2246 1.5
      vertex 216.838 -92.2246 0
    endloop
  endfacet
  facet normal 0.924271 0.381736 0
    outer loop
      vertex 216.984 -92.5781 1.5
      vertex 216.838 -92.2246 0
      vertex 216.838 -92.2246 1.5
    endloop
  endfacet
  facet normal 0.924271 0.381736 0
    outer loop
      vertex 216.838 -92.2246 0
      vertex 216.984 -92.5781 1.5
      vertex 216.984 -92.5781 0
    endloop
  endfacet
  facet normal 0.38239 0.924001 -0
    outer loop
      vertex 217.338 -92.7246 0
      vertex 216.984 -92.5781 1.5
      vertex 217.338 -92.7246 1.5
    endloop
  endfacet
  facet normal 0.38239 0.924001 0
    outer loop
      vertex 216.984 -92.5781 1.5
      vertex 217.338 -92.7246 0
      vertex 216.984 -92.5781 0
    endloop
  endfacet
  facet normal 0 1 -0
    outer loop
      vertex 230.338 -92.7246 0
      vertex 217.338 -92.7246 1.5
      vertex 230.338 -92.7246 1.5
    endloop
  endfacet
  facet normal 0 1 0
    outer loop
      vertex 217.338 -92.7246 1.5
      vertex 230.338 -92.7246 0
      vertex 217.338 -92.7246 0
    endloop
  endfacet
  facet normal -0.383315 0.923618 0
    outer loop
      vertex 230.691 -92.5781 0
      vertex 230.338 -92.7246 1.5
      vertex 230.691 -92.5781 1.5
    endloop
  endfacet
  facet normal -0.383315 0.923618 0
    outer loop
      vertex 230.338 -92.7246 1.5
      vertex 230.691 -92.5781 0
      vertex 230.338 -92.7246 0
    endloop
  endfacet
  facet normal -0.924271 0.381736 0
    outer loop
      vertex 256.885 -92.5781 0
      vertex 257.031 -92.2246 1.5
      vertex 257.031 -92.2246 0
    endloop
  endfacet
  facet normal -0.924271 0.381736 0
    outer loop
      vertex 257.031 -92.2246 1.5
      vertex 256.885 -92.5781 0
      vertex 256.885 -92.5781 1.5
    endloop
  endfacet
  facet normal -1 0 0
    outer loop
      vertex 257.031 -92.2246 0
      vertex 257.031 -79.2246 1.5
      vertex 257.031 -79.2246 0
    endloop
  endfacet
  facet normal -1 -0 0
    outer loop
      vertex 257.031 -79.2246 1.5
      vertex 257.031 -92.2246 0
      vertex 257.031 -92.2246 1.5
    endloop
  endfacet
  facet normal -0.924271 -0.381736 0
    outer loop
      vertex 257.031 -79.2246 0
      vertex 256.885 -78.8711 1.5
      vertex 256.885 -78.8711 0
    endloop
  endfacet
  facet normal -0.924271 -0.381736 0
    outer loop
      vertex 256.885 -78.8711 1.5
      vertex 257.031 -79.2246 0
      vertex 257.031 -79.2246 1.5
    endloop
  endfacet
  facet normal -0.38239 -0.924001 0
    outer loop
      vertex 256.531 -78.7246 0
      vertex 256.885 -78.8711 1.5
      vertex 256.531 -78.7246 1.5
    endloop
  endfacet
  facet normal -0.38239 -0.924001 -0
    outer loop
      vertex 256.885 -78.8711 1.5
      vertex 256.531 -78.7246 0
      vertex 256.885 -78.8711 0
    endloop
  endfacet
  facet normal 0 -1 0
    outer loop
      vertex 243.531 -78.7246 0
      vertex 256.531 -78.7246 1.5
      vertex 243.531 -78.7246 1.5
    endloop
  endfacet
  facet normal 0 -1 -0
    outer loop
      vertex 256.531 -78.7246 1.5
      vertex 243.531 -78.7246 0
      vertex 256.531 -78.7246 0
    endloop
  endfacet
  facet normal 0.383315 -0.923618 0
    outer loop
      vertex 243.178 -78.8711 0
      vertex 243.531 -78.7246 1.5
      vertex 243.178 -78.8711 1.5
    endloop
  endfacet
  facet normal 0.383315 -0.923618 0
    outer loop
      vertex 243.531 -78.7246 1.5
      vertex 243.178 -78.8711 0
      vertex 243.531 -78.7246 0
    endloop
  endfacet
  facet normal 0.923347 -0.383966 0
    outer loop
      vertex 243.031 -79.2246 1.5
      vertex 243.178 -78.8711 0
      vertex 243.178 -78.8711 1.5
    endloop
  endfacet
  facet normal 0.923347 -0.383966 0
    outer loop
      vertex 243.178 -78.8711 0
      vertex 243.031 -79.2246 1.5
      vertex 243.031 -79.2246 0
    endloop
  endfacet
  facet normal 1 -0 0
    outer loop
      vertex 243.031 -92.2246 1.5
      vertex 243.031 -79.2246 0
      vertex 243.031 -79.2246 1.5
    endloop
  endfacet
  facet normal 1 0 0
    outer loop
      vertex 243.031 -79.2246 0
      vertex 243.031 -92.2246 1.5
      vertex 243.031 -92.2246 0
    endloop
  endfacet
  facet normal 0.923347 0.383966 0
    outer loop
      vertex 243.178 -92.5781 1.5
      vertex 243.031 -92.2246 0
      vertex 243.031 -92.2246 1.5
    endloop
  endfacet
  facet normal 0.923347 0.383966 0
    outer loop
      vertex 243.031 -92.2246 0
      vertex 243.178 -92.5781 1.5
      vertex 243.178 -92.5781 0
    endloop
  endfacet
  facet normal 0.383315 0.923618 -0
    outer loop
      vertex 243.531 -92.7246 0
      vertex 243.178 -92.5781 1.5
      vertex 243.531 -92.7246 1.5
    endloop
  endfacet
  facet normal 0.383315 0.923618 0
    outer loop
      vertex 243.178 -92.5781 1.5
      vertex 243.531 -92.7246 0
      vertex 243.178 -92.5781 0
    endloop
  endfacet
  facet normal 0 1 -0
    outer loop
      vertex 256.531 -92.7246 0
      vertex 243.531 -92.7246 1.5
      vertex 256.531 -92.7246 1.5
    endloop
  endfacet
  facet normal 0 1 0
    outer loop
      vertex 243.531 -92.7246 1.5
      vertex 256.531 -92.7246 0
      vertex 243.531 -92.7246 0
    endloop
  endfacet
  facet normal -0.38239 0.924001 0
    outer loop
      vertex 256.885 -92.5781 0
      vertex 256.531 -92.7246 1.5
      vertex 256.885 -92.5781 1.5
    endloop
  endfacet
  facet normal -0.38239 0.924001 0
    outer loop
      vertex 256.531 -92.7246 1.5
      vertex 256.885 -92.5781 0
      vertex 256.531 -92.7246 0
    endloop
  endfacet
  facet normal -0.923347 0.383966 0
    outer loop
      vertex 283.078 -92.5781 0
      vertex 283.225 -92.2246 1.5
      vertex 283.225 -92.2246 0
    endloop
  endfacet
  facet normal -0.923347 0.383966 0
    outer loop
      vertex 283.225 -92.2246 1.5
      vertex 283.078 -92.5781 0
      vertex 283.078 -92.5781 1.5
    endloop
  endfacet
  facet normal -1 0 0
    outer loop
      vertex 283.225 -92.2246 0
      vertex 283.225 -79.2246 1.5
      vertex 283.225 -79.2246 0
    endloop
  endfacet
  facet normal -1 -0 0
    outer loop
      vertex 283.225 -79.2246 1.5
      vertex 283.225 -92.2246 0
      vertex 283.225 -92.2246 1.5
    endloop
  endfacet
  facet normal -0.923347 -0.383966 0
    outer loop
      vertex 283.225 -79.2246 0
      vertex 283.078 -78.8711 1.5
      vertex 283.078 -78.8711 0
    endloop
  endfacet
  facet normal -0.923347 -0.383966 0
    outer loop
      vertex 283.078 -78.8711 1.5
      vertex 283.225 -79.2246 0
      vertex 283.225 -79.2246 1.5
    endloop
  endfacet
  facet normal -0.383315 -0.923618 0
    outer loop
      vertex 282.725 -78.7246 0
      vertex 283.078 -78.8711 1.5
      vertex 282.725 -78.7246 1.5
    endloop
  endfacet
  facet normal -0.383315 -0.923618 -0
    outer loop
      vertex 283.078 -78.8711 1.5
      vertex 282.725 -78.7246 0
      vertex 283.078 -78.8711 0
    endloop
  endfacet
  facet normal 0 -1 0
    outer loop
      vertex 269.725 -78.7246 0
      vertex 282.725 -78.7246 1.5
      vertex 269.725 -78.7246 1.5
    endloop
  endfacet
  facet normal 0 -1 -0
    outer loop
      vertex 282.725 -78.7246 1.5
      vertex 269.725 -78.7246 0
      vertex 282.725 -78.7246 0
    endloop
  endfacet
  facet normal 0.38239 -0.924001 0
    outer loop
      vertex 269.371 -78.8711 0
      vertex 269.725 -78.7246 1.5
      vertex 269.371 -78.8711 1.5
    endloop
  endfacet
  facet normal 0.38239 -0.924001 0
    outer loop
      vertex 269.725 -78.7246 1.5
      vertex 269.371 -78.8711 0
      vertex 269.725 -78.7246 0
    endloop
  endfacet
  facet normal 0.924271 -0.381736 0
    outer loop
      vertex 269.225 -79.2246 1.5
      vertex 269.371 -78.8711 0
      vertex 269.371 -78.8711 1.5
    endloop
  endfacet
  facet normal 0.924271 -0.381736 0
    outer loop
      vertex 269.371 -78.8711 0
      vertex 269.225 -79.2246 1.5
      vertex 269.225 -79.2246 0
    endloop
  endfacet
  facet normal 1 -0 0
    outer loop
      vertex 269.225 -92.2246 1.5
      vertex 269.225 -79.2246 0
      vertex 269.225 -79.2246 1.5
    endloop
  endfacet
  facet normal 1 0 0
    outer loop
      vertex 269.225 -79.2246 0
      vertex 269.225 -92.2246 1.5
      vertex 269.225 -92.2246 0
    endloop
  endfacet
  facet normal 0.924271 0.381736 0
    outer loop
      vertex 269.371 -92.5781 1.5
      vertex 269.225 -92.2246 0
      vertex 269.225 -92.2246 1.5
    endloop
  endfacet
  facet normal 0.924271 0.381736 0
    outer loop
      vertex 269.225 -92.2246 0
      vertex 269.371 -92.5781 1.5
      vertex 269.371 -92.5781 0
    endloop
  endfacet
  facet normal 0.38239 0.924001 -0
    outer loop
      vertex 269.725 -92.7246 0
      vertex 269.371 -92.5781 1.5
      vertex 269.725 -92.7246 1.5
    endloop
  endfacet
  facet normal 0.38239 0.924001 0
    outer loop
      vertex 269.371 -92.5781 1.5
      vertex 269.725 -92.7246 0
      vertex 269.371 -92.5781 0
    endloop
  endfacet
  facet normal 0 1 -0
    outer loop
      vertex 282.725 -92.7246 0
      vertex 269.725 -92.7246 1.5
      vertex 282.725 -92.7246 1.5
    endloop
  endfacet
  facet normal 0 1 0
    outer loop
      vertex 269.725 -92.7246 1.5
      vertex 282.725 -92.7246 0
      vertex 269.725 -92.7246 0
    endloop
  endfacet
  facet normal -0.383315 0.923618 0
    outer loop
      vertex 283.078 -92.5781 0
      vertex 282.725 -92.7246 1.5
      vertex 283.078 -92.5781 1.5
    endloop
  endfacet
  facet normal -0.383315 0.923618 0
    outer loop
      vertex 282.725 -92.7246 1.5
      vertex 283.078 -92.5781 0
      vertex 282.725 -92.7246 0
    endloop
  endfacet
  facet normal -0.924271 0.381736 0
    outer loop
      vertex 302.129 -92.5781 0
      vertex 302.275 -92.2246 1.5
      vertex 302.275 -92.2246 0
    endloop
  endfacet
  facet normal -0.924271 0.381736 0
    outer loop
      vertex 302.275 -92.2246 1.5
      vertex 302.129 -92.5781 0
      vertex 302.129 -92.5781 1.5
    endloop
  endfacet
  facet normal -1 0 0
    outer loop
      vertex 302.275 -92.2246 0
      vertex 302.275 -79.2246 1.5
      vertex 302.275 -79.2246 0
    endloop
  endfacet
  facet normal -1 -0 0
    outer loop
      vertex 302.275 -79.2246 1.5
      vertex 302.275 -92.2246 0
      vertex 302.275 -92.2246 1.5
    endloop
  endfacet
  facet normal -0.924271 -0.381736 0
    outer loop
      vertex 302.275 -79.2246 0
      vertex 302.129 -78.8711 1.5
      vertex 302.129 -78.8711 0
    endloop
  endfacet
  facet normal -0.924271 -0.381736 0
    outer loop
      vertex 302.129 -78.8711 1.5
      vertex 302.275 -79.2246 0
      vertex 302.275 -79.2246 1.5
    endloop
  endfacet
  facet normal -0.38239 -0.924001 0
    outer loop
      vertex 301.775 -78.7246 0
      vertex 302.129 -78.8711 1.5
      vertex 301.775 -78.7246 1.5
    endloop
  endfacet
  facet normal -0.38239 -0.924001 -0
    outer loop
      vertex 302.129 -78.8711 1.5
      vertex 301.775 -78.7246 0
      vertex 302.129 -78.8711 0
    endloop
  endfacet
  facet normal 0 -1 0
    outer loop
      vertex 288.775 -78.7246 0
      vertex 301.775 -78.7246 1.5
      vertex 288.775 -78.7246 1.5
    endloop
  endfacet
  facet normal 0 -1 -0
    outer loop
      vertex 301.775 -78.7246 1.5
      vertex 288.775 -78.7246 0
      vertex 301.775 -78.7246 0
    endloop
  endfacet
  facet normal 0.383315 -0.923618 0
    outer loop
      vertex 288.422 -78.8711 0
      vertex 288.775 -78.7246 1.5
      vertex 288.422 -78.8711 1.5
    endloop
  endfacet
  facet normal 0.383315 -0.923618 0
    outer loop
      vertex 288.775 -78.7246 1.5
      vertex 288.422 -78.8711 0
      vertex 288.775 -78.7246 0
    endloop
  endfacet
  facet normal 0.923347 -0.383966 0
    outer loop
      vertex 288.275 -79.2246 1.5
      vertex 288.422 -78.8711 0
      vertex 288.422 -78.8711 1.5
    endloop
  endfacet
  facet normal 0.923347 -0.383966 0
    outer loop
      vertex 288.422 -78.8711 0
      vertex 288.275 -79.2246 1.5
      vertex 288.275 -79.2246 0
    endloop
  endfacet
  facet normal 1 -0 0
    outer loop
      vertex 288.275 -92.2246 1.5
      vertex 288.275 -79.2246 0
      vertex 288.275 -79.2246 1.5
    endloop
  endfacet
  facet normal 1 0 0
    outer loop
      vertex 288.275 -79.2246 0
      vertex 288.275 -92.2246 1.5
      vertex 288.275 -92.2246 0
    endloop
  endfacet
  facet normal 0.923347 0.383966 0
    outer loop
      vertex 288.422 -92.5781 1.5
      vertex 288.275 -92.2246 0
      vertex 288.275 -92.2246 1.5
    endloop
  endfacet
  facet normal 0.923347 0.383966 0
    outer loop
      vertex 288.275 -92.2246 0
      vertex 288.422 -92.5781 1.5
      vertex 288.422 -92.5781 0
    endloop
  endfacet
  facet normal 0.383315 0.923618 -0
    outer loop
      vertex 288.775 -92.7246 0
      vertex 288.422 -92.5781 1.5
      vertex 288.775 -92.7246 1.5
    endloop
  endfacet
  facet normal 0.383315 0.923618 0
    outer loop
      vertex 288.422 -92.5781 1.5
      vertex 288.775 -92.7246 0
      vertex 288.422 -92.5781 0
    endloop
  endfacet
  facet normal 0 1 -0
    outer loop
      vertex 301.775 -92.7246 0
      vertex 288.775 -92.7246 1.5
      vertex 301.775 -92.7246 1.5
    endloop
  endfacet
  facet normal 0 1 0
    outer loop
      vertex 288.775 -92.7246 1.5
      vertex 301.775 -92.7246 0
      vertex 288.775 -92.7246 0
    endloop
  endfacet
  facet normal -0.38239 0.924001 0
    outer loop
      vertex 302.129 -92.5781 0
      vertex 301.775 -92.7246 1.5
      vertex 302.129 -92.5781 1.5
    endloop
  endfacet
  facet normal -0.38239 0.924001 0
    outer loop
      vertex 301.775 -92.7246 1.5
      vertex 302.129 -92.5781 0
      vertex 301.775 -92.7246 0
    endloop
  endfacet
  facet normal -0.923902 0.382629 0
    outer loop
      vertex 28.2852 -92.5781 0
      vertex 28.4316 -92.2246 1.5
      vertex 28.4316 -92.2246 0
    endloop
  endfacet
  facet normal -0.923902 0.382629 0
    outer loop
      vertex 28.4316 -92.2246 1.5
      vertex 28.2852 -92.5781 0
      vertex 28.2852 -92.5781 1.5
    endloop
  endfacet
  facet normal -1 0 0
    outer loop
      vertex 28.4316 -92.2246 0
      vertex 28.4316 -79.2246 1.5
      vertex 28.4316 -79.2246 0
    endloop
  endfacet
  facet normal -1 -0 0
    outer loop
      vertex 28.4316 -79.2246 1.5
      vertex 28.4316 -92.2246 0
      vertex 28.4316 -92.2246 1.5
    endloop
  endfacet
  facet normal -0.923902 -0.382629 0
    outer loop
      vertex 28.4316 -79.2246 0
      vertex 28.2852 -78.8711 1.5
      vertex 28.2852 -78.8711 0
    endloop
  endfacet
  facet normal -0.923902 -0.382629 0
    outer loop
      vertex 28.2852 -78.8711 1.5
      vertex 28.4316 -79.2246 0
      vertex 28.4316 -79.2246 1.5
    endloop
  endfacet
  facet normal -0.382759 -0.923848 0
    outer loop
      vertex 27.9316 -78.7246 0
      vertex 28.2852 -78.8711 1.5
      vertex 27.9316 -78.7246 1.5
    endloop
  endfacet
  facet normal -0.382759 -0.923848 -0
    outer loop
      vertex 28.2852 -78.8711 1.5
      vertex 27.9316 -78.7246 0
      vertex 28.2852 -78.8711 0
    endloop
  endfacet
  facet normal 0 -1 0
    outer loop
      vertex 14.9316 -78.7246 0
      vertex 27.9316 -78.7246 1.5
      vertex 14.9316 -78.7246 1.5
    endloop
  endfacet
  facet normal 0 -1 -0
    outer loop
      vertex 27.9316 -78.7246 1.5
      vertex 14.9316 -78.7246 0
      vertex 27.9316 -78.7246 0
    endloop
  endfacet
  facet normal 0.382852 -0.92381 0
    outer loop
      vertex 14.5781 -78.8711 0
      vertex 14.9316 -78.7246 1.5
      vertex 14.5781 -78.8711 1.5
    endloop
  endfacet
  facet normal 0.382852 -0.92381 0
    outer loop
      vertex 14.9316 -78.7246 1.5
      vertex 14.5781 -78.8711 0
      vertex 14.9316 -78.7246 0
    endloop
  endfacet
  facet normal 0.92381 -0.382852 0
    outer loop
      vertex 14.4316 -79.2246 1.5
      vertex 14.5781 -78.8711 0
      vertex 14.5781 -78.8711 1.5
    endloop
  endfacet
  facet normal 0.92381 -0.382852 0
    outer loop
      vertex 14.5781 -78.8711 0
      vertex 14.4316 -79.2246 1.5
      vertex 14.4316 -79.2246 0
    endloop
  endfacet
  facet normal 1 -0 0
    outer loop
      vertex 14.4316 -92.2246 1.5
      vertex 14.4316 -79.2246 0
      vertex 14.4316 -79.2246 1.5
    endloop
  endfacet
  facet normal 1 0 0
    outer loop
      vertex 14.4316 -79.2246 0
      vertex 14.4316 -92.2246 1.5
      vertex 14.4316 -92.2246 0
    endloop
  endfacet
  facet normal 0.92381 0.382852 0
    outer loop
      vertex 14.5781 -92.5781 1.5
      vertex 14.4316 -92.2246 0
      vertex 14.4316 -92.2246 1.5
    endloop
  endfacet
  facet normal 0.92381 0.382852 0
    outer loop
      vertex 14.4316 -92.2246 0
      vertex 14.5781 -92.5781 1.5
      vertex 14.5781 -92.5781 0
    endloop
  endfacet
  facet normal 0.382852 0.92381 -0
    outer loop
      vertex 14.9316 -92.7246 0
      vertex 14.5781 -92.5781 1.5
      vertex 14.9316 -92.7246 1.5
    endloop
  endfacet
  facet normal 0.382852 0.92381 0
    outer loop
      vertex 14.5781 -92.5781 1.5
      vertex 14.9316 -92.7246 0
      vertex 14.5781 -92.5781 0
    endloop
  endfacet
  facet normal 0 1 -0
    outer loop
      vertex 27.9316 -92.7246 0
      vertex 14.9316 -92.7246 1.5
      vertex 27.9316 -92.7246 1.5
    endloop
  endfacet
  facet normal 0 1 0
    outer loop
      vertex 14.9316 -92.7246 1.5
      vertex 27.9316 -92.7246 0
      vertex 14.9316 -92.7246 0
    endloop
  endfacet
  facet normal -0.382759 0.923848 0
    outer loop
      vertex 28.2852 -92.5781 0
      vertex 27.9316 -92.7246 1.5
      vertex 28.2852 -92.5781 1.5
    endloop
  endfacet
  facet normal -0.382759 0.923848 0
    outer loop
      vertex 27.9316 -92.7246 1.5
      vertex 28.2852 -92.5781 0
      vertex 27.9316 -92.7246 0
    endloop
  endfacet
  facet normal -0.923902 0.382629 0
    outer loop
      vertex 36.7227 -94.5781 0
      vertex 36.8691 -94.2246 1.5
      vertex 36.8691 -94.2246 0
    endloop
  endfacet
  facet normal -0.923902 0.382629 0
    outer loop
      vertex 36.8691 -94.2246 1.5
      vertex 36.7227 -94.5781 0
      vertex 36.7227 -94.5781 1.5
    endloop
  endfacet
  facet normal -1 0 0
    outer loop
      vertex 36.8691 -94.2246 0
      vertex 36.8691 -80.2246 1.5
      vertex 36.8691 -80.2246 0
    endloop
  endfacet
  facet normal -1 -0 0
    outer loop
      vertex 36.8691 -80.2246 1.5
      vertex 36.8691 -94.2246 0
      vertex 36.8691 -94.2246 1.5
    endloop
  endfacet
  facet normal -0.923902 -0.382629 0
    outer loop
      vertex 36.8691 -80.2246 0
      vertex 36.7227 -79.8711 1.5
      vertex 36.7227 -79.8711 0
    endloop
  endfacet
  facet normal -0.923902 -0.382629 0
    outer loop
      vertex 36.7227 -79.8711 1.5
      vertex 36.8691 -80.2246 0
      vertex 36.8691 -80.2246 1.5
    endloop
  endfacet
  facet normal -0.382759 -0.923848 0
    outer loop
      vertex 36.3691 -79.7246 0
      vertex 36.7227 -79.8711 1.5
      vertex 36.3691 -79.7246 1.5
    endloop
  endfacet
  facet normal -0.382759 -0.923848 -0
    outer loop
      vertex 36.7227 -79.8711 1.5
      vertex 36.3691 -79.7246 0
      vertex 36.7227 -79.8711 0
    endloop
  endfacet
  facet normal 0 -1 0
    outer loop
      vertex 30.3691 -79.7246 0
      vertex 36.3691 -79.7246 1.5
      vertex 30.3691 -79.7246 1.5
    endloop
  endfacet
  facet normal 0 -1 -0
    outer loop
      vertex 36.3691 -79.7246 1.5
      vertex 30.3691 -79.7246 0
      vertex 36.3691 -79.7246 0
    endloop
  endfacet
  facet normal 0.382852 -0.92381 0
    outer loop
      vertex 30.0156 -79.8711 0
      vertex 30.3691 -79.7246 1.5
      vertex 30.0156 -79.8711 1.5
    endloop
  endfacet
  facet normal 0.382852 -0.92381 0
    outer loop
      vertex 30.3691 -79.7246 1.5
      vertex 30.0156 -79.8711 0
      vertex 30.3691 -79.7246 0
    endloop
  endfacet
  facet normal 0.92381 -0.382852 0
    outer loop
      vertex 29.8691 -80.2246 1.5
      vertex 30.0156 -79.8711 0
      vertex 30.0156 -79.8711 1.5
    endloop
  endfacet
  facet normal 0.92381 -0.382852 0
    outer loop
      vertex 30.0156 -79.8711 0
      vertex 29.8691 -80.2246 1.5
      vertex 29.8691 -80.2246 0
    endloop
  endfacet
  facet normal 1 -0 0
    outer loop
      vertex 29.8691 -94.2246 1.5
      vertex 29.8691 -80.2246 0
      vertex 29.8691 -80.2246 1.5
    endloop
  endfacet
  facet normal 1 0 0
    outer loop
      vertex 29.8691 -80.2246 0
      vertex 29.8691 -94.2246 1.5
      vertex 29.8691 -94.2246 0
    endloop
  endfacet
  facet normal 0.92381 0.382852 0
    outer loop
      vertex 30.0156 -94.5781 1.5
      vertex 29.8691 -94.2246 0
      vertex 29.8691 -94.2246 1.5
    endloop
  endfacet
  facet normal 0.92381 0.382852 0
    outer loop
      vertex 29.8691 -94.2246 0
      vertex 30.0156 -94.5781 1.5
      vertex 30.0156 -94.5781 0
    endloop
  endfacet
  facet normal 0.382852 0.92381 -0
    outer loop
      vertex 30.3691 -94.7246 0
      vertex 30.0156 -94.5781 1.5
      vertex 30.3691 -94.7246 1.5
    endloop
  endfacet
  facet normal 0.382852 0.92381 0
    outer loop
      vertex 30.0156 -94.5781 1.5
      vertex 30.3691 -94.7246 0
      vertex 30.0156 -94.5781 0
    endloop
  endfacet
  facet normal 0 1 -0
    outer loop
      vertex 36.3691 -94.7246 0
      vertex 30.3691 -94.7246 1.5
      vertex 36.3691 -94.7246 1.5
    endloop
  endfacet
  facet normal 0 1 0
    outer loop
      vertex 30.3691 -94.7246 1.5
      vertex 36.3691 -94.7246 0
      vertex 30.3691 -94.7246 0
    endloop
  endfacet
  facet normal -0.382759 0.923848 0
    outer loop
      vertex 36.7227 -94.5781 0
      vertex 36.3691 -94.7246 1.5
      vertex 36.7227 -94.5781 1.5
    endloop
  endfacet
  facet normal -0.382759 0.923848 0
    outer loop
      vertex 36.3691 -94.7246 1.5
      vertex 36.7227 -94.5781 0
      vertex 36.3691 -94.7246 0
    endloop
  endfacet
  facet normal -0.92381 0.382852 0
    outer loop
      vertex 12.8467 -94.5781 0
      vertex 12.9932 -94.2246 1.5
      vertex 12.9932 -94.2246 0
    endloop
  endfacet
  facet normal -0.92381 0.382852 0
    outer loop
      vertex 12.9932 -94.2246 1.5
      vertex 12.8467 -94.5781 0
      vertex 12.8467 -94.5781 1.5
    endloop
  endfacet
  facet normal -1 0 0
    outer loop
      vertex 12.9932 -94.2246 0
      vertex 12.9932 -80.2246 1.5
      vertex 12.9932 -80.2246 0
    endloop
  endfacet
  facet normal -1 -0 0
    outer loop
      vertex 12.9932 -80.2246 1.5
      vertex 12.9932 -94.2246 0
      vertex 12.9932 -94.2246 1.5
    endloop
  endfacet
  facet normal -0.92381 -0.382852 0
    outer loop
      vertex 12.9932 -80.2246 0
      vertex 12.8467 -79.8711 1.5
      vertex 12.8467 -79.8711 0
    endloop
  endfacet
  facet normal -0.92381 -0.382852 0
    outer loop
      vertex 12.8467 -79.8711 1.5
      vertex 12.9932 -80.2246 0
      vertex 12.9932 -80.2246 1.5
    endloop
  endfacet
  facet normal -0.382852 -0.92381 0
    outer loop
      vertex 12.4932 -79.7246 0
      vertex 12.8467 -79.8711 1.5
      vertex 12.4932 -79.7246 1.5
    endloop
  endfacet
  facet normal -0.382852 -0.92381 -0
    outer loop
      vertex 12.8467 -79.8711 1.5
      vertex 12.4932 -79.7246 0
      vertex 12.8467 -79.8711 0
    endloop
  endfacet
  facet normal 0 -1 0
    outer loop
      vertex 6.49316 -79.7246 0
      vertex 12.4932 -79.7246 1.5
      vertex 6.49316 -79.7246 1.5
    endloop
  endfacet
  facet normal 0 -1 -0
    outer loop
      vertex 12.4932 -79.7246 1.5
      vertex 6.49316 -79.7246 0
      vertex 12.4932 -79.7246 0
    endloop
  endfacet
  facet normal 0.382843 -0.923814 0
    outer loop
      vertex 6.13965 -79.8711 0
      vertex 6.49316 -79.7246 1.5
      vertex 6.13965 -79.8711 1.5
    endloop
  endfacet
  facet normal 0.382843 -0.923814 0
    outer loop
      vertex 6.49316 -79.7246 1.5
      vertex 6.13965 -79.8711 0
      vertex 6.49316 -79.7246 0
    endloop
  endfacet
  facet normal 0.923819 -0.38283 0
    outer loop
      vertex 5.99316 -80.2246 1.5
      vertex 6.13965 -79.8711 0
      vertex 6.13965 -79.8711 1.5
    endloop
  endfacet
  facet normal 0.923819 -0.38283 0
    outer loop
      vertex 6.13965 -79.8711 0
      vertex 5.99316 -80.2246 1.5
      vertex 5.99316 -80.2246 0
    endloop
  endfacet
  facet normal 1 -0 0
    outer loop
      vertex 5.99316 -94.2246 1.5
      vertex 5.99316 -80.2246 0
      vertex 5.99316 -80.2246 1.5
    endloop
  endfacet
  facet normal 1 0 0
    outer loop
      vertex 5.99316 -80.2246 0
      vertex 5.99316 -94.2246 1.5
      vertex 5.99316 -94.2246 0
    endloop
  endfacet
  facet normal 0.923819 0.38283 0
    outer loop
      vertex 6.13965 -94.5781 1.5
      vertex 5.99316 -94.2246 0
      vertex 5.99316 -94.2246 1.5
    endloop
  endfacet
  facet normal 0.923819 0.38283 0
    outer loop
      vertex 5.99316 -94.2246 0
      vertex 6.13965 -94.5781 1.5
      vertex 6.13965 -94.5781 0
    endloop
  endfacet
  facet normal 0.382843 0.923814 -0
    outer loop
      vertex 6.49316 -94.7246 0
      vertex 6.13965 -94.5781 1.5
      vertex 6.49316 -94.7246 1.5
    endloop
  endfacet
  facet normal 0.382843 0.923814 0
    outer loop
      vertex 6.13965 -94.5781 1.5
      vertex 6.49316 -94.7246 0
      vertex 6.13965 -94.5781 0
    endloop
  endfacet
  facet normal 0 1 -0
    outer loop
      vertex 12.4932 -94.7246 0
      vertex 6.49316 -94.7246 1.5
      vertex 12.4932 -94.7246 1.5
    endloop
  endfacet
  facet normal 0 1 0
    outer loop
      vertex 6.49316 -94.7246 1.5
      vertex 12.4932 -94.7246 0
      vertex 6.49316 -94.7246 0
    endloop
  endfacet
  facet normal -0.382852 0.92381 0
    outer loop
      vertex 12.8467 -94.5781 0
      vertex 12.4932 -94.7246 1.5
      vertex 12.8467 -94.5781 1.5
    endloop
  endfacet
  facet normal -0.382852 0.92381 0
    outer loop
      vertex 12.4932 -94.7246 1.5
      vertex 12.8467 -94.5781 0
      vertex 12.4932 -94.7246 0
    endloop
  endfacet
  facet normal -0.924093 0.382167 0
    outer loop
      vertex 18.7598 -111.629 0
      vertex 18.9062 -111.275 1.5
      vertex 18.9062 -111.275 0
    endloop
  endfacet
  facet normal -0.924093 0.382167 0
    outer loop
      vertex 18.9062 -111.275 1.5
      vertex 18.7598 -111.629 0
      vertex 18.7598 -111.629 1.5
    endloop
  endfacet
  facet normal -1 0 0
    outer loop
      vertex 18.9062 -111.275 0
      vertex 18.9062 -98.2754 1.5
      vertex 18.9062 -98.2754 0
    endloop
  endfacet
  facet normal -1 -0 0
    outer loop
      vertex 18.9062 -98.2754 1.5
      vertex 18.9062 -111.275 0
      vertex 18.9062 -111.275 1.5
    endloop
  endfacet
  facet normal -0.923902 -0.382629 0
    outer loop
      vertex 18.9062 -98.2754 0
      vertex 18.7598 -97.9219 1.5
      vertex 18.7598 -97.9219 0
    endloop
  endfacet
  facet normal -0.923902 -0.382629 0
    outer loop
      vertex 18.7598 -97.9219 1.5
      vertex 18.9062 -98.2754 0
      vertex 18.9062 -98.2754 1.5
    endloop
  endfacet
  facet normal -0.382759 -0.923848 0
    outer loop
      vertex 18.4062 -97.7754 0
      vertex 18.7598 -97.9219 1.5
      vertex 18.4062 -97.7754 1.5
    endloop
  endfacet
  facet normal -0.382759 -0.923848 -0
    outer loop
      vertex 18.7598 -97.9219 1.5
      vertex 18.4062 -97.7754 0
      vertex 18.7598 -97.9219 0
    endloop
  endfacet
  facet normal 0 -1 0
    outer loop
      vertex 5.40625 -97.7754 0
      vertex 18.4062 -97.7754 1.5
      vertex 5.40625 -97.7754 1.5
    endloop
  endfacet
  facet normal 0 -1 -0
    outer loop
      vertex 18.4062 -97.7754 1.5
      vertex 5.40625 -97.7754 0
      vertex 18.4062 -97.7754 0
    endloop
  endfacet
  facet normal 0.382833 -0.923817 0
    outer loop
      vertex 5.05273 -97.9219 0
      vertex 5.40625 -97.7754 1.5
      vertex 5.05273 -97.9219 1.5
    endloop
  endfacet
  facet normal 0.382833 -0.923817 0
    outer loop
      vertex 5.40625 -97.7754 1.5
      vertex 5.05273 -97.9219 0
      vertex 5.40625 -97.7754 0
    endloop
  endfacet
  facet normal 0.923828 -0.382807 0
    outer loop
      vertex 4.90625 -98.2754 1.5
      vertex 5.05273 -97.9219 0
      vertex 5.05273 -97.9219 1.5
    endloop
  endfacet
  facet normal 0.923828 -0.382807 0
    outer loop
      vertex 5.05273 -97.9219 0
      vertex 4.90625 -98.2754 1.5
      vertex 4.90625 -98.2754 0
    endloop
  endfacet
  facet normal 1 -0 0
    outer loop
      vertex 4.90625 -111.275 1.5
      vertex 4.90625 -98.2754 0
      vertex 4.90625 -98.2754 1.5
    endloop
  endfacet
  facet normal 1 0 0
    outer loop
      vertex 4.90625 -98.2754 0
      vertex 4.90625 -111.275 1.5
      vertex 4.90625 -111.275 0
    endloop
  endfacet
  facet normal 0.924019 0.382346 0
    outer loop
      vertex 5.05273 -111.629 1.5
      vertex 4.90625 -111.275 0
      vertex 4.90625 -111.275 1.5
    endloop
  endfacet
  facet normal 0.924019 0.382346 0
    outer loop
      vertex 4.90625 -111.275 0
      vertex 5.05273 -111.629 1.5
      vertex 5.05273 -111.629 0
    endloop
  endfacet
  facet normal 0.381717 0.924279 -0
    outer loop
      vertex 5.40625 -111.775 0
      vertex 5.05273 -111.629 1.5
      vertex 5.40625 -111.775 1.5
    endloop
  endfacet
  facet normal 0.381717 0.924279 0
    outer loop
      vertex 5.05273 -111.629 1.5
      vertex 5.40625 -111.775 0
      vertex 5.05273 -111.629 0
    endloop
  endfacet
  facet normal 0 1 -0
    outer loop
      vertex 18.4062 -111.775 0
      vertex 5.40625 -111.775 1.5
      vertex 18.4062 -111.775 1.5
    endloop
  endfacet
  facet normal 0 1 0
    outer loop
      vertex 5.40625 -111.775 1.5
      vertex 18.4062 -111.775 0
      vertex 5.40625 -111.775 0
    endloop
  endfacet
  facet normal -0.381644 0.92431 0
    outer loop
      vertex 18.7598 -111.629 0
      vertex 18.4062 -111.775 1.5
      vertex 18.7598 -111.629 1.5
    endloop
  endfacet
  facet normal -0.381644 0.92431 0
    outer loop
      vertex 18.4062 -111.775 1.5
      vertex 18.7598 -111.629 0
      vertex 18.4062 -111.775 0
    endloop
  endfacet
  facet normal -0.924001 0.38239 0
    outer loop
      vertex 42.5723 -111.629 0
      vertex 42.7188 -111.275 1.5
      vertex 42.7188 -111.275 0
    endloop
  endfacet
  facet normal -0.924001 0.38239 0
    outer loop
      vertex 42.7188 -111.275 1.5
      vertex 42.5723 -111.629 0
      vertex 42.5723 -111.629 1.5
    endloop
  endfacet
  facet normal -1 0 0
    outer loop
      vertex 42.7188 -111.275 0
      vertex 42.7188 -98.2754 1.5
      vertex 42.7188 -98.2754 0
    endloop
  endfacet
  facet normal -1 -0 0
    outer loop
      vertex 42.7188 -98.2754 1.5
      vertex 42.7188 -111.275 0
      vertex 42.7188 -111.275 1.5
    endloop
  endfacet
  facet normal -0.92381 -0.382852 0
    outer loop
      vertex 42.7188 -98.2754 0
      vertex 42.5723 -97.9219 1.5
      vertex 42.5723 -97.9219 0
    endloop
  endfacet
  facet normal -0.92381 -0.382852 0
    outer loop
      vertex 42.5723 -97.9219 1.5
      vertex 42.7188 -98.2754 0
      vertex 42.7188 -98.2754 1.5
    endloop
  endfacet
  facet normal -0.382852 -0.92381 0
    outer loop
      vertex 42.2188 -97.7754 0
      vertex 42.5723 -97.9219 1.5
      vertex 42.2188 -97.7754 1.5
    endloop
  endfacet
  facet normal -0.382852 -0.92381 -0
    outer loop
      vertex 42.5723 -97.9219 1.5
      vertex 42.2188 -97.7754 0
      vertex 42.5723 -97.9219 0
    endloop
  endfacet
  facet normal 0 -1 0
    outer loop
      vertex 29.2188 -97.7754 0
      vertex 42.2188 -97.7754 1.5
      vertex 29.2188 -97.7754 1.5
    endloop
  endfacet
  facet normal 0 -1 -0
    outer loop
      vertex 42.2188 -97.7754 1.5
      vertex 29.2188 -97.7754 0
      vertex 42.2188 -97.7754 0
    endloop
  endfacet
  facet normal 0.382759 -0.923848 0
    outer loop
      vertex 28.8652 -97.9219 0
      vertex 29.2188 -97.7754 1.5
      vertex 28.8652 -97.9219 1.5
    endloop
  endfacet
  facet normal 0.382759 -0.923848 0
    outer loop
      vertex 29.2188 -97.7754 1.5
      vertex 28.8652 -97.9219 0
      vertex 29.2188 -97.7754 0
    endloop
  endfacet
  facet normal 0.923902 -0.382629 0
    outer loop
      vertex 28.7188 -98.2754 1.5
      vertex 28.8652 -97.9219 0
      vertex 28.8652 -97.9219 1.5
    endloop
  endfacet
  facet normal 0.923902 -0.382629 0
    outer loop
      vertex 28.8652 -97.9219 0
      vertex 28.7188 -98.2754 1.5
      vertex 28.7188 -98.2754 0
    endloop
  endfacet
  facet normal 1 -0 0
    outer loop
      vertex 28.7188 -111.275 1.5
      vertex 28.7188 -98.2754 0
      vertex 28.7188 -98.2754 1.5
    endloop
  endfacet
  facet normal 1 0 0
    outer loop
      vertex 28.7188 -98.2754 0
      vertex 28.7188 -111.275 1.5
      vertex 28.7188 -111.275 0
    endloop
  endfacet
  facet normal 0.924093 0.382167 0
    outer loop
      vertex 28.8652 -111.629 1.5
      vertex 28.7188 -111.275 0
      vertex 28.7188 -111.275 1.5
    endloop
  endfacet
  facet normal 0.924093 0.382167 0
    outer loop
      vertex 28.7188 -111.275 0
      vertex 28.8652 -111.629 1.5
      vertex 28.8652 -111.629 0
    endloop
  endfacet
  facet normal 0.381644 0.92431 -0
    outer loop
      vertex 29.2188 -111.775 0
      vertex 28.8652 -111.629 1.5
      vertex 29.2188 -111.775 1.5
    endloop
  endfacet
  facet normal 0.381644 0.92431 0
    outer loop
      vertex 28.8652 -111.629 1.5
      vertex 29.2188 -111.775 0
      vertex 28.8652 -111.629 0
    endloop
  endfacet
  facet normal 0 1 -0
    outer loop
      vertex 42.2188 -111.775 0
      vertex 29.2188 -111.775 1.5
      vertex 42.2188 -111.775 1.5
    endloop
  endfacet
  facet normal 0 1 0
    outer loop
      vertex 29.2188 -111.775 1.5
      vertex 42.2188 -111.775 0
      vertex 29.2188 -111.775 0
    endloop
  endfacet
  facet normal -0.381736 0.924271 0
    outer loop
      vertex 42.5723 -111.629 0
      vertex 42.2188 -111.775 1.5
      vertex 42.5723 -111.629 1.5
    endloop
  endfacet
  facet normal -0.381736 0.924271 0
    outer loop
      vertex 42.2188 -111.775 1.5
      vertex 42.5723 -111.629 0
      vertex 42.2188 -111.775 0
    endloop
  endfacet
  facet normal -0.924093 0.382167 0
    outer loop
      vertex 66.3848 -111.629 0
      vertex 66.5312 -111.275 1.5
      vertex 66.5312 -111.275 0
    endloop
  endfacet
  facet normal -0.924093 0.382167 0
    outer loop
      vertex 66.5312 -111.275 1.5
      vertex 66.3848 -111.629 0
      vertex 66.3848 -111.629 1.5
    endloop
  endfacet
  facet normal -1 0 0
    outer loop
      vertex 66.5312 -111.275 0
      vertex 66.5312 -98.2754 1.5
      vertex 66.5312 -98.2754 0
    endloop
  endfacet
  facet normal -1 -0 0
    outer loop
      vertex 66.5312 -98.2754 1.5
      vertex 66.5312 -111.275 0
      vertex 66.5312 -111.275 1.5
    endloop
  endfacet
  facet normal -0.923902 -0.382629 0
    outer loop
      vertex 66.5312 -98.2754 0
      vertex 66.3848 -97.9219 1.5
      vertex 66.3848 -97.9219 0
    endloop
  endfacet
  facet normal -0.923902 -0.382629 0
    outer loop
      vertex 66.3848 -97.9219 1.5
      vertex 66.5312 -98.2754 0
      vertex 66.5312 -98.2754 1.5
    endloop
  endfacet
  facet normal -0.382759 -0.923848 0
    outer loop
      vertex 66.0312 -97.7754 0
      vertex 66.3848 -97.9219 1.5
      vertex 66.0312 -97.7754 1.5
    endloop
  endfacet
  facet normal -0.382759 -0.923848 -0
    outer loop
      vertex 66.3848 -97.9219 1.5
      vertex 66.0312 -97.7754 0
      vertex 66.3848 -97.9219 0
    endloop
  endfacet
  facet normal 0 -1 0
    outer loop
      vertex 53.0312 -97.7754 0
      vertex 66.0312 -97.7754 1.5
      vertex 53.0312 -97.7754 1.5
    endloop
  endfacet
  facet normal 0 -1 -0
    outer loop
      vertex 66.0312 -97.7754 1.5
      vertex 53.0312 -97.7754 0
      vertex 66.0312 -97.7754 0
    endloop
  endfacet
  facet normal 0.382852 -0.92381 0
    outer loop
      vertex 52.6777 -97.9219 0
      vertex 53.0312 -97.7754 1.5
      vertex 52.6777 -97.9219 1.5
    endloop
  endfacet
  facet normal 0.382852 -0.92381 0
    outer loop
      vertex 53.0312 -97.7754 1.5
      vertex 52.6777 -97.9219 0
      vertex 53.0312 -97.7754 0
    endloop
  endfacet
  facet normal 0.92381 -0.382852 0
    outer loop
      vertex 52.5312 -98.2754 1.5
      vertex 52.6777 -97.9219 0
      vertex 52.6777 -97.9219 1.5
    endloop
  endfacet
  facet normal 0.92381 -0.382852 0
    outer loop
      vertex 52.6777 -97.9219 0
      vertex 52.5312 -98.2754 1.5
      vertex 52.5312 -98.2754 0
    endloop
  endfacet
  facet normal 1 -0 0
    outer loop
      vertex 52.5312 -111.275 1.5
      vertex 52.5312 -98.2754 0
      vertex 52.5312 -98.2754 1.5
    endloop
  endfacet
  facet normal 1 0 0
    outer loop
      vertex 52.5312 -98.2754 0
      vertex 52.5312 -111.275 1.5
      vertex 52.5312 -111.275 0
    endloop
  endfacet
  facet normal 0.924001 0.38239 0
    outer loop
      vertex 52.6777 -111.629 1.5
      vertex 52.5312 -111.275 0
      vertex 52.5312 -111.275 1.5
    endloop
  endfacet
  facet normal 0.924001 0.38239 0
    outer loop
      vertex 52.5312 -111.275 0
      vertex 52.6777 -111.629 1.5
      vertex 52.6777 -111.629 0
    endloop
  endfacet
  facet normal 0.381736 0.924271 -0
    outer loop
      vertex 53.0312 -111.775 0
      vertex 52.6777 -111.629 1.5
      vertex 53.0312 -111.775 1.5
    endloop
  endfacet
  facet normal 0.381736 0.924271 0
    outer loop
      vertex 52.6777 -111.629 1.5
      vertex 53.0312 -111.775 0
      vertex 52.6777 -111.629 0
    endloop
  endfacet
  facet normal 0 1 -0
    outer loop
      vertex 66.0312 -111.775 0
      vertex 53.0312 -111.775 1.5
      vertex 66.0312 -111.775 1.5
    endloop
  endfacet
  facet normal 0 1 0
    outer loop
      vertex 53.0312 -111.775 1.5
      vertex 66.0312 -111.775 0
      vertex 53.0312 -111.775 0
    endloop
  endfacet
  facet normal -0.381644 0.92431 0
    outer loop
      vertex 66.3848 -111.629 0
      vertex 66.0312 -111.775 1.5
      vertex 66.3848 -111.629 1.5
    endloop
  endfacet
  facet normal -0.381644 0.92431 0
    outer loop
      vertex 66.0312 -111.775 1.5
      vertex 66.3848 -111.629 0
      vertex 66.0312 -111.775 0
    endloop
  endfacet
  facet normal -0.923539 0.383504 0
    outer loop
      vertex 137.822 -111.629 0
      vertex 137.969 -111.275 1.5
      vertex 137.969 -111.275 0
    endloop
  endfacet
  facet normal -0.923539 0.383504 0
    outer loop
      vertex 137.969 -111.275 1.5
      vertex 137.822 -111.629 0
      vertex 137.822 -111.629 1.5
    endloop
  endfacet
  facet normal -1 0 0
    outer loop
      vertex 137.969 -111.275 0
      vertex 137.969 -98.2754 1.5
      vertex 137.969 -98.2754 0
    endloop
  endfacet
  facet normal -1 -0 0
    outer loop
      vertex 137.969 -98.2754 1.5
      vertex 137.969 -111.275 0
      vertex 137.969 -111.275 1.5
    endloop
  endfacet
  facet normal -0.923347 -0.383966 0
    outer loop
      vertex 137.969 -98.2754 0
      vertex 137.822 -97.9219 1.5
      vertex 137.822 -97.9219 0
    endloop
  endfacet
  facet normal -0.923347 -0.383966 0
    outer loop
      vertex 137.822 -97.9219 1.5
      vertex 137.969 -98.2754 0
      vertex 137.969 -98.2754 1.5
    endloop
  endfacet
  facet normal -0.383315 -0.923618 0
    outer loop
      vertex 137.469 -97.7754 0
      vertex 137.822 -97.9219 1.5
      vertex 137.469 -97.7754 1.5
    endloop
  endfacet
  facet normal -0.383315 -0.923618 -0
    outer loop
      vertex 137.822 -97.9219 1.5
      vertex 137.469 -97.7754 0
      vertex 137.822 -97.9219 0
    endloop
  endfacet
  facet normal 0 -1 0
    outer loop
      vertex 124.469 -97.7754 0
      vertex 137.469 -97.7754 1.5
      vertex 124.469 -97.7754 1.5
    endloop
  endfacet
  facet normal 0 -1 -0
    outer loop
      vertex 137.469 -97.7754 1.5
      vertex 124.469 -97.7754 0
      vertex 137.469 -97.7754 0
    endloop
  endfacet
  facet normal 0.38239 -0.924001 0
    outer loop
      vertex 124.115 -97.9219 0
      vertex 124.469 -97.7754 1.5
      vertex 124.115 -97.9219 1.5
    endloop
  endfacet
  facet normal 0.38239 -0.924001 0
    outer loop
      vertex 124.469 -97.7754 1.5
      vertex 124.115 -97.9219 0
      vertex 124.469 -97.7754 0
    endloop
  endfacet
  facet normal 0.924271 -0.381736 0
    outer loop
      vertex 123.969 -98.2754 1.5
      vertex 124.115 -97.9219 0
      vertex 124.115 -97.9219 1.5
    endloop
  endfacet
  facet normal 0.924271 -0.381736 0
    outer loop
      vertex 124.115 -97.9219 0
      vertex 123.969 -98.2754 1.5
      vertex 123.969 -98.2754 0
    endloop
  endfacet
  facet normal 1 -0 0
    outer loop
      vertex 123.969 -111.275 1.5
      vertex 123.969 -98.2754 0
      vertex 123.969 -98.2754 1.5
    endloop
  endfacet
  facet normal 1 0 0
    outer loop
      vertex 123.969 -98.2754 0
      vertex 123.969 -111.275 1.5
      vertex 123.969 -111.275 0
    endloop
  endfacet
  facet normal 0.924462 0.381275 0
    outer loop
      vertex 124.115 -111.629 1.5
      vertex 123.969 -111.275 0
      vertex 123.969 -111.275 1.5
    endloop
  endfacet
  facet normal 0.924462 0.381275 0
    outer loop
      vertex 123.969 -111.275 0
      vertex 124.115 -111.629 1.5
      vertex 124.115 -111.629 0
    endloop
  endfacet
  facet normal 0.381275 0.924462 -0
    outer loop
      vertex 124.469 -111.775 0
      vertex 124.115 -111.629 1.5
      vertex 124.469 -111.775 1.5
    endloop
  endfacet
  facet normal 0.381275 0.924462 0
    outer loop
      vertex 124.115 -111.629 1.5
      vertex 124.469 -111.775 0
      vertex 124.115 -111.629 0
    endloop
  endfacet
  facet normal 0 1 -0
    outer loop
      vertex 137.469 -111.775 0
      vertex 124.469 -111.775 1.5
      vertex 137.469 -111.775 1.5
    endloop
  endfacet
  facet normal 0 1 0
    outer loop
      vertex 124.469 -111.775 1.5
      vertex 137.469 -111.775 0
      vertex 124.469 -111.775 0
    endloop
  endfacet
  facet normal -0.382198 0.924081 0
    outer loop
      vertex 137.822 -111.629 0
      vertex 137.469 -111.775 1.5
      vertex 137.822 -111.629 1.5
    endloop
  endfacet
  facet normal -0.382198 0.924081 0
    outer loop
      vertex 137.469 -111.775 1.5
      vertex 137.822 -111.629 0
      vertex 137.469 -111.775 0
    endloop
  endfacet
  facet normal -0.924462 0.381275 0
    outer loop
      vertex 206.879 -111.629 0
      vertex 207.025 -111.275 1.5
      vertex 207.025 -111.275 0
    endloop
  endfacet
  facet normal -0.924462 0.381275 0
    outer loop
      vertex 207.025 -111.275 1.5
      vertex 206.879 -111.629 0
      vertex 206.879 -111.629 1.5
    endloop
  endfacet
  facet normal -1 0 0
    outer loop
      vertex 207.025 -111.275 0
      vertex 207.025 -98.2754 1.5
      vertex 207.025 -98.2754 0
    endloop
  endfacet
  facet normal -1 -0 0
    outer loop
      vertex 207.025 -98.2754 1.5
      vertex 207.025 -111.275 0
      vertex 207.025 -111.275 1.5
    endloop
  endfacet
  facet normal -0.924271 -0.381736 0
    outer loop
      vertex 207.025 -98.2754 0
      vertex 206.879 -97.9219 1.5
      vertex 206.879 -97.9219 0
    endloop
  endfacet
  facet normal -0.924271 -0.381736 0
    outer loop
      vertex 206.879 -97.9219 1.5
      vertex 207.025 -98.2754 0
      vertex 207.025 -98.2754 1.5
    endloop
  endfacet
  facet normal -0.38239 -0.924001 0
    outer loop
      vertex 206.525 -97.7754 0
      vertex 206.879 -97.9219 1.5
      vertex 206.525 -97.7754 1.5
    endloop
  endfacet
  facet normal -0.38239 -0.924001 -0
    outer loop
      vertex 206.879 -97.9219 1.5
      vertex 206.525 -97.7754 0
      vertex 206.879 -97.9219 0
    endloop
  endfacet
  facet normal 0 -1 0
    outer loop
      vertex 193.525 -97.7754 0
      vertex 206.525 -97.7754 1.5
      vertex 193.525 -97.7754 1.5
    endloop
  endfacet
  facet normal 0 -1 -0
    outer loop
      vertex 206.525 -97.7754 1.5
      vertex 193.525 -97.7754 0
      vertex 206.525 -97.7754 0
    endloop
  endfacet
  facet normal 0.383315 -0.923618 0
    outer loop
      vertex 193.172 -97.9219 0
      vertex 193.525 -97.7754 1.5
      vertex 193.172 -97.9219 1.5
    endloop
  endfacet
  facet normal 0.383315 -0.923618 0
    outer loop
      vertex 193.525 -97.7754 1.5
      vertex 193.172 -97.9219 0
      vertex 193.525 -97.7754 0
    endloop
  endfacet
  facet normal 0.923347 -0.383966 0
    outer loop
      vertex 193.025 -98.2754 1.5
      vertex 193.172 -97.9219 0
      vertex 193.172 -97.9219 1.5
    endloop
  endfacet
  facet normal 0.923347 -0.383966 0
    outer loop
      vertex 193.172 -97.9219 0
      vertex 193.025 -98.2754 1.5
      vertex 193.025 -98.2754 0
    endloop
  endfacet
  facet normal 1 -0 0
    outer loop
      vertex 193.025 -111.275 1.5
      vertex 193.025 -98.2754 0
      vertex 193.025 -98.2754 1.5
    endloop
  endfacet
  facet normal 1 0 0
    outer loop
      vertex 193.025 -98.2754 0
      vertex 193.025 -111.275 1.5
      vertex 193.025 -111.275 0
    endloop
  endfacet
  facet normal 0.923539 0.383504 0
    outer loop
      vertex 193.172 -111.629 1.5
      vertex 193.025 -111.275 0
      vertex 193.025 -111.275 1.5
    endloop
  endfacet
  facet normal 0.923539 0.383504 0
    outer loop
      vertex 193.025 -111.275 0
      vertex 193.172 -111.629 1.5
      vertex 193.172 -111.629 0
    endloop
  endfacet
  facet normal 0.382198 0.924081 -0
    outer loop
      vertex 193.525 -111.775 0
      vertex 193.172 -111.629 1.5
      vertex 193.525 -111.775 1.5
    endloop
  endfacet
  facet normal 0.382198 0.924081 0
    outer loop
      vertex 193.172 -111.629 1.5
      vertex 193.525 -111.775 0
      vertex 193.172 -111.629 0
    endloop
  endfacet
  facet normal 0 1 -0
    outer loop
      vertex 206.525 -111.775 0
      vertex 193.525 -111.775 1.5
      vertex 206.525 -111.775 1.5
    endloop
  endfacet
  facet normal 0 1 0
    outer loop
      vertex 193.525 -111.775 1.5
      vertex 206.525 -111.775 0
      vertex 193.525 -111.775 0
    endloop
  endfacet
  facet normal -0.381275 0.924462 0
    outer loop
      vertex 206.879 -111.629 0
      vertex 206.525 -111.775 1.5
      vertex 206.879 -111.629 1.5
    endloop
  endfacet
  facet normal -0.381275 0.924462 0
    outer loop
      vertex 206.525 -111.775 1.5
      vertex 206.879 -111.629 0
      vertex 206.525 -111.775 0
    endloop
  endfacet
  facet normal -0.924462 0.381275 0
    outer loop
      vertex 225.929 -111.629 0
      vertex 226.075 -111.275 1.5
      vertex 226.075 -111.275 0
    endloop
  endfacet
  facet normal -0.924462 0.381275 0
    outer loop
      vertex 226.075 -111.275 1.5
      vertex 225.929 -111.629 0
      vertex 225.929 -111.629 1.5
    endloop
  endfacet
  facet normal -1 0 0
    outer loop
      vertex 226.075 -111.275 0
      vertex 226.075 -98.2754 1.5
      vertex 226.075 -98.2754 0
    endloop
  endfacet
  facet normal -1 -0 0
    outer loop
      vertex 226.075 -98.2754 1.5
      vertex 226.075 -111.275 0
      vertex 226.075 -111.275 1.5
    endloop
  endfacet
  facet normal -0.924271 -0.381736 0
    outer loop
      vertex 226.075 -98.2754 0
      vertex 225.929 -97.9219 1.5
      vertex 225.929 -97.9219 0
    endloop
  endfacet
  facet normal -0.924271 -0.381736 0
    outer loop
      vertex 225.929 -97.9219 1.5
      vertex 226.075 -98.2754 0
      vertex 226.075 -98.2754 1.5
    endloop
  endfacet
  facet normal -0.38239 -0.924001 0
    outer loop
      vertex 225.575 -97.7754 0
      vertex 225.929 -97.9219 1.5
      vertex 225.575 -97.7754 1.5
    endloop
  endfacet
  facet normal -0.38239 -0.924001 -0
    outer loop
      vertex 225.929 -97.9219 1.5
      vertex 225.575 -97.7754 0
      vertex 225.929 -97.9219 0
    endloop
  endfacet
  facet normal 0 -1 0
    outer loop
      vertex 212.575 -97.7754 0
      vertex 225.575 -97.7754 1.5
      vertex 212.575 -97.7754 1.5
    endloop
  endfacet
  facet normal 0 -1 -0
    outer loop
      vertex 225.575 -97.7754 1.5
      vertex 212.575 -97.7754 0
      vertex 225.575 -97.7754 0
    endloop
  endfacet
  facet normal 0.383315 -0.923618 0
    outer loop
      vertex 212.222 -97.9219 0
      vertex 212.575 -97.7754 1.5
      vertex 212.222 -97.9219 1.5
    endloop
  endfacet
  facet normal 0.383315 -0.923618 0
    outer loop
      vertex 212.575 -97.7754 1.5
      vertex 212.222 -97.9219 0
      vertex 212.575 -97.7754 0
    endloop
  endfacet
  facet normal 0.923347 -0.383966 0
    outer loop
      vertex 212.075 -98.2754 1.5
      vertex 212.222 -97.9219 0
      vertex 212.222 -97.9219 1.5
    endloop
  endfacet
  facet normal 0.923347 -0.383966 0
    outer loop
      vertex 212.222 -97.9219 0
      vertex 212.075 -98.2754 1.5
      vertex 212.075 -98.2754 0
    endloop
  endfacet
  facet normal 1 -0 0
    outer loop
      vertex 212.075 -111.275 1.5
      vertex 212.075 -98.2754 0
      vertex 212.075 -98.2754 1.5
    endloop
  endfacet
  facet normal 1 0 0
    outer loop
      vertex 212.075 -98.2754 0
      vertex 212.075 -111.275 1.5
      vertex 212.075 -111.275 0
    endloop
  endfacet
  facet normal 0.923539 0.383504 0
    outer loop
      vertex 212.222 -111.629 1.5
      vertex 212.075 -111.275 0
      vertex 212.075 -111.275 1.5
    endloop
  endfacet
  facet normal 0.923539 0.383504 0
    outer loop
      vertex 212.075 -111.275 0
      vertex 212.222 -111.629 1.5
      vertex 212.222 -111.629 0
    endloop
  endfacet
  facet normal 0.382198 0.924081 -0
    outer loop
      vertex 212.575 -111.775 0
      vertex 212.222 -111.629 1.5
      vertex 212.575 -111.775 1.5
    endloop
  endfacet
  facet normal 0.382198 0.924081 0
    outer loop
      vertex 212.222 -111.629 1.5
      vertex 212.575 -111.775 0
      vertex 212.222 -111.629 0
    endloop
  endfacet
  facet normal 0 1 -0
    outer loop
      vertex 225.575 -111.775 0
      vertex 212.575 -111.775 1.5
      vertex 225.575 -111.775 1.5
    endloop
  endfacet
  facet normal 0 1 0
    outer loop
      vertex 212.575 -111.775 1.5
      vertex 225.575 -111.775 0
      vertex 212.575 -111.775 0
    endloop
  endfacet
  facet normal -0.381275 0.924462 0
    outer loop
      vertex 225.929 -111.629 0
      vertex 225.575 -111.775 1.5
      vertex 225.929 -111.629 1.5
    endloop
  endfacet
  facet normal -0.381275 0.924462 0
    outer loop
      vertex 225.575 -111.775 1.5
      vertex 225.929 -111.629 0
      vertex 225.575 -111.775 0
    endloop
  endfacet
  facet normal -0.924462 0.381275 0
    outer loop
      vertex 244.979 -111.629 0
      vertex 245.125 -111.275 1.5
      vertex 245.125 -111.275 0
    endloop
  endfacet
  facet normal -0.924462 0.381275 0
    outer loop
      vertex 245.125 -111.275 1.5
      vertex 244.979 -111.629 0
      vertex 244.979 -111.629 1.5
    endloop
  endfacet
  facet normal -1 0 0
    outer loop
      vertex 245.125 -111.275 0
      vertex 245.125 -98.2754 1.5
      vertex 245.125 -98.2754 0
    endloop
  endfacet
  facet normal -1 -0 0
    outer loop
      vertex 245.125 -98.2754 1.5
      vertex 245.125 -111.275 0
      vertex 245.125 -111.275 1.5
    endloop
  endfacet
  facet normal -0.924271 -0.381736 0
    outer loop
      vertex 245.125 -98.2754 0
      vertex 244.979 -97.9219 1.5
      vertex 244.979 -97.9219 0
    endloop
  endfacet
  facet normal -0.924271 -0.381736 0
    outer loop
      vertex 244.979 -97.9219 1.5
      vertex 245.125 -98.2754 0
      vertex 245.125 -98.2754 1.5
    endloop
  endfacet
  facet normal -0.38239 -0.924001 0
    outer loop
      vertex 244.625 -97.7754 0
      vertex 244.979 -97.9219 1.5
      vertex 244.625 -97.7754 1.5
    endloop
  endfacet
  facet normal -0.38239 -0.924001 -0
    outer loop
      vertex 244.979 -97.9219 1.5
      vertex 244.625 -97.7754 0
      vertex 244.979 -97.9219 0
    endloop
  endfacet
  facet normal 0 -1 0
    outer loop
      vertex 231.625 -97.7754 0
      vertex 244.625 -97.7754 1.5
      vertex 231.625 -97.7754 1.5
    endloop
  endfacet
  facet normal 0 -1 -0
    outer loop
      vertex 244.625 -97.7754 1.5
      vertex 231.625 -97.7754 0
      vertex 244.625 -97.7754 0
    endloop
  endfacet
  facet normal 0.38239 -0.924001 0
    outer loop
      vertex 231.271 -97.9219 0
      vertex 231.625 -97.7754 1.5
      vertex 231.271 -97.9219 1.5
    endloop
  endfacet
  facet normal 0.38239 -0.924001 0
    outer loop
      vertex 231.625 -97.7754 1.5
      vertex 231.271 -97.9219 0
      vertex 231.625 -97.7754 0
    endloop
  endfacet
  facet normal 0.924271 -0.381736 0
    outer loop
      vertex 231.125 -98.2754 1.5
      vertex 231.271 -97.9219 0
      vertex 231.271 -97.9219 1.5
    endloop
  endfacet
  facet normal 0.924271 -0.381736 0
    outer loop
      vertex 231.271 -97.9219 0
      vertex 231.125 -98.2754 1.5
      vertex 231.125 -98.2754 0
    endloop
  endfacet
  facet normal 1 -0 0
    outer loop
      vertex 231.125 -111.275 1.5
      vertex 231.125 -98.2754 0
      vertex 231.125 -98.2754 1.5
    endloop
  endfacet
  facet normal 1 0 0
    outer loop
      vertex 231.125 -98.2754 0
      vertex 231.125 -111.275 1.5
      vertex 231.125 -111.275 0
    endloop
  endfacet
  facet normal 0.924462 0.381275 0
    outer loop
      vertex 231.271 -111.629 1.5
      vertex 231.125 -111.275 0
      vertex 231.125 -111.275 1.5
    endloop
  endfacet
  facet normal 0.924462 0.381275 0
    outer loop
      vertex 231.125 -111.275 0
      vertex 231.271 -111.629 1.5
      vertex 231.271 -111.629 0
    endloop
  endfacet
  facet normal 0.381275 0.924462 -0
    outer loop
      vertex 231.625 -111.775 0
      vertex 231.271 -111.629 1.5
      vertex 231.625 -111.775 1.5
    endloop
  endfacet
  facet normal 0.381275 0.924462 0
    outer loop
      vertex 231.271 -111.629 1.5
      vertex 231.625 -111.775 0
      vertex 231.271 -111.629 0
    endloop
  endfacet
  facet normal 0 1 -0
    outer loop
      vertex 244.625 -111.775 0
      vertex 231.625 -111.775 1.5
      vertex 244.625 -111.775 1.5
    endloop
  endfacet
  facet normal 0 1 0
    outer loop
      vertex 231.625 -111.775 1.5
      vertex 244.625 -111.775 0
      vertex 231.625 -111.775 0
    endloop
  endfacet
  facet normal -0.381275 0.924462 0
    outer loop
      vertex 244.979 -111.629 0
      vertex 244.625 -111.775 1.5
      vertex 244.979 -111.629 1.5
    endloop
  endfacet
  facet normal -0.381275 0.924462 0
    outer loop
      vertex 244.625 -111.775 1.5
      vertex 244.979 -111.629 0
      vertex 244.625 -111.775 0
    endloop
  endfacet
  facet normal -0.923539 0.383504 0
    outer loop
      vertex 264.028 -111.629 0
      vertex 264.175 -111.275 1.5
      vertex 264.175 -111.275 0
    endloop
  endfacet
  facet normal -0.923539 0.383504 0
    outer loop
      vertex 264.175 -111.275 1.5
      vertex 264.028 -111.629 0
      vertex 264.028 -111.629 1.5
    endloop
  endfacet
  facet normal -1 0 0
    outer loop
      vertex 264.175 -111.275 0
      vertex 264.175 -98.2754 1.5
      vertex 264.175 -98.2754 0
    endloop
  endfacet
  facet normal -1 -0 0
    outer loop
      vertex 264.175 -98.2754 1.5
      vertex 264.175 -111.275 0
      vertex 264.175 -111.275 1.5
    endloop
  endfacet
  facet normal -0.923347 -0.383966 0
    outer loop
      vertex 264.175 -98.2754 0
      vertex 264.028 -97.9219 1.5
      vertex 264.028 -97.9219 0
    endloop
  endfacet
  facet normal -0.923347 -0.383966 0
    outer loop
      vertex 264.028 -97.9219 1.5
      vertex 264.175 -98.2754 0
      vertex 264.175 -98.2754 1.5
    endloop
  endfacet
  facet normal -0.383315 -0.923618 0
    outer loop
      vertex 263.675 -97.7754 0
      vertex 264.028 -97.9219 1.5
      vertex 263.675 -97.7754 1.5
    endloop
  endfacet
  facet normal -0.383315 -0.923618 -0
    outer loop
      vertex 264.028 -97.9219 1.5
      vertex 263.675 -97.7754 0
      vertex 264.028 -97.9219 0
    endloop
  endfacet
  facet normal 0 -1 0
    outer loop
      vertex 250.675 -97.7754 0
      vertex 263.675 -97.7754 1.5
      vertex 250.675 -97.7754 1.5
    endloop
  endfacet
  facet normal 0 -1 -0
    outer loop
      vertex 263.675 -97.7754 1.5
      vertex 250.675 -97.7754 0
      vertex 263.675 -97.7754 0
    endloop
  endfacet
  facet normal 0.38239 -0.924001 0
    outer loop
      vertex 250.321 -97.9219 0
      vertex 250.675 -97.7754 1.5
      vertex 250.321 -97.9219 1.5
    endloop
  endfacet
  facet normal 0.38239 -0.924001 0
    outer loop
      vertex 250.675 -97.7754 1.5
      vertex 250.321 -97.9219 0
      vertex 250.675 -97.7754 0
    endloop
  endfacet
  facet normal 0.924271 -0.381736 0
    outer loop
      vertex 250.175 -98.2754 1.5
      vertex 250.321 -97.9219 0
      vertex 250.321 -97.9219 1.5
    endloop
  endfacet
  facet normal 0.924271 -0.381736 0
    outer loop
      vertex 250.321 -97.9219 0
      vertex 250.175 -98.2754 1.5
      vertex 250.175 -98.2754 0
    endloop
  endfacet
  facet normal 1 -0 0
    outer loop
      vertex 250.175 -111.275 1.5
      vertex 250.175 -98.2754 0
      vertex 250.175 -98.2754 1.5
    endloop
  endfacet
  facet normal 1 0 0
    outer loop
      vertex 250.175 -98.2754 0
      vertex 250.175 -111.275 1.5
      vertex 250.175 -111.275 0
    endloop
  endfacet
  facet normal 0.924462 0.381275 0
    outer loop
      vertex 250.321 -111.629 1.5
      vertex 250.175 -111.275 0
      vertex 250.175 -111.275 1.5
    endloop
  endfacet
  facet normal 0.924462 0.381275 0
    outer loop
      vertex 250.175 -111.275 0
      vertex 250.321 -111.629 1.5
      vertex 250.321 -111.629 0
    endloop
  endfacet
  facet normal 0.381275 0.924462 -0
    outer loop
      vertex 250.675 -111.775 0
      vertex 250.321 -111.629 1.5
      vertex 250.675 -111.775 1.5
    endloop
  endfacet
  facet normal 0.381275 0.924462 0
    outer loop
      vertex 250.321 -111.629 1.5
      vertex 250.675 -111.775 0
      vertex 250.321 -111.629 0
    endloop
  endfacet
  facet normal 0 1 -0
    outer loop
      vertex 263.675 -111.775 0
      vertex 250.675 -111.775 1.5
      vertex 263.675 -111.775 1.5
    endloop
  endfacet
  facet normal 0 1 0
    outer loop
      vertex 250.675 -111.775 1.5
      vertex 263.675 -111.775 0
      vertex 250.675 -111.775 0
    endloop
  endfacet
  facet normal -0.382198 0.924081 0
    outer loop
      vertex 264.028 -111.629 0
      vertex 263.675 -111.775 1.5
      vertex 264.028 -111.629 1.5
    endloop
  endfacet
  facet normal -0.382198 0.924081 0
    outer loop
      vertex 263.675 -111.775 1.5
      vertex 264.028 -111.629 0
      vertex 263.675 -111.775 0
    endloop
  endfacet
  facet normal -0.923539 0.383504 0
    outer loop
      vertex 283.078 -111.629 0
      vertex 283.225 -111.275 1.5
      vertex 283.225 -111.275 0
    endloop
  endfacet
  facet normal -0.923539 0.383504 0
    outer loop
      vertex 283.225 -111.275 1.5
      vertex 283.078 -111.629 0
      vertex 283.078 -111.629 1.5
    endloop
  endfacet
  facet normal -1 0 0
    outer loop
      vertex 283.225 -111.275 0
      vertex 283.225 -98.2754 1.5
      vertex 283.225 -98.2754 0
    endloop
  endfacet
  facet normal -1 -0 0
    outer loop
      vertex 283.225 -98.2754 1.5
      vertex 283.225 -111.275 0
      vertex 283.225 -111.275 1.5
    endloop
  endfacet
  facet normal -0.923347 -0.383966 0
    outer loop
      vertex 283.225 -98.2754 0
      vertex 283.078 -97.9219 1.5
      vertex 283.078 -97.9219 0
    endloop
  endfacet
  facet normal -0.923347 -0.383966 0
    outer loop
      vertex 283.078 -97.9219 1.5
      vertex 283.225 -98.2754 0
      vertex 283.225 -98.2754 1.5
    endloop
  endfacet
  facet normal -0.383315 -0.923618 0
    outer loop
      vertex 282.725 -97.7754 0
      vertex 283.078 -97.9219 1.5
      vertex 282.725 -97.7754 1.5
    endloop
  endfacet
  facet normal -0.383315 -0.923618 -0
    outer loop
      vertex 283.078 -97.9219 1.5
      vertex 282.725 -97.7754 0
      vertex 283.078 -97.9219 0
    endloop
  endfacet
  facet normal 0 -1 0
    outer loop
      vertex 269.725 -97.7754 0
      vertex 282.725 -97.7754 1.5
      vertex 269.725 -97.7754 1.5
    endloop
  endfacet
  facet normal 0 -1 -0
    outer loop
      vertex 282.725 -97.7754 1.5
      vertex 269.725 -97.7754 0
      vertex 282.725 -97.7754 0
    endloop
  endfacet
  facet normal 0.38239 -0.924001 0
    outer loop
      vertex 269.371 -97.9219 0
      vertex 269.725 -97.7754 1.5
      vertex 269.371 -97.9219 1.5
    endloop
  endfacet
  facet normal 0.38239 -0.924001 0
    outer loop
      vertex 269.725 -97.7754 1.5
      vertex 269.371 -97.9219 0
      vertex 269.725 -97.7754 0
    endloop
  endfacet
  facet normal 0.924271 -0.381736 0
    outer loop
      vertex 269.225 -98.2754 1.5
      vertex 269.371 -97.9219 0
      vertex 269.371 -97.9219 1.5
    endloop
  endfacet
  facet normal 0.924271 -0.381736 0
    outer loop
      vertex 269.371 -97.9219 0
      vertex 269.225 -98.2754 1.5
      vertex 269.225 -98.2754 0
    endloop
  endfacet
  facet normal 1 -0 0
    outer loop
      vertex 269.225 -111.275 1.5
      vertex 269.225 -98.2754 0
      vertex 269.225 -98.2754 1.5
    endloop
  endfacet
  facet normal 1 0 0
    outer loop
      vertex 269.225 -98.2754 0
      vertex 269.225 -111.275 1.5
      vertex 269.225 -111.275 0
    endloop
  endfacet
  facet normal 0.924462 0.381275 0
    outer loop
      vertex 269.371 -111.629 1.5
      vertex 269.225 -111.275 0
      vertex 269.225 -111.275 1.5
    endloop
  endfacet
  facet normal 0.924462 0.381275 0
    outer loop
      vertex 269.225 -111.275 0
      vertex 269.371 -111.629 1.5
      vertex 269.371 -111.629 0
    endloop
  endfacet
  facet normal 0.381275 0.924462 -0
    outer loop
      vertex 269.725 -111.775 0
      vertex 269.371 -111.629 1.5
      vertex 269.725 -111.775 1.5
    endloop
  endfacet
  facet normal 0.381275 0.924462 0
    outer loop
      vertex 269.371 -111.629 1.5
      vertex 269.725 -111.775 0
      vertex 269.371 -111.629 0
    endloop
  endfacet
  facet normal 0 1 -0
    outer loop
      vertex 282.725 -111.775 0
      vertex 269.725 -111.775 1.5
      vertex 282.725 -111.775 1.5
    endloop
  endfacet
  facet normal 0 1 0
    outer loop
      vertex 269.725 -111.775 1.5
      vertex 282.725 -111.775 0
      vertex 269.725 -111.775 0
    endloop
  endfacet
  facet normal -0.382198 0.924081 0
    outer loop
      vertex 283.078 -111.629 0
      vertex 282.725 -111.775 1.5
      vertex 283.078 -111.629 1.5
    endloop
  endfacet
  facet normal -0.382198 0.924081 0
    outer loop
      vertex 282.725 -111.775 1.5
      vertex 283.078 -111.629 0
      vertex 282.725 -111.775 0
    endloop
  endfacet
  facet normal -0.924462 0.381275 0
    outer loop
      vertex 302.129 -111.629 0
      vertex 302.275 -111.275 1.5
      vertex 302.275 -111.275 0
    endloop
  endfacet
  facet normal -0.924462 0.381275 0
    outer loop
      vertex 302.275 -111.275 1.5
      vertex 302.129 -111.629 0
      vertex 302.129 -111.629 1.5
    endloop
  endfacet
  facet normal -1 0 0
    outer loop
      vertex 302.275 -111.275 0
      vertex 302.275 -98.2754 1.5
      vertex 302.275 -98.2754 0
    endloop
  endfacet
  facet normal -1 -0 0
    outer loop
      vertex 302.275 -98.2754 1.5
      vertex 302.275 -111.275 0
      vertex 302.275 -111.275 1.5
    endloop
  endfacet
  facet normal -0.924271 -0.381736 0
    outer loop
      vertex 302.275 -98.2754 0
      vertex 302.129 -97.9219 1.5
      vertex 302.129 -97.9219 0
    endloop
  endfacet
  facet normal -0.924271 -0.381736 0
    outer loop
      vertex 302.129 -97.9219 1.5
      vertex 302.275 -98.2754 0
      vertex 302.275 -98.2754 1.5
    endloop
  endfacet
  facet normal -0.38239 -0.924001 0
    outer loop
      vertex 301.775 -97.7754 0
      vertex 302.129 -97.9219 1.5
      vertex 301.775 -97.7754 1.5
    endloop
  endfacet
  facet normal -0.38239 -0.924001 -0
    outer loop
      vertex 302.129 -97.9219 1.5
      vertex 301.775 -97.7754 0
      vertex 302.129 -97.9219 0
    endloop
  endfacet
  facet normal 0 -1 0
    outer loop
      vertex 288.775 -97.7754 0
      vertex 301.775 -97.7754 1.5
      vertex 288.775 -97.7754 1.5
    endloop
  endfacet
  facet normal 0 -1 -0
    outer loop
      vertex 301.775 -97.7754 1.5
      vertex 288.775 -97.7754 0
      vertex 301.775 -97.7754 0
    endloop
  endfacet
  facet normal 0.383315 -0.923618 0
    outer loop
      vertex 288.422 -97.9219 0
      vertex 288.775 -97.7754 1.5
      vertex 288.422 -97.9219 1.5
    endloop
  endfacet
  facet normal 0.383315 -0.923618 0
    outer loop
      vertex 288.775 -97.7754 1.5
      vertex 288.422 -97.9219 0
      vertex 288.775 -97.7754 0
    endloop
  endfacet
  facet normal 0.923347 -0.383966 0
    outer loop
      vertex 288.275 -98.2754 1.5
      vertex 288.422 -97.9219 0
      vertex 288.422 -97.9219 1.5
    endloop
  endfacet
  facet normal 0.923347 -0.383966 0
    outer loop
      vertex 288.422 -97.9219 0
      vertex 288.275 -98.2754 1.5
      vertex 288.275 -98.2754 0
    endloop
  endfacet
  facet normal 1 -0 0
    outer loop
      vertex 288.275 -111.275 1.5
      vertex 288.275 -98.2754 0
      vertex 288.275 -98.2754 1.5
    endloop
  endfacet
  facet normal 1 0 0
    outer loop
      vertex 288.275 -98.2754 0
      vertex 288.275 -111.275 1.5
      vertex 288.275 -111.275 0
    endloop
  endfacet
  facet normal 0.923539 0.383504 0
    outer loop
      vertex 288.422 -111.629 1.5
      vertex 288.275 -111.275 0
      vertex 288.275 -111.275 1.5
    endloop
  endfacet
  facet normal 0.923539 0.383504 0
    outer loop
      vertex 288.275 -111.275 0
      vertex 288.422 -111.629 1.5
      vertex 288.422 -111.629 0
    endloop
  endfacet
  facet normal 0.382198 0.924081 -0
    outer loop
      vertex 288.775 -111.775 0
      vertex 288.422 -111.629 1.5
      vertex 288.775 -111.775 1.5
    endloop
  endfacet
  facet normal 0.382198 0.924081 0
    outer loop
      vertex 288.422 -111.629 1.5
      vertex 288.775 -111.775 0
      vertex 288.422 -111.629 0
    endloop
  endfacet
  facet normal 0 1 -0
    outer loop
      vertex 301.775 -111.775 0
      vertex 288.775 -111.775 1.5
      vertex 301.775 -111.775 1.5
    endloop
  endfacet
  facet normal 0 1 0
    outer loop
      vertex 288.775 -111.775 1.5
      vertex 301.775 -111.775 0
      vertex 288.775 -111.775 0
    endloop
  endfacet
  facet normal -0.381275 0.924462 0
    outer loop
      vertex 302.129 -111.629 0
      vertex 301.775 -111.775 1.5
      vertex 302.129 -111.629 1.5
    endloop
  endfacet
  facet normal -0.381275 0.924462 0
    outer loop
      vertex 301.775 -111.775 1.5
      vertex 302.129 -111.629 0
      vertex 301.775 -111.775 0
    endloop
  endfacet
  facet normal -0.924001 0.38239 0
    outer loop
      vertex 84.3223 -113.629 0
      vertex 84.4688 -113.275 1.5
      vertex 84.4688 -113.275 0
    endloop
  endfacet
  facet normal -0.924001 0.38239 0
    outer loop
      vertex 84.4688 -113.275 1.5
      vertex 84.3223 -113.629 0
      vertex 84.3223 -113.629 1.5
    endloop
  endfacet
  facet normal -1 0 0
    outer loop
      vertex 84.4688 -113.275 0
      vertex 84.4688 -99.2754 1.5
      vertex 84.4688 -99.2754 0
    endloop
  endfacet
  facet normal -1 -0 0
    outer loop
      vertex 84.4688 -99.2754 1.5
      vertex 84.4688 -113.275 0
      vertex 84.4688 -113.275 1.5
    endloop
  endfacet
  facet normal -0.92381 -0.382852 0
    outer loop
      vertex 84.4688 -99.2754 0
      vertex 84.3223 -98.9219 1.5
      vertex 84.3223 -98.9219 0
    endloop
  endfacet
  facet normal -0.92381 -0.382852 0
    outer loop
      vertex 84.3223 -98.9219 1.5
      vertex 84.4688 -99.2754 0
      vertex 84.4688 -99.2754 1.5
    endloop
  endfacet
  facet normal -0.382852 -0.92381 0
    outer loop
      vertex 83.9688 -98.7754 0
      vertex 84.3223 -98.9219 1.5
      vertex 83.9688 -98.7754 1.5
    endloop
  endfacet
  facet normal -0.382852 -0.92381 -0
    outer loop
      vertex 84.3223 -98.9219 1.5
      vertex 83.9688 -98.7754 0
      vertex 84.3223 -98.9219 0
    endloop
  endfacet
  facet normal 0 -1 0
    outer loop
      vertex 77.9688 -98.7754 0
      vertex 83.9688 -98.7754 1.5
      vertex 77.9688 -98.7754 1.5
    endloop
  endfacet
  facet normal 0 -1 -0
    outer loop
      vertex 83.9688 -98.7754 1.5
      vertex 77.9688 -98.7754 0
      vertex 83.9688 -98.7754 0
    endloop
  endfacet
  facet normal 0.382759 -0.923848 0
    outer loop
      vertex 77.6152 -98.9219 0
      vertex 77.9688 -98.7754 1.5
      vertex 77.6152 -98.9219 1.5
    endloop
  endfacet
  facet normal 0.382759 -0.923848 0
    outer loop
      vertex 77.9688 -98.7754 1.5
      vertex 77.6152 -98.9219 0
      vertex 77.9688 -98.7754 0
    endloop
  endfacet
  facet normal 0.923902 -0.382629 0
    outer loop
      vertex 77.4688 -99.2754 1.5
      vertex 77.6152 -98.9219 0
      vertex 77.6152 -98.9219 1.5
    endloop
  endfacet
  facet normal 0.923902 -0.382629 0
    outer loop
      vertex 77.6152 -98.9219 0
      vertex 77.4688 -99.2754 1.5
      vertex 77.4688 -99.2754 0
    endloop
  endfacet
  facet normal 1 -0 0
    outer loop
      vertex 77.4688 -113.275 1.5
      vertex 77.4688 -99.2754 0
      vertex 77.4688 -99.2754 1.5
    endloop
  endfacet
  facet normal 1 0 0
    outer loop
      vertex 77.4688 -99.2754 0
      vertex 77.4688 -113.275 1.5
      vertex 77.4688 -113.275 0
    endloop
  endfacet
  facet normal 0.924093 0.382167 0
    outer loop
      vertex 77.6152 -113.629 1.5
      vertex 77.4688 -113.275 0
      vertex 77.4688 -113.275 1.5
    endloop
  endfacet
  facet normal 0.924093 0.382167 0
    outer loop
      vertex 77.4688 -113.275 0
      vertex 77.6152 -113.629 1.5
      vertex 77.6152 -113.629 0
    endloop
  endfacet
  facet normal 0.381644 0.92431 -0
    outer loop
      vertex 77.9688 -113.775 0
      vertex 77.6152 -113.629 1.5
      vertex 77.9688 -113.775 1.5
    endloop
  endfacet
  facet normal 0.381644 0.92431 0
    outer loop
      vertex 77.6152 -113.629 1.5
      vertex 77.9688 -113.775 0
      vertex 77.6152 -113.629 0
    endloop
  endfacet
  facet normal 0 1 -0
    outer loop
      vertex 83.9688 -113.775 0
      vertex 77.9688 -113.775 1.5
      vertex 83.9688 -113.775 1.5
    endloop
  endfacet
  facet normal 0 1 0
    outer loop
      vertex 77.9688 -113.775 1.5
      vertex 83.9688 -113.775 0
      vertex 77.9688 -113.775 0
    endloop
  endfacet
  facet normal -0.381736 0.924271 0
    outer loop
      vertex 84.3223 -113.629 0
      vertex 83.9688 -113.775 1.5
      vertex 84.3223 -113.629 1.5
    endloop
  endfacet
  facet normal -0.381736 0.924271 0
    outer loop
      vertex 83.9688 -113.775 1.5
      vertex 84.3223 -113.629 0
      vertex 83.9688 -113.775 0
    endloop
  endfacet
  facet normal -0.923539 0.383504 0
    outer loop
      vertex 184.322 -113.629 0
      vertex 184.469 -113.275 1.5
      vertex 184.469 -113.275 0
    endloop
  endfacet
  facet normal -0.923539 0.383504 0
    outer loop
      vertex 184.469 -113.275 1.5
      vertex 184.322 -113.629 0
      vertex 184.322 -113.629 1.5
    endloop
  endfacet
  facet normal -1 0 0
    outer loop
      vertex 184.469 -113.275 0
      vertex 184.469 -99.2754 1.5
      vertex 184.469 -99.2754 0
    endloop
  endfacet
  facet normal -1 -0 0
    outer loop
      vertex 184.469 -99.2754 1.5
      vertex 184.469 -113.275 0
      vertex 184.469 -113.275 1.5
    endloop
  endfacet
  facet normal -0.923347 -0.383966 0
    outer loop
      vertex 184.469 -99.2754 0
      vertex 184.322 -98.9219 1.5
      vertex 184.322 -98.9219 0
    endloop
  endfacet
  facet normal -0.923347 -0.383966 0
    outer loop
      vertex 184.322 -98.9219 1.5
      vertex 184.469 -99.2754 0
      vertex 184.469 -99.2754 1.5
    endloop
  endfacet
  facet normal -0.383315 -0.923618 0
    outer loop
      vertex 183.969 -98.7754 0
      vertex 184.322 -98.9219 1.5
      vertex 183.969 -98.7754 1.5
    endloop
  endfacet
  facet normal -0.383315 -0.923618 -0
    outer loop
      vertex 184.322 -98.9219 1.5
      vertex 183.969 -98.7754 0
      vertex 184.322 -98.9219 0
    endloop
  endfacet
  facet normal 0 -1 0
    outer loop
      vertex 177.969 -98.7754 0
      vertex 183.969 -98.7754 1.5
      vertex 177.969 -98.7754 1.5
    endloop
  endfacet
  facet normal 0 -1 -0
    outer loop
      vertex 183.969 -98.7754 1.5
      vertex 177.969 -98.7754 0
      vertex 183.969 -98.7754 0
    endloop
  endfacet
  facet normal 0.38239 -0.924001 0
    outer loop
      vertex 177.615 -98.9219 0
      vertex 177.969 -98.7754 1.5
      vertex 177.615 -98.9219 1.5
    endloop
  endfacet
  facet normal 0.38239 -0.924001 0
    outer loop
      vertex 177.969 -98.7754 1.5
      vertex 177.615 -98.9219 0
      vertex 177.969 -98.7754 0
    endloop
  endfacet
  facet normal 0.924271 -0.381736 0
    outer loop
      vertex 177.469 -99.2754 1.5
      vertex 177.615 -98.9219 0
      vertex 177.615 -98.9219 1.5
    endloop
  endfacet
  facet normal 0.924271 -0.381736 0
    outer loop
      vertex 177.615 -98.9219 0
      vertex 177.469 -99.2754 1.5
      vertex 177.469 -99.2754 0
    endloop
  endfacet
  facet normal 1 -0 0
    outer loop
      vertex 177.469 -113.275 1.5
      vertex 177.469 -99.2754 0
      vertex 177.469 -99.2754 1.5
    endloop
  endfacet
  facet normal 1 0 0
    outer loop
      vertex 177.469 -99.2754 0
      vertex 177.469 -113.275 1.5
      vertex 177.469 -113.275 0
    endloop
  endfacet
  facet normal 0.924462 0.381275 0
    outer loop
      vertex 177.615 -113.629 1.5
      vertex 177.469 -113.275 0
      vertex 177.469 -113.275 1.5
    endloop
  endfacet
  facet normal 0.924462 0.381275 0
    outer loop
      vertex 177.469 -113.275 0
      vertex 177.615 -113.629 1.5
      vertex 177.615 -113.629 0
    endloop
  endfacet
  facet normal 0.381275 0.924462 -0
    outer loop
      vertex 177.969 -113.775 0
      vertex 177.615 -113.629 1.5
      vertex 177.969 -113.775 1.5
    endloop
  endfacet
  facet normal 0.381275 0.924462 0
    outer loop
      vertex 177.615 -113.629 1.5
      vertex 177.969 -113.775 0
      vertex 177.615 -113.629 0
    endloop
  endfacet
  facet normal 0 1 -0
    outer loop
      vertex 183.969 -113.775 0
      vertex 177.969 -113.775 1.5
      vertex 183.969 -113.775 1.5
    endloop
  endfacet
  facet normal 0 1 0
    outer loop
      vertex 177.969 -113.775 1.5
      vertex 183.969 -113.775 0
      vertex 177.969 -113.775 0
    endloop
  endfacet
  facet normal -0.382198 0.924081 0
    outer loop
      vertex 184.322 -113.629 0
      vertex 183.969 -113.775 1.5
      vertex 184.322 -113.629 1.5
    endloop
  endfacet
  facet normal -0.382198 0.924081 0
    outer loop
      vertex 183.969 -113.775 1.5
      vertex 184.322 -113.629 0
      vertex 183.969 -113.775 0
    endloop
  endfacet
  facet normal 0 0 1
    outer loop
      vertex 307.287 3.28737 6.499
      vertex 306.798 2 6.499
      vertex 307.287 -3.96 6.499
    endloop
  endfacet
  facet normal 0 0 1
    outer loop
      vertex 307.287 3.28737 6.499
      vertex -2 2 6.499
      vertex 306.798 2 6.499
    endloop
  endfacet
  facet normal 0 0 1
    outer loop
      vertex -2 2 6.499
      vertex -3.28737 3.28737 6.499
      vertex -2 -116.3 6.499
    endloop
  endfacet
  facet normal -0 0 1
    outer loop
      vertex -3.28737 3.28737 6.499
      vertex -2 2 6.499
      vertex 307.287 3.28737 6.499
    endloop
  endfacet
  facet normal 0 0 1
    outer loop
      vertex 307.287 -3.96 6.499
      vertex 306.798 2 6.499
      vertex 306.798 -3.96 6.499
    endloop
  endfacet
  facet normal 0 0 1
    outer loop
      vertex 306.798 -116.3 6.499
      vertex 307.287 -15.86 6.499
      vertex 306.798 -15.86 6.499
    endloop
  endfacet
  facet normal 0 0 1
    outer loop
      vertex 307.287 -15.86 6.499
      vertex 306.798 -116.3 6.499
      vertex 307.287 -117.587 6.499
    endloop
  endfacet
  facet normal -0 0 1
    outer loop
      vertex -2 -116.3 6.499
      vertex 307.287 -117.587 6.499
      vertex 306.798 -116.3 6.499
    endloop
  endfacet
  facet normal 0 0 1
    outer loop
      vertex -2 -116.3 6.499
      vertex -3.28737 -117.587 6.499
      vertex 307.287 -117.587 6.499
    endloop
  endfacet
  facet normal 0 0 1
    outer loop
      vertex -3.28737 -117.587 6.499
      vertex -2 -116.3 6.499
      vertex -3.28737 3.28737 6.499
    endloop
  endfacet
  facet normal -0.000256 -0.374708 0.927143
    outer loop
      vertex 307.287 -117.587 6.499
      vertex 309.07 -120.301 5.40262
      vertex 309.536 -119.836 5.59068
    endloop
  endfacet
  facet normal -8.04511e-05 -0.374609 0.927183
    outer loop
      vertex 309.07 -120.301 5.40262
      vertex 307.287 -117.587 6.499
      vertex 307.93 -120.959 5.13667
    endloop
  endfacet
  facet normal 6.8132e-05 -0.374584 0.927193
    outer loop
      vertex 307.287 -117.587 6.499
      vertex 306.658 -121.3 4.999
      vertex 307.93 -120.959 5.13667
    endloop
  endfacet
  facet normal 0 -0.374575 0.927197
    outer loop
      vertex 307.287 -117.587 6.499
      vertex -2.65826 -121.3 4.999
      vertex 306.658 -121.3 4.999
    endloop
  endfacet
  facet normal 0 -0.374575 0.927197
    outer loop
      vertex -3.28737 -117.587 6.499
      vertex -2.65826 -121.3 4.999
      vertex 307.287 -117.587 6.499
    endloop
  endfacet
  facet normal -6.81511e-05 -0.374584 0.927193
    outer loop
      vertex -3.28737 -117.587 6.499
      vertex -3.92993 -120.959 5.13667
      vertex -2.65826 -121.3 4.999
    endloop
  endfacet
  facet normal 8.04476e-05 -0.374609 0.927183
    outer loop
      vertex -3.28737 -117.587 6.499
      vertex -5.07007 -120.301 5.40262
      vertex -3.92993 -120.959 5.13667
    endloop
  endfacet
  facet normal 0.000256197 -0.374708 0.927143
    outer loop
      vertex -5.07007 -120.301 5.40262
      vertex -3.28737 -117.587 6.499
      vertex -5.53553 -119.836 5.59068
    endloop
  endfacet
  facet normal 2.86817e-06 0.374606 0.927184
    outer loop
      vertex 307.287 3.28737 6.499
      vertex 309.07 6.001 5.40262
      vertex 307.93 6.65926 5.13667
    endloop
  endfacet
  facet normal 2.98401e-06 0.374606 0.927184
    outer loop
      vertex 309.07 6.001 5.40262
      vertex 307.287 3.28737 6.499
      vertex 309.536 5.53553 5.59068
    endloop
  endfacet
  facet normal -1.59848e-06 0.374606 0.927184
    outer loop
      vertex 306.658 7 4.999
      vertex 307.287 3.28737 6.499
      vertex 307.93 6.65926 5.13667
    endloop
  endfacet
  facet normal -0 0.374607 0.927184
    outer loop
      vertex -2.65826 7 4.999
      vertex 307.287 3.28737 6.499
      vertex 306.658 7 4.999
    endloop
  endfacet
  facet normal 0 0.374607 0.927184
    outer loop
      vertex -2.65826 7 4.999
      vertex -3.28737 3.28737 6.499
      vertex 307.287 3.28737 6.499
    endloop
  endfacet
  facet normal 1.59893e-06 0.374606 0.927184
    outer loop
      vertex -3.92993 6.65926 5.13667
      vertex -3.28737 3.28737 6.499
      vertex -2.65826 7 4.999
    endloop
  endfacet
  facet normal -2.86805e-06 0.374606 0.927184
    outer loop
      vertex -5.07007 6.001 5.40262
      vertex -3.28737 3.28737 6.499
      vertex -3.92993 6.65926 5.13667
    endloop
  endfacet
  facet normal -2.9863e-06 0.374606 0.927184
    outer loop
      vertex -3.28737 3.28737 6.499
      vertex -5.07007 6.001 5.40262
      vertex -5.53553 5.53553 5.59068
    endloop
  endfacet
  facet normal 0.374584 6.81511e-05 0.927193
    outer loop
      vertex 307.287 3.28737 6.499
      vertex 311 2.65826 4.999
      vertex 310.659 3.92993 5.13667
    endloop
  endfacet
  facet normal 0.374609 -8.04476e-05 0.927183
    outer loop
      vertex 307.287 3.28737 6.499
      vertex 310.659 3.92993 5.13667
      vertex 310.001 5.07007 5.40262
    endloop
  endfacet
  facet normal 0.374708 -0.000256197 0.927143
    outer loop
      vertex 307.287 3.28737 6.499
      vertex 310.001 5.07007 5.40262
      vertex 309.536 5.53553 5.59068
    endloop
  endfacet
  facet normal 0.374575 -0 0.927197
    outer loop
      vertex 307.287 -3.96 6.499
      vertex 311 2.65826 4.999
      vertex 307.287 3.28737 6.499
    endloop
  endfacet
  facet normal 0.374575 0 0.927197
    outer loop
      vertex 311 2.65826 4.999
      vertex 307.287 -3.96 6.499
      vertex 311 -3.96 4.999
    endloop
  endfacet
  facet normal 0.374575 0 0.927197
    outer loop
      vertex 307.287 -15.86 6.499
      vertex 311 -116.958 4.999
      vertex 311 -15.86 4.999
    endloop
  endfacet
  facet normal 0.374584 -6.8132e-05 0.927193
    outer loop
      vertex 311 -116.958 4.999
      vertex 307.287 -117.587 6.499
      vertex 310.659 -118.23 5.13667
    endloop
  endfacet
  facet normal 0.374609 8.04511e-05 0.927183
    outer loop
      vertex 310.659 -118.23 5.13667
      vertex 307.287 -117.587 6.499
      vertex 310.001 -119.37 5.40262
    endloop
  endfacet
  facet normal 0.374575 0 0.927197
    outer loop
      vertex 311 -116.958 4.999
      vertex 307.287 -15.86 6.499
      vertex 307.287 -117.587 6.499
    endloop
  endfacet
  facet normal 0.374708 0.000256 0.927143
    outer loop
      vertex 310.001 -119.37 5.40262
      vertex 307.287 -117.587 6.499
      vertex 309.536 -119.836 5.59068
    endloop
  endfacet
  facet normal -0.374606 2.9863e-06 0.927184
    outer loop
      vertex -6.001 5.07007 5.40262
      vertex -3.28737 3.28737 6.499
      vertex -5.53553 5.53553 5.59068
    endloop
  endfacet
  facet normal -0.374607 0 0.927184
    outer loop
      vertex -3.28737 3.28737 6.499
      vertex -7 2.65826 4.999
      vertex -3.28737 -117.587 6.499
    endloop
  endfacet
  facet normal -0.374606 2.86805e-06 0.927184
    outer loop
      vertex -3.28737 3.28737 6.499
      vertex -6.001 5.07007 5.40262
      vertex -6.65926 3.92993 5.13667
    endloop
  endfacet
  facet normal -0.374607 0 0.927184
    outer loop
      vertex -7 -116.958 4.999
      vertex -3.28737 -117.587 6.499
      vertex -7 2.65826 4.999
    endloop
  endfacet
  facet normal -0.374606 -1.59893e-06 0.927184
    outer loop
      vertex -3.28737 3.28737 6.499
      vertex -6.65926 3.92993 5.13667
      vertex -7 2.65826 4.999
    endloop
  endfacet
  facet normal -0.374606 1.59848e-06 0.927184
    outer loop
      vertex -6.65926 -118.23 5.13667
      vertex -3.28737 -117.587 6.499
      vertex -7 -116.958 4.999
    endloop
  endfacet
  facet normal -0.374606 -2.86817e-06 0.927184
    outer loop
      vertex -6.001 -119.37 5.40262
      vertex -3.28737 -117.587 6.499
      vertex -6.65926 -118.23 5.13667
    endloop
  endfacet
  facet normal -0.374606 -2.98401e-06 0.927184
    outer loop
      vertex -3.28737 -117.587 6.499
      vertex -6.001 -119.37 5.40262
      vertex -5.53553 -119.836 5.59068
    endloop
  endfacet
  facet normal -1 0 0
    outer loop
      vertex 306.798 0.765017 1.5
      vertex 306.798 -3.96 1.5
      vertex 306.798 0.765017 3.9991
    endloop
  endfacet
  facet normal -1 0 0
    outer loop
      vertex 306.798 0.765017 3.9991
      vertex 306.798 2 6.499
      vertex 306.798 2 3.9991
    endloop
  endfacet
  facet normal -1 0 0
    outer loop
      vertex 306.798 -3.96 6.499
      vertex 306.798 0.765017 3.9991
      vertex 306.798 -3.96 1.5
    endloop
  endfacet
  facet normal -1 0 0
    outer loop
      vertex 306.798 0.765017 3.9991
      vertex 306.798 -3.96 6.499
      vertex 306.798 2 6.499
    endloop
  endfacet
  facet normal -1 0 0
    outer loop
      vertex 306.798 -115.065 3.9991
      vertex 306.798 -15.86 1.5
      vertex 306.798 -115.065 1.5
    endloop
  endfacet
  facet normal -1 0 0
    outer loop
      vertex 306.798 -15.86 1.5
      vertex 306.798 -115.065 3.9991
      vertex 306.798 -15.86 6.499
    endloop
  endfacet
  facet normal -1 0 0
    outer loop
      vertex 306.798 -116.3 6.499
      vertex 306.798 -115.065 3.9991
      vertex 306.798 -116.3 3.9991
    endloop
  endfacet
  facet normal -1 0 0
    outer loop
      vertex 306.798 -115.065 3.9991
      vertex 306.798 -116.3 6.499
      vertex 306.798 -15.86 6.499
    endloop
  endfacet
  facet normal 0 -1 0
    outer loop
      vertex -0.974919 2 1.5
      vertex 304.975 2 3.9991
      vertex -0.974919 2 3.9991
    endloop
  endfacet
  facet normal 0 -1 -0
    outer loop
      vertex 304.975 2 3.9991
      vertex -0.974919 2 1.5
      vertex 304.975 2 1.5
    endloop
  endfacet
  facet normal 0 -1 0
    outer loop
      vertex -0.974919 2 3.9991
      vertex -2 2 6.499
      vertex -2 2 3.9991
    endloop
  endfacet
  facet normal 0 -1 0
    outer loop
      vertex 304.975 2 3.9991
      vertex -2 2 6.499
      vertex -0.974919 2 3.9991
    endloop
  endfacet
  facet normal 0 -1 0
    outer loop
      vertex -2 2 6.499
      vertex 304.975 2 3.9991
      vertex 306.798 2 6.499
    endloop
  endfacet
  facet normal 0 -1 -0
    outer loop
      vertex 306.798 2 6.499
      vertex 304.975 2 3.9991
      vertex 306.798 2 3.9991
    endloop
  endfacet
  facet normal 1 0 0
    outer loop
      vertex -2 2 6.499
      vertex -2 0.963951 3.9991
      vertex -2 2 3.9991
    endloop
  endfacet
  facet normal 1 0 0
    outer loop
      vertex -2 0.963951 3.9991
      vertex -2 -115.264 3.9991
      vertex -2 0.963951 1.5
    endloop
  endfacet
  facet normal 1 0 0
    outer loop
      vertex -2 2 6.499
      vertex -2 -115.264 3.9991
      vertex -2 0.963951 3.9991
    endloop
  endfacet
  facet normal 1 -0 0
    outer loop
      vertex -2 -116.3 6.499
      vertex -2 -115.264 3.9991
      vertex -2 2 6.499
    endloop
  endfacet
  facet normal 1 0 0
    outer loop
      vertex -2 -115.264 3.9991
      vertex -2 -116.3 6.499
      vertex -2 -116.3 3.9991
    endloop
  endfacet
  facet normal 1 0 0
    outer loop
      vertex -2 0.963951 1.5
      vertex -2 -115.264 3.9991
      vertex -2 -115.264 1.5
    endloop
  endfacet
  facet normal 0 1 -0
    outer loop
      vertex 304.975 -116.3 1.5
      vertex -0.974919 -116.3 3.9991
      vertex 304.975 -116.3 3.9991
    endloop
  endfacet
  facet normal 0 1 0
    outer loop
      vertex -0.974919 -116.3 3.9991
      vertex 304.975 -116.3 1.5
      vertex -0.974919 -116.3 1.5
    endloop
  endfacet
  facet normal 0 1 0
    outer loop
      vertex 304.975 -116.3 3.9991
      vertex 306.798 -116.3 6.499
      vertex 306.798 -116.3 3.9991
    endloop
  endfacet
  facet normal 0 1 0
    outer loop
      vertex 306.798 -116.3 6.499
      vertex 304.975 -116.3 3.9991
      vertex -2 -116.3 6.499
    endloop
  endfacet
  facet normal 0 1 -0
    outer loop
      vertex -0.974919 -116.3 3.9991
      vertex -2 -116.3 6.499
      vertex 304.975 -116.3 3.9991
    endloop
  endfacet
  facet normal 0 1 0
    outer loop
      vertex -2 -116.3 6.499
      vertex -0.974919 -116.3 3.9991
      vertex -2 -116.3 3.9991
    endloop
  endfacet
  facet normal 0 1 -0
    outer loop
      vertex -2.27381 0.765017 0
      vertex -3.72619 0.765017 3.9991
      vertex -2.27381 0.765017 3.9991
    endloop
  endfacet
  facet normal 0 1 0
    outer loop
      vertex -3.72619 0.765017 3.9991
      vertex -2.27381 0.765017 0
      vertex -3.72619 0.765017 0
    endloop
  endfacet
  facet normal 0.587783 0.809018 -0
    outer loop
      vertex -3.72619 0.765017 0
      vertex -4.90119 1.6187 3.9991
      vertex -3.72619 0.765017 3.9991
    endloop
  endfacet
  facet normal 0.587783 0.809018 0
    outer loop
      vertex -4.90119 1.6187 3.9991
      vertex -3.72619 0.765017 0
      vertex -4.90119 1.6187 0
    endloop
  endfacet
  facet normal -0.587782 -0.809019 0
    outer loop
      vertex -2.27381 5.23498 0
      vertex -1.09881 4.3813 3.9991
      vertex -2.27381 5.23498 3.9991
    endloop
  endfacet
  facet normal -0.587782 -0.809019 -0
    outer loop
      vertex -1.09881 4.3813 3.9991
      vertex -2.27381 5.23498 0
      vertex -1.09881 4.3813 0
    endloop
  endfacet
  facet normal -0.951057 -0.309016 0
    outer loop
      vertex -0.65 3 0
      vertex -1.09881 4.3813 3.9991
      vertex -1.09881 4.3813 0
    endloop
  endfacet
  facet normal -0.951057 -0.309016 0
    outer loop
      vertex -1.09881 4.3813 3.9991
      vertex -0.65 3 0
      vertex -0.65 3 3.9991
    endloop
  endfacet
  facet normal 0.587782 -0.809019 0
    outer loop
      vertex -4.90119 4.3813 0
      vertex -3.72619 5.23498 3.9991
      vertex -4.90119 4.3813 3.9991
    endloop
  endfacet
  facet normal 0.587782 -0.809019 0
    outer loop
      vertex -3.72619 5.23498 3.9991
      vertex -4.90119 4.3813 0
      vertex -3.72619 5.23498 0
    endloop
  endfacet
  facet normal 0 -1 0
    outer loop
      vertex -3.72619 5.23498 0
      vertex -2.27381 5.23498 3.9991
      vertex -3.72619 5.23498 3.9991
    endloop
  endfacet
  facet normal 0 -1 -0
    outer loop
      vertex -2.27381 5.23498 3.9991
      vertex -3.72619 5.23498 0
      vertex -2.27381 5.23498 0
    endloop
  endfacet
  facet normal 0.951057 0.309016 0
    outer loop
      vertex -4.90119 1.6187 3.9991
      vertex -5.35 3 0
      vertex -5.35 3 3.9991
    endloop
  endfacet
  facet normal 0.951057 0.309016 0
    outer loop
      vertex -5.35 3 0
      vertex -4.90119 1.6187 3.9991
      vertex -4.90119 1.6187 0
    endloop
  endfacet
  facet normal 0.951057 -0.309016 0
    outer loop
      vertex -5.35 3 3.9991
      vertex -4.90119 4.3813 0
      vertex -4.90119 4.3813 3.9991
    endloop
  endfacet
  facet normal 0.951057 -0.309016 0
    outer loop
      vertex -4.90119 4.3813 0
      vertex -5.35 3 3.9991
      vertex -5.35 3 0
    endloop
  endfacet
  facet normal -0.587783 0.809019 0
    outer loop
      vertex -1.09881 1.6187 1.5
      vertex -1.09881 1.6187 0
      vertex -2 0.963951 1.5
    endloop
  endfacet
  facet normal -0.587784 0.809018 0
    outer loop
      vertex -2 0.963951 1.5
      vertex -2.27381 0.765017 3.9991
      vertex -2 0.963951 3.9991
    endloop
  endfacet
  facet normal -0.587784 0.809018 0
    outer loop
      vertex -2 0.963951 1.5
      vertex -2.27381 0.765017 0
      vertex -2.27381 0.765017 3.9991
    endloop
  endfacet
  facet normal -0.587783 0.809018 -2.33075e-07
    outer loop
      vertex -2.27381 0.765017 0
      vertex -2 0.963951 1.5
      vertex -1.09881 1.6187 0
    endloop
  endfacet
  facet normal -0.951057 0.309016 0
    outer loop
      vertex -0.65 3 0
      vertex -0.974919 2 1.5
      vertex -0.65 3 3.9991
    endloop
  endfacet
  facet normal -0.951057 0.309016 -2.82157e-07
    outer loop
      vertex -1.09881 1.6187 0
      vertex -0.974919 2 1.5
      vertex -0.65 3 0
    endloop
  endfacet
  facet normal -0.951057 0.309015 0
    outer loop
      vertex -0.974919 2 1.5
      vertex -1.09881 1.6187 0
      vertex -1.09881 1.6187 1.5
    endloop
  endfacet
  facet normal -0.951057 0.309016 0
    outer loop
      vertex -0.65 3 3.9991
      vertex -0.974919 2 1.5
      vertex -0.974919 2 3.9991
    endloop
  endfacet
  facet normal -0 0 -1
    outer loop
      vertex -2 0.963951 3.9991
      vertex -2.27381 0.765017 3.9991
      vertex -2 2 3.9991
    endloop
  endfacet
  facet normal 0 0 -1
    outer loop
      vertex -2 2 3.9991
      vertex -0.65 3 3.9991
      vertex -0.974919 2 3.9991
    endloop
  endfacet
  facet normal -0 0 -1
    outer loop
      vertex -0.65 3 3.9991
      vertex -2 2 3.9991
      vertex -1.09881 4.3813 3.9991
    endloop
  endfacet
  facet normal 0 0 -1
    outer loop
      vertex -2 2 3.9991
      vertex -2.27381 5.23498 3.9991
      vertex -1.09881 4.3813 3.9991
    endloop
  endfacet
  facet normal 0 0 -1
    outer loop
      vertex -3.72619 0.765017 3.9991
      vertex -2 2 3.9991
      vertex -2.27381 0.765017 3.9991
    endloop
  endfacet
  facet normal 0 0 -1
    outer loop
      vertex -4.90119 1.6187 3.9991
      vertex -2 2 3.9991
      vertex -3.72619 0.765017 3.9991
    endloop
  endfacet
  facet normal 0 0 -1
    outer loop
      vertex -2 2 3.9991
      vertex -3.72619 5.23498 3.9991
      vertex -2.27381 5.23498 3.9991
    endloop
  endfacet
  facet normal 0 0 -1
    outer loop
      vertex -5.35 3 3.9991
      vertex -2 2 3.9991
      vertex -4.90119 1.6187 3.9991
    endloop
  endfacet
  facet normal 0 0 -1
    outer loop
      vertex -2 2 3.9991
      vertex -4.90119 4.3813 3.9991
      vertex -3.72619 5.23498 3.9991
    endloop
  endfacet
  facet normal 0 0 -1
    outer loop
      vertex -2 2 3.9991
      vertex -5.35 3 3.9991
      vertex -4.90119 4.3813 3.9991
    endloop
  endfacet
  facet normal 0.951037 0.309077 0
    outer loop
      vertex -4.90119 -118.681 3.9991
      vertex -5.35 -117.3 0
      vertex -5.35 -117.3 3.9991
    endloop
  endfacet
  facet normal 0.951037 0.309077 0
    outer loop
      vertex -5.35 -117.3 0
      vertex -4.90119 -118.681 3.9991
      vertex -4.90119 -118.681 0
    endloop
  endfacet
  facet normal -0.587912 -0.808925 0
    outer loop
      vertex -2.27381 -115.065 3.9991
      vertex -2 -115.264 1.5
      vertex -2 -115.264 3.9991
    endloop
  endfacet
  facet normal -0.587912 -0.808925 0
    outer loop
      vertex -2.27381 -115.065 0
      vertex -2 -115.264 1.5
      vertex -2.27381 -115.065 3.9991
    endloop
  endfacet
  facet normal -0.587926 -0.808915 4.0113e-06
    outer loop
      vertex -1.09881 -115.919 0
      vertex -2 -115.264 1.5
      vertex -2.27381 -115.065 0
    endloop
  endfacet
  facet normal -0.58793 -0.808911 0
    outer loop
      vertex -2 -115.264 1.5
      vertex -1.09881 -115.919 0
      vertex -1.09881 -115.919 1.5
    endloop
  endfacet
  facet normal -0.950986 -0.309235 0
    outer loop
      vertex -1.09881 -115.919 0
      vertex -0.974919 -116.3 1.5
      vertex -1.09881 -115.919 1.5
    endloop
  endfacet
  facet normal -0.951037 -0.309077 4.44694e-05
    outer loop
      vertex -0.65 -117.3 0
      vertex -0.974919 -116.3 1.5
      vertex -1.09881 -115.919 0
    endloop
  endfacet
  facet normal -0.951057 -0.309016 -0
    outer loop
      vertex -0.65 -117.3 3.9991
      vertex -0.974919 -116.3 1.5
      vertex -0.65 -117.3 0
    endloop
  endfacet
  facet normal -0.951057 -0.309016 0
    outer loop
      vertex -0.974919 -116.3 1.5
      vertex -0.65 -117.3 3.9991
      vertex -0.974919 -116.3 3.9991
    endloop
  endfacet
  facet normal 0 -1 0
    outer loop
      vertex -3.72619 -115.065 0
      vertex -2.27381 -115.065 3.9991
      vertex -3.72619 -115.065 3.9991
    endloop
  endfacet
  facet normal 0 -1 -0
    outer loop
      vertex -2.27381 -115.065 3.9991
      vertex -3.72619 -115.065 0
      vertex -2.27381 -115.065 0
    endloop
  endfacet
  facet normal 0.587926 -0.808915 0
    outer loop
      vertex -4.90119 -115.919 0
      vertex -3.72619 -115.065 3.9991
      vertex -4.90119 -115.919 3.9991
    endloop
  endfacet
  facet normal 0.587926 -0.808915 0
    outer loop
      vertex -3.72619 -115.065 3.9991
      vertex -4.90119 -115.919 0
      vertex -3.72619 -115.065 0
    endloop
  endfacet
  facet normal 0 0 -1
    outer loop
      vertex -2 -116.3 3.9991
      vertex -0.65 -117.3 3.9991
      vertex -1.09881 -118.681 3.9991
    endloop
  endfacet
  facet normal 0 0 -1
    outer loop
      vertex -0.65 -117.3 3.9991
      vertex -2 -116.3 3.9991
      vertex -0.974919 -116.3 3.9991
    endloop
  endfacet
  facet normal 0 0 -1
    outer loop
      vertex -2.27381 -119.535 3.9991
      vertex -2 -116.3 3.9991
      vertex -1.09881 -118.681 3.9991
    endloop
  endfacet
  facet normal 0 0 -1
    outer loop
      vertex -3.72619 -119.535 3.9991
      vertex -2 -116.3 3.9991
      vertex -2.27381 -119.535 3.9991
    endloop
  endfacet
  facet normal 0 0 -1
    outer loop
      vertex -4.90119 -118.681 3.9991
      vertex -2 -116.3 3.9991
      vertex -3.72619 -119.535 3.9991
    endloop
  endfacet
  facet normal 0 0 -1
    outer loop
      vertex -5.35 -117.3 3.9991
      vertex -2 -116.3 3.9991
      vertex -4.90119 -118.681 3.9991
    endloop
  endfacet
  facet normal 0 0 -1
    outer loop
      vertex -2 -116.3 3.9991
      vertex -2.27381 -115.065 3.9991
      vertex -2 -115.264 3.9991
    endloop
  endfacet
  facet normal 0 -0 -1
    outer loop
      vertex -4.90119 -115.919 3.9991
      vertex -2 -116.3 3.9991
      vertex -5.35 -117.3 3.9991
    endloop
  endfacet
  facet normal -0 -0 -1
    outer loop
      vertex -2.27381 -115.065 3.9991
      vertex -2 -116.3 3.9991
      vertex -3.72619 -115.065 3.9991
    endloop
  endfacet
  facet normal 0 -0 -1
    outer loop
      vertex -3.72619 -115.065 3.9991
      vertex -2 -116.3 3.9991
      vertex -4.90119 -115.919 3.9991
    endloop
  endfacet
  facet normal -0.951037 0.309077 0
    outer loop
      vertex -1.09881 -118.681 0
      vertex -0.65 -117.3 3.9991
      vertex -0.65 -117.3 0
    endloop
  endfacet
  facet normal -0.951037 0.309077 0
    outer loop
      vertex -0.65 -117.3 3.9991
      vertex -1.09881 -118.681 0
      vertex -1.09881 -118.681 3.9991
    endloop
  endfacet
  facet normal 0.587926 0.808915 -0
    outer loop
      vertex -3.72619 -119.535 0
      vertex -4.90119 -118.681 3.9991
      vertex -3.72619 -119.535 3.9991
    endloop
  endfacet
  facet normal 0.587926 0.808915 0
    outer loop
      vertex -4.90119 -118.681 3.9991
      vertex -3.72619 -119.535 0
      vertex -4.90119 -118.681 0
    endloop
  endfacet
  facet normal 0 1 -0
    outer loop
      vertex -2.27381 -119.535 0
      vertex -3.72619 -119.535 3.9991
      vertex -2.27381 -119.535 3.9991
    endloop
  endfacet
  facet normal 0 1 0
    outer loop
      vertex -3.72619 -119.535 3.9991
      vertex -2.27381 -119.535 0
      vertex -3.72619 -119.535 0
    endloop
  endfacet
  facet normal -0.587926 0.808915 0
    outer loop
      vertex -1.09881 -118.681 0
      vertex -2.27381 -119.535 3.9991
      vertex -1.09881 -118.681 3.9991
    endloop
  endfacet
  facet normal -0.587926 0.808915 0
    outer loop
      vertex -2.27381 -119.535 3.9991
      vertex -1.09881 -118.681 0
      vertex -2.27381 -119.535 0
    endloop
  endfacet
  facet normal 0.951037 -0.309077 0
    outer loop
      vertex -5.35 -117.3 3.9991
      vertex -4.90119 -115.919 0
      vertex -4.90119 -115.919 3.9991
    endloop
  endfacet
  facet normal 0.951037 -0.309077 0
    outer loop
      vertex -4.90119 -115.919 0
      vertex -5.35 -117.3 3.9991
      vertex -5.35 -117.3 0
    endloop
  endfacet
  facet normal -0.587783 0.809018 0
    outer loop
      vertex 308.901 1.6187 0
      vertex 307.726 0.765017 3.9991
      vertex 308.901 1.6187 3.9991
    endloop
  endfacet
  facet normal -0.587783 0.809018 0
    outer loop
      vertex 307.726 0.765017 3.9991
      vertex 308.901 1.6187 0
      vertex 307.726 0.765017 0
    endloop
  endfacet
  facet normal -0.587782 -0.809019 0
    outer loop
      vertex 307.726 5.23498 0
      vertex 308.901 4.3813 3.9991
      vertex 307.726 5.23498 3.9991
    endloop
  endfacet
  facet normal -0.587782 -0.809019 -0
    outer loop
      vertex 308.901 4.3813 3.9991
      vertex 307.726 5.23498 0
      vertex 308.901 4.3813 0
    endloop
  endfacet
  facet normal -0.951018 -0.309134 0
    outer loop
      vertex 309.35 3 0
      vertex 308.901 4.3813 3.9991
      vertex 308.901 4.3813 0
    endloop
  endfacet
  facet normal -0.951018 -0.309134 0
    outer loop
      vertex 308.901 4.3813 3.9991
      vertex 309.35 3 0
      vertex 309.35 3 3.9991
    endloop
  endfacet
  facet normal 0 1 0
    outer loop
      vertex 307.726 0.765017 3.9991
      vertex 306.798 0.765017 1.5
      vertex 306.798 0.765017 3.9991
    endloop
  endfacet
  facet normal 0 1 -0
    outer loop
      vertex 307.726 0.765017 0
      vertex 306.798 0.765017 1.5
      vertex 307.726 0.765017 3.9991
    endloop
  endfacet
  facet normal 0 1 0
    outer loop
      vertex 306.274 0.765017 0
      vertex 306.798 0.765017 1.5
      vertex 307.726 0.765017 0
    endloop
  endfacet
  facet normal 0 1 0
    outer loop
      vertex 306.798 0.765017 1.5
      vertex 306.274 0.765017 0
      vertex 306.274 0.765017 1.5
    endloop
  endfacet
  facet normal 0.951034 0.309086 -0
    outer loop
      vertex 304.975 2 1.5
      vertex 304.65 3 3.9991
      vertex 304.975 2 3.9991
    endloop
  endfacet
  facet normal 0.951034 0.309086 0
    outer loop
      vertex 304.65 3 3.9991
      vertex 304.975 2 1.5
      vertex 304.65 3 0
    endloop
  endfacet
  facet normal 0.950977 0.309261 -0
    outer loop
      vertex 305.099 1.6187 0
      vertex 304.975 2 1.5
      vertex 305.099 1.6187 1.5
    endloop
  endfacet
  facet normal 0.951018 0.309134 3.55723e-05
    outer loop
      vertex 304.975 2 1.5
      vertex 305.099 1.6187 0
      vertex 304.65 3 0
    endloop
  endfacet
  facet normal 0.951018 -0.309134 0
    outer loop
      vertex 304.65 3 3.9991
      vertex 305.099 4.3813 0
      vertex 305.099 4.3813 3.9991
    endloop
  endfacet
  facet normal 0.951018 -0.309134 0
    outer loop
      vertex 305.099 4.3813 0
      vertex 304.65 3 3.9991
      vertex 304.65 3 0
    endloop
  endfacet
  facet normal -0.951018 0.309134 0
    outer loop
      vertex 308.901 1.6187 0
      vertex 309.35 3 3.9991
      vertex 309.35 3 0
    endloop
  endfacet
  facet normal -0.951018 0.309134 0
    outer loop
      vertex 309.35 3 3.9991
      vertex 308.901 1.6187 0
      vertex 308.901 1.6187 3.9991
    endloop
  endfacet
  facet normal 0 -1 0
    outer loop
      vertex 306.274 5.23498 0
      vertex 307.726 5.23498 3.9991
      vertex 306.274 5.23498 3.9991
    endloop
  endfacet
  facet normal 0 -1 -0
    outer loop
      vertex 307.726 5.23498 3.9991
      vertex 306.274 5.23498 0
      vertex 307.726 5.23498 0
    endloop
  endfacet
  facet normal 0 0 -1
    outer loop
      vertex 306.798 2 3.9991
      vertex 309.35 3 3.9991
      vertex 308.901 1.6187 3.9991
    endloop
  endfacet
  facet normal 0 0 -1
    outer loop
      vertex 306.798 2 3.9991
      vertex 308.901 1.6187 3.9991
      vertex 307.726 0.765017 3.9991
    endloop
  endfacet
  facet normal -0 0 -1
    outer loop
      vertex 309.35 3 3.9991
      vertex 306.798 2 3.9991
      vertex 308.901 4.3813 3.9991
    endloop
  endfacet
  facet normal 0 0 -1
    outer loop
      vertex 306.798 2 3.9991
      vertex 307.726 0.765017 3.9991
      vertex 306.798 0.765017 3.9991
    endloop
  endfacet
  facet normal -0 0 -1
    outer loop
      vertex 308.901 4.3813 3.9991
      vertex 306.798 2 3.9991
      vertex 307.726 5.23498 3.9991
    endloop
  endfacet
  facet normal 0 0 -1
    outer loop
      vertex 306.798 2 3.9991
      vertex 306.274 5.23498 3.9991
      vertex 307.726 5.23498 3.9991
    endloop
  endfacet
  facet normal 0 0 -1
    outer loop
      vertex 306.798 2 3.9991
      vertex 305.099 4.3813 3.9991
      vertex 306.274 5.23498 3.9991
    endloop
  endfacet
  facet normal 0 0 -1
    outer loop
      vertex 304.65 3 3.9991
      vertex 306.798 2 3.9991
      vertex 304.975 2 3.9991
    endloop
  endfacet
  facet normal 0 0 -1
    outer loop
      vertex 306.798 2 3.9991
      vertex 304.65 3 3.9991
      vertex 305.099 4.3813 3.9991
    endloop
  endfacet
  facet normal 0.587783 0.809018 -0
    outer loop
      vertex 306.274 0.765017 0
      vertex 305.099 1.6187 1.5
      vertex 306.274 0.765017 1.5
    endloop
  endfacet
  facet normal 0.587783 0.809018 0
    outer loop
      vertex 305.099 1.6187 1.5
      vertex 306.274 0.765017 0
      vertex 305.099 1.6187 0
    endloop
  endfacet
  facet normal 0.587782 -0.809019 0
    outer loop
      vertex 305.099 4.3813 0
      vertex 306.274 5.23498 3.9991
      vertex 305.099 4.3813 3.9991
    endloop
  endfacet
  facet normal 0.587782 -0.809019 0
    outer loop
      vertex 306.274 5.23498 3.9991
      vertex 305.099 4.3813 0
      vertex 306.274 5.23498 0
    endloop
  endfacet
  facet normal 0.950999 0.309195 0
    outer loop
      vertex 305.099 -118.681 3.9991
      vertex 304.65 -117.3 0
      vertex 304.65 -117.3 3.9991
    endloop
  endfacet
  facet normal 0.950999 0.309195 0
    outer loop
      vertex 304.65 -117.3 0
      vertex 305.099 -118.681 3.9991
      vertex 305.099 -118.681 0
    endloop
  endfacet
  facet normal -0.587926 -0.808915 0
    outer loop
      vertex 307.726 -115.065 0
      vertex 308.901 -115.919 3.9991
      vertex 307.726 -115.065 3.9991
    endloop
  endfacet
  facet normal -0.587926 -0.808915 -0
    outer loop
      vertex 308.901 -115.919 3.9991
      vertex 307.726 -115.065 0
      vertex 308.901 -115.919 0
    endloop
  endfacet
  facet normal -0.950999 -0.309195 0
    outer loop
      vertex 309.35 -117.3 0
      vertex 308.901 -115.919 3.9991
      vertex 308.901 -115.919 0
    endloop
  endfacet
  facet normal -0.950999 -0.309195 0
    outer loop
      vertex 308.901 -115.919 3.9991
      vertex 309.35 -117.3 0
      vertex 309.35 -117.3 3.9991
    endloop
  endfacet
  facet normal 0 -1 0
    outer loop
      vertex 306.274 -115.065 1.5
      vertex 306.274 -115.065 0
      vertex 306.798 -115.065 1.5
    endloop
  endfacet
  facet normal 0 -1 0
    outer loop
      vertex 306.798 -115.065 1.5
      vertex 307.726 -115.065 3.9991
      vertex 306.798 -115.065 3.9991
    endloop
  endfacet
  facet normal 0 -1 0
    outer loop
      vertex 307.726 -115.065 0
      vertex 306.798 -115.065 1.5
      vertex 306.274 -115.065 0
    endloop
  endfacet
  facet normal 0 -1 0
    outer loop
      vertex 306.798 -115.065 1.5
      vertex 307.726 -115.065 0
      vertex 307.726 -115.065 3.9991
    endloop
  endfacet
  facet normal 0.587926 -0.808915 0
    outer loop
      vertex 305.099 -115.919 0
      vertex 306.274 -115.065 1.5
      vertex 305.099 -115.919 1.5
    endloop
  endfacet
  facet normal 0.587926 -0.808915 0
    outer loop
      vertex 306.274 -115.065 1.5
      vertex 305.099 -115.919 0
      vertex 306.274 -115.065 0
    endloop
  endfacet
  facet normal 0 0 -1
    outer loop
      vertex 306.798 -116.3 3.9991
      vertex 309.35 -117.3 3.9991
      vertex 308.901 -118.681 3.9991
    endloop
  endfacet
  facet normal 0 0 -1
    outer loop
      vertex 306.798 -116.3 3.9991
      vertex 308.901 -118.681 3.9991
      vertex 307.726 -119.535 3.9991
    endloop
  endfacet
  facet normal 0 0 -1
    outer loop
      vertex 309.35 -117.3 3.9991
      vertex 306.798 -116.3 3.9991
      vertex 308.901 -115.919 3.9991
    endloop
  endfacet
  facet normal -0 0 -1
    outer loop
      vertex 308.901 -115.919 3.9991
      vertex 306.798 -116.3 3.9991
      vertex 307.726 -115.065 3.9991
    endloop
  endfacet
  facet normal 0 0 -1
    outer loop
      vertex 306.274 -119.535 3.9991
      vertex 306.798 -116.3 3.9991
      vertex 307.726 -119.535 3.9991
    endloop
  endfacet
  facet normal 0 0 -1
    outer loop
      vertex 305.099 -118.681 3.9991
      vertex 306.798 -116.3 3.9991
      vertex 306.274 -119.535 3.9991
    endloop
  endfacet
  facet normal 0 0 -1
    outer loop
      vertex 304.65 -117.3 3.9991
      vertex 306.798 -116.3 3.9991
      vertex 305.099 -118.681 3.9991
    endloop
  endfacet
  facet normal -0 0 -1
    outer loop
      vertex 306.798 -116.3 3.9991
      vertex 304.65 -117.3 3.9991
      vertex 304.975 -116.3 3.9991
    endloop
  endfacet
  facet normal -0 0 -1
    outer loop
      vertex 307.726 -115.065 3.9991
      vertex 306.798 -116.3 3.9991
      vertex 306.798 -115.065 3.9991
    endloop
  endfacet
  facet normal -0.950999 0.309195 0
    outer loop
      vertex 308.901 -118.681 0
      vertex 309.35 -117.3 3.9991
      vertex 309.35 -117.3 0
    endloop
  endfacet
  facet normal -0.950999 0.309195 0
    outer loop
      vertex 309.35 -117.3 3.9991
      vertex 308.901 -118.681 0
      vertex 308.901 -118.681 3.9991
    endloop
  endfacet
  facet normal 0.587926 0.808915 -0
    outer loop
      vertex 306.274 -119.535 0
      vertex 305.099 -118.681 3.9991
      vertex 306.274 -119.535 3.9991
    endloop
  endfacet
  facet normal 0.587926 0.808915 0
    outer loop
      vertex 305.099 -118.681 3.9991
      vertex 306.274 -119.535 0
      vertex 305.099 -118.681 0
    endloop
  endfacet
  facet normal 0 1 -0
    outer loop
      vertex 307.726 -119.535 0
      vertex 306.274 -119.535 3.9991
      vertex 307.726 -119.535 3.9991
    endloop
  endfacet
  facet normal 0 1 0
    outer loop
      vertex 306.274 -119.535 3.9991
      vertex 307.726 -119.535 0
      vertex 306.274 -119.535 0
    endloop
  endfacet
  facet normal -0.587926 0.808915 0
    outer loop
      vertex 308.901 -118.681 0
      vertex 307.726 -119.535 3.9991
      vertex 308.901 -118.681 3.9991
    endloop
  endfacet
  facet normal -0.587926 0.808915 0
    outer loop
      vertex 307.726 -119.535 3.9991
      vertex 308.901 -118.681 0
      vertex 307.726 -119.535 0
    endloop
  endfacet
  facet normal 0.951034 -0.309086 0
    outer loop
      vertex 304.975 -116.3 3.9991
      vertex 304.65 -117.3 3.9991
      vertex 304.975 -116.3 1.5
    endloop
  endfacet
  facet normal 0.950906 -0.309481 0
    outer loop
      vertex 304.975 -116.3 1.5
      vertex 305.099 -115.919 0
      vertex 305.099 -115.919 1.5
    endloop
  endfacet
  facet normal 0.951034 -0.309086 0
    outer loop
      vertex 304.65 -117.3 0
      vertex 304.975 -116.3 1.5
      vertex 304.65 -117.3 3.9991
    endloop
  endfacet
  facet normal 0.950999 -0.309195 8.03402e-05
    outer loop
      vertex 304.975 -116.3 1.5
      vertex 304.65 -117.3 0
      vertex 305.099 -115.919 0
    endloop
  endfacet
  facet normal 0 -1 0
    outer loop
      vertex 302.275 -3.96 1.5
      vertex 302.275 -3.96 0
      vertex 306.798 -3.96 1.5
    endloop
  endfacet
  facet normal 0 -1 0
    outer loop
      vertex 306.798 -3.96 1.5
      vertex 307.287 -3.96 6.499
      vertex 306.798 -3.96 6.499
    endloop
  endfacet
  facet normal 0 -1 -0
    outer loop
      vertex 307.287 -3.96 6.499
      vertex 306.798 -3.96 1.5
      vertex 311 -3.96 4.999
    endloop
  endfacet
  facet normal 0 -1 0
    outer loop
      vertex 306.798 -3.96 1.5
      vertex 311 -3.96 0
      vertex 311 -3.96 4.999
    endloop
  endfacet
  facet normal 0 -1 0
    outer loop
      vertex 311 -3.96 0
      vertex 306.798 -3.96 1.5
      vertex 302.275 -3.96 0
    endloop
  endfacet
  facet normal 0 1 0
    outer loop
      vertex 306.798 -15.86 1.5
      vertex 307.287 -15.86 6.499
      vertex 311 -15.86 4.999
    endloop
  endfacet
  facet normal 0 1 0
    outer loop
      vertex 307.287 -15.86 6.499
      vertex 306.798 -15.86 1.5
      vertex 306.798 -15.86 6.499
    endloop
  endfacet
  facet normal 0 1 -0
    outer loop
      vertex 311 -15.86 0
      vertex 306.798 -15.86 1.5
      vertex 311 -15.86 4.999
    endloop
  endfacet
  facet normal 0 1 0
    outer loop
      vertex 302.275 -15.86 0
      vertex 306.798 -15.86 1.5
      vertex 311 -15.86 0
    endloop
  endfacet
  facet normal 0 1 0
    outer loop
      vertex 306.798 -15.86 1.5
      vertex 302.275 -15.86 0
      vertex 302.275 -15.86 1.5
    endloop
  endfacet
endsolid OpenSCAD_Model
